id,title,factionId,faction,activeDeityCount,teamSize,mapId,combatArchitecture,crossFactionRunIns,loreContinuityGuard
"MG-F01-C01-M01","Weigh the Aten Hand-Ray Vestibule: First Crossing","MG-FACTION-001","","1","1","MG-MAP-001","{""loop"": [""Explore"", ""Encounter"", ""1 Deity vs. Multiple Enemies"", ""Victory"", ""Rewards"", ""Upgrade Deity"", ""Explore Further""], ""forbidden"": [""squad combat"", ""team formations"", ""multiple player-controlled Avatars"", ""ally positioning"", ""team turns""], ""readableRule"": ""Legacy schema label says Deity, current fiction label says Deity: exactly one playable god or goddess is controlled in standard battle."", ""playerControlledAvatars"": 1}","{""enabled"": true, ""homeFactionId"": ""MG-FACTION-001"", ""homeFactionName"": ""Aten Ra"", ""eligiblePoolIds"": [""MG-CROSS-RUN-IN-002"", ""MG-CROSS-RUN-IN-003"", ""MG-CROSS-RUN-IN-004"", ""MG-CROSS-RUN-IN-005"", ""MG-CROSS-RUN-IN-006"", ""MG-CROSS-RUN-IN-007""], ""recommendedPoolIds"": [""MG-CROSS-RUN-IN-004"", ""MG-CROSS-RUN-IN-005""], ""rule"": ""Run-ins must have a lore-valid reason: border conflict, Gate pressure, pursuit, oath, contract, trial, defense, corruption response, or event escalation. Never generic faction mixing."", ""oneAvatarVsManyUse"": ""Run-ins add enemy role pressure around the lone Avatar without creating ally units or squad play.""}","{""sourceFactionId"": ""MG-FACTION-001"", ""sourceFactionName"": ""Aten Ra"", ""sourceRealm"": ""The Solar Dominion of Khepra"", ""sourceCultureRule"": ""source culture humans later copied as Egyptian solar myth"", ""preserve"": [""established faction identity"", ""Mythos Gates mythology"", ""Gates and Codex systems"", ""one player-controlled Avatar combat"", ""mobile UE5 zone structure""], ""forbid"": [""replacement factions"", ""generic corridor dungeon conversion"", ""PC-first combat assumptions"", ""generic monster filler"", ""lore rewrites""]}"
"MG-F01-C01-M02","Burn the Aten Hand-Ray Vestibule: Name at the Gate","MG-FACTION-001","","1","1","MG-MAP-002","{""loop"": [""Explore"", ""Encounter"", ""1 Deity vs. Multiple Enemies"", ""Victory"", ""Rewards"", ""Upgrade Deity"", ""Explore Further""], ""forbidden"": [""squad combat"", ""team formations"", ""multiple player-controlled Avatars"", ""ally positioning"", ""team turns""], ""readableRule"": ""Legacy schema label says Deity, current fiction label says Deity: exactly one playable god or goddess is controlled in standard battle."", ""playerControlledAvatars"": 1}","{""enabled"": true, ""homeFactionId"": ""MG-FACTION-001"", ""homeFactionName"": ""Aten Ra"", ""eligiblePoolIds"": [""MG-CROSS-RUN-IN-002"", ""MG-CROSS-RUN-IN-003"", ""MG-CROSS-RUN-IN-004"", ""MG-CROSS-RUN-IN-005"", ""MG-CROSS-RUN-IN-006"", ""MG-CROSS-RUN-IN-007""], ""recommendedPoolIds"": [""MG-CROSS-RUN-IN-005"", ""MG-CROSS-RUN-IN-006""], ""rule"": ""Run-ins must have a lore-valid reason: border conflict, Gate pressure, pursuit, oath, contract, trial, defense, corruption response, or event escalation. Never generic faction mixing."", ""oneAvatarVsManyUse"": ""Run-ins add enemy role pressure around the lone Avatar without creating ally units or squad play.""}","{""sourceFactionId"": ""MG-FACTION-001"", ""sourceFactionName"": ""Aten Ra"", ""sourceRealm"": ""The Solar Dominion of Khepra"", ""sourceCultureRule"": ""source culture humans later copied as Egyptian solar myth"", ""preserve"": [""established faction identity"", ""Mythos Gates mythology"", ""Gates and Codex systems"", ""one player-controlled Avatar combat"", ""mobile UE5 zone structure""], ""forbid"": [""replacement factions"", ""generic corridor dungeon conversion"", ""PC-first combat assumptions"", ""generic monster filler"", ""lore rewrites""]}"
"MG-F01-C01-M03","Restore the Black-Land Silt Crossing: Forward Claim","MG-FACTION-001","","1","1","MG-MAP-007","{""loop"": [""Explore"", ""Encounter"", ""1 Deity vs. Multiple Enemies"", ""Victory"", ""Rewards"", ""Upgrade Deity"", ""Explore Further""], ""forbidden"": [""squad combat"", ""team formations"", ""multiple player-controlled Avatars"", ""ally positioning"", ""team turns""], ""readableRule"": ""Legacy schema label says Deity, current fiction label says Deity: exactly one playable god or goddess is controlled in standard battle."", ""playerControlledAvatars"": 1}","{""enabled"": true, ""homeFactionId"": ""MG-FACTION-001"", ""homeFactionName"": ""Aten Ra"", ""eligiblePoolIds"": [""MG-CROSS-RUN-IN-002"", ""MG-CROSS-RUN-IN-003"", ""MG-CROSS-RUN-IN-004"", ""MG-CROSS-RUN-IN-005"", ""MG-CROSS-RUN-IN-006"", ""MG-CROSS-RUN-IN-007""], ""recommendedPoolIds"": [""MG-CROSS-RUN-IN-006"", ""MG-CROSS-RUN-IN-007""], ""rule"": ""Run-ins must have a lore-valid reason: border conflict, Gate pressure, pursuit, oath, contract, trial, defense, corruption response, or event escalation. Never generic faction mixing."", ""oneAvatarVsManyUse"": ""Run-ins add enemy role pressure around the lone Avatar without creating ally units or squad play.""}","{""sourceFactionId"": ""MG-FACTION-001"", ""sourceFactionName"": ""Aten Ra"", ""sourceRealm"": ""The Solar Dominion of Khepra"", ""sourceCultureRule"": ""source culture humans later copied as Egyptian solar myth"", ""preserve"": [""established faction identity"", ""Mythos Gates mythology"", ""Gates and Codex systems"", ""one player-controlled Avatar combat"", ""mobile UE5 zone structure""], ""forbid"": [""replacement factions"", ""generic corridor dungeon conversion"", ""PC-first combat assumptions"", ""generic monster filler"", ""lore rewrites""]}"
"MG-F01-C01-M04","Judge the Black-Land Silt Crossing: Outer Line","MG-FACTION-001","","1","1","MG-MAP-008","{""loop"": [""Explore"", ""Encounter"", ""1 Deity vs. Multiple Enemies"", ""Victory"", ""Rewards"", ""Upgrade Deity"", ""Explore Further""], ""forbidden"": [""squad combat"", ""team formations"", ""multiple player-controlled Avatars"", ""ally positioning"", ""team turns""], ""readableRule"": ""Legacy schema label says Deity, current fiction label says Deity: exactly one playable god or goddess is controlled in standard battle."", ""playerControlledAvatars"": 1}","{""enabled"": true, ""homeFactionId"": ""MG-FACTION-001"", ""homeFactionName"": ""Aten Ra"", ""eligiblePoolIds"": [""MG-CROSS-RUN-IN-002"", ""MG-CROSS-RUN-IN-003"", ""MG-CROSS-RUN-IN-004"", ""MG-CROSS-RUN-IN-005"", ""MG-CROSS-RUN-IN-006"", ""MG-CROSS-RUN-IN-007""], ""recommendedPoolIds"": [""MG-CROSS-RUN-IN-007"", ""MG-CROSS-RUN-IN-002""], ""rule"": ""Run-ins must have a lore-valid reason: border conflict, Gate pressure, pursuit, oath, contract, trial, defense, corruption response, or event escalation. Never generic faction mixing."", ""oneAvatarVsManyUse"": ""Run-ins add enemy role pressure around the lone Avatar without creating ally units or squad play.""}","{""sourceFactionId"": ""MG-FACTION-001"", ""sourceFactionName"": ""Aten Ra"", ""sourceRealm"": ""The Solar Dominion of Khepra"", ""sourceCultureRule"": ""source culture humans later copied as Egyptian solar myth"", ""preserve"": [""established faction identity"", ""Mythos Gates mythology"", ""Gates and Codex systems"", ""one player-controlled Avatar combat"", ""mobile UE5 zone structure""], ""forbid"": [""replacement factions"", ""generic corridor dungeon conversion"", ""PC-first combat assumptions"", ""generic monster filler"", ""lore rewrites""]}"
"MG-F01-C02-M05","Weigh the Black-Land Silt Crossing: Pressure Break","MG-FACTION-001","","1","1","MG-MAP-001","{""loop"": [""Explore"", ""Encounter"", ""1 Deity vs. Multiple Enemies"", ""Victory"", ""Rewards"", ""Upgrade Deity"", ""Explore Further""], ""forbidden"": [""squad combat"", ""team formations"", ""multiple player-controlled Avatars"", ""ally positioning"", ""team turns""], ""readableRule"": ""Legacy schema label says Deity, current fiction label says Deity: exactly one playable god or goddess is controlled in standard battle."", ""playerControlledAvatars"": 1}","{""enabled"": true, ""homeFactionId"": ""MG-FACTION-001"", ""homeFactionName"": ""Aten Ra"", ""eligiblePoolIds"": [""MG-CROSS-RUN-IN-002"", ""MG-CROSS-RUN-IN-003"", ""MG-CROSS-RUN-IN-004"", ""MG-CROSS-RUN-IN-005"", ""MG-CROSS-RUN-IN-006"", ""MG-CROSS-RUN-IN-007""], ""recommendedPoolIds"": [""MG-CROSS-RUN-IN-003"", ""MG-CROSS-RUN-IN-004""], ""rule"": ""Run-ins must have a lore-valid reason: border conflict, Gate pressure, pursuit, oath, contract, trial, defense, corruption response, or event escalation. Never generic faction mixing."", ""oneAvatarVsManyUse"": ""Run-ins add enemy role pressure around the lone Avatar without creating ally units or squad play.""}","{""sourceFactionId"": ""MG-FACTION-001"", ""sourceFactionName"": ""Aten Ra"", ""sourceRealm"": ""The Solar Dominion of Khepra"", ""sourceCultureRule"": ""source culture humans later copied as Egyptian solar myth"", ""preserve"": [""established faction identity"", ""Mythos Gates mythology"", ""Gates and Codex systems"", ""one player-controlled Avatar combat"", ""mobile UE5 zone structure""], ""forbid"": [""replacement factions"", ""generic corridor dungeon conversion"", ""PC-first combat assumptions"", ""generic monster filler"", ""lore rewrites""]}"
"MG-F01-C02-M06","Burn the Khepri Dawn Loop Chamber: Trial Mechanism","MG-FACTION-001","","1","1","MG-MAP-002","{""loop"": [""Explore"", ""Encounter"", ""1 Deity vs. Multiple Enemies"", ""Victory"", ""Rewards"", ""Upgrade Deity"", ""Explore Further""], ""forbidden"": [""squad combat"", ""team formations"", ""multiple player-controlled Avatars"", ""ally positioning"", ""team turns""], ""readableRule"": ""Legacy schema label says Deity, current fiction label says Deity: exactly one playable god or goddess is controlled in standard battle."", ""playerControlledAvatars"": 1}","{""enabled"": true, ""homeFactionId"": ""MG-FACTION-001"", ""homeFactionName"": ""Aten Ra"", ""eligiblePoolIds"": [""MG-CROSS-RUN-IN-002"", ""MG-CROSS-RUN-IN-003"", ""MG-CROSS-RUN-IN-004"", ""MG-CROSS-RUN-IN-005"", ""MG-CROSS-RUN-IN-006"", ""MG-CROSS-RUN-IN-007""], ""recommendedPoolIds"": [""MG-CROSS-RUN-IN-004"", ""MG-CROSS-RUN-IN-005""], ""rule"": ""Run-ins must have a lore-valid reason: border conflict, Gate pressure, pursuit, oath, contract, trial, defense, corruption response, or event escalation. Never generic faction mixing."", ""oneAvatarVsManyUse"": ""Run-ins add enemy role pressure around the lone Avatar without creating ally units or squad play.""}","{""sourceFactionId"": ""MG-FACTION-001"", ""sourceFactionName"": ""Aten Ra"", ""sourceRealm"": ""The Solar Dominion of Khepra"", ""sourceCultureRule"": ""source culture humans later copied as Egyptian solar myth"", ""preserve"": [""established faction identity"", ""Mythos Gates mythology"", ""Gates and Codex systems"", ""one player-controlled Avatar combat"", ""mobile UE5 zone structure""], ""forbid"": [""replacement factions"", ""generic corridor dungeon conversion"", ""PC-first combat assumptions"", ""generic monster filler"", ""lore rewrites""]}"
"MG-F01-C02-M07","Restore the Khepri Dawn Loop Chamber: Hazard Reading","MG-FACTION-001","","1","1","MG-MAP-007","{""loop"": [""Explore"", ""Encounter"", ""1 Deity vs. Multiple Enemies"", ""Victory"", ""Rewards"", ""Upgrade Deity"", ""Explore Further""], ""forbidden"": [""squad combat"", ""team formations"", ""multiple player-controlled Avatars"", ""ally positioning"", ""team turns""], ""readableRule"": ""Legacy schema label says Deity, current fiction label says Deity: exactly one playable god or goddess is controlled in standard battle."", ""playerControlledAvatars"": 1}","{""enabled"": true, ""homeFactionId"": ""MG-FACTION-001"", ""homeFactionName"": ""Aten Ra"", ""eligiblePoolIds"": [""MG-CROSS-RUN-IN-002"", ""MG-CROSS-RUN-IN-003"", ""MG-CROSS-RUN-IN-004"", ""MG-CROSS-RUN-IN-005"", ""MG-CROSS-RUN-IN-006"", ""MG-CROSS-RUN-IN-007""], ""recommendedPoolIds"": [""MG-CROSS-RUN-IN-005"", ""MG-CROSS-RUN-IN-006""], ""rule"": ""Run-ins must have a lore-valid reason: border conflict, Gate pressure, pursuit, oath, contract, trial, defense, corruption response, or event escalation. Never generic faction mixing."", ""oneAvatarVsManyUse"": ""Run-ins add enemy role pressure around the lone Avatar without creating ally units or squad play.""}","{""sourceFactionId"": ""MG-FACTION-001"", ""sourceFactionName"": ""Aten Ra"", ""sourceRealm"": ""The Solar Dominion of Khepra"", ""sourceCultureRule"": ""source culture humans later copied as Egyptian solar myth"", ""preserve"": [""established faction identity"", ""Mythos Gates mythology"", ""Gates and Codex systems"", ""one player-controlled Avatar combat"", ""mobile UE5 zone structure""], ""forbid"": [""replacement factions"", ""generic corridor dungeon conversion"", ""PC-first combat assumptions"", ""generic monster filler"", ""lore rewrites""]}"
"MG-F01-C02-M08","Judge the Khepri Dawn Loop Chamber: Lughching Law","MG-FACTION-001","","1","1","MG-MAP-008","{""loop"": [""Explore"", ""Encounter"", ""1 Deity vs. Multiple Enemies"", ""Victory"", ""Rewards"", ""Upgrade Deity"", ""Explore Further""], ""forbidden"": [""squad combat"", ""team formations"", ""multiple player-controlled Avatars"", ""ally positioning"", ""team turns""], ""readableRule"": ""Legacy schema label says Deity, current fiction label says Deity: exactly one playable god or goddess is controlled in standard battle."", ""playerControlledAvatars"": 1}","{""enabled"": true, ""homeFactionId"": ""MG-FACTION-001"", ""homeFactionName"": ""Aten Ra"", ""eligiblePoolIds"": [""MG-CROSS-RUN-IN-002"", ""MG-CROSS-RUN-IN-003"", ""MG-CROSS-RUN-IN-004"", ""MG-CROSS-RUN-IN-005"", ""MG-CROSS-RUN-IN-006"", ""MG-CROSS-RUN-IN-007""], ""recommendedPoolIds"": [""MG-CROSS-RUN-IN-006"", ""MG-CROSS-RUN-IN-007""], ""rule"": ""Run-ins must have a lore-valid reason: border conflict, Gate pressure, pursuit, oath, contract, trial, defense, corruption response, or event escalation. Never generic faction mixing."", ""oneAvatarVsManyUse"": ""Run-ins add enemy role pressure around the lone Avatar without creating ally units or squad play.""}","{""sourceFactionId"": ""MG-FACTION-001"", ""sourceFactionName"": ""Aten Ra"", ""sourceRealm"": ""The Solar Dominion of Khepra"", ""sourceCultureRule"": ""source culture humans later copied as Egyptian solar myth"", ""preserve"": [""established faction identity"", ""Mythos Gates mythology"", ""Gates and Codex systems"", ""one player-controlled Avatar combat"", ""mobile UE5 zone structure""], ""forbid"": [""replacement factions"", ""generic corridor dungeon conversion"", ""PC-first combat assumptions"", ""generic monster filler"", ""lore rewrites""]}"
"MG-F01-C03-M09","Weigh the Ma’at Scale Hall: Key Verdict","MG-FACTION-001","","1","1","MG-MAP-001","{""loop"": [""Explore"", ""Encounter"", ""1 Deity vs. Multiple Enemies"", ""Victory"", ""Rewards"", ""Upgrade Deity"", ""Explore Further""], ""forbidden"": [""squad combat"", ""team formations"", ""multiple player-controlled Avatars"", ""ally positioning"", ""team turns""], ""readableRule"": ""Legacy schema label says Deity, current fiction label says Deity: exactly one playable god or goddess is controlled in standard battle."", ""playerControlledAvatars"": 1}","{""enabled"": true, ""homeFactionId"": ""MG-FACTION-001"", ""homeFactionName"": ""Aten Ra"", ""eligiblePoolIds"": [""MG-CROSS-RUN-IN-002"", ""MG-CROSS-RUN-IN-003"", ""MG-CROSS-RUN-IN-004"", ""MG-CROSS-RUN-IN-005"", ""MG-CROSS-RUN-IN-006"", ""MG-CROSS-RUN-IN-007""], ""recommendedPoolIds"": [""MG-CROSS-RUN-IN-002"", ""MG-CROSS-RUN-IN-003""], ""rule"": ""Run-ins must have a lore-valid reason: border conflict, Gate pressure, pursuit, oath, contract, trial, defense, corruption response, or event escalation. Never generic faction mixing."", ""oneAvatarVsManyUse"": ""Run-ins add enemy role pressure around the lone Avatar without creating ally units or squad play.""}","{""sourceFactionId"": ""MG-FACTION-001"", ""sourceFactionName"": ""Aten Ra"", ""sourceRealm"": ""The Solar Dominion of Khepra"", ""sourceCultureRule"": ""source culture humans later copied as Egyptian solar myth"", ""preserve"": [""established faction identity"", ""Mythos Gates mythology"", ""Gates and Codex systems"", ""one player-controlled Avatar combat"", ""mobile UE5 zone structure""], ""forbid"": [""replacement factions"", ""generic corridor dungeon conversion"", ""PC-first combat assumptions"", ""generic monster filler"", ""lore rewrites""]}"
"MG-F01-C03-M10","Burn the Ma’at Scale Hall: Elite Lock","MG-FACTION-001","","1","1","MG-MAP-002","{""loop"": [""Explore"", ""Encounter"", ""1 Deity vs. Multiple Enemies"", ""Victory"", ""Rewards"", ""Upgrade Deity"", ""Explore Further""], ""forbidden"": [""squad combat"", ""team formations"", ""multiple player-controlled Avatars"", ""ally positioning"", ""team turns""], ""readableRule"": ""Legacy schema label says Deity, current fiction label says Deity: exactly one playable god or goddess is controlled in standard battle."", ""playerControlledAvatars"": 1}","{""enabled"": true, ""homeFactionId"": ""MG-FACTION-001"", ""homeFactionName"": ""Aten Ra"", ""eligiblePoolIds"": [""MG-CROSS-RUN-IN-002"", ""MG-CROSS-RUN-IN-003"", ""MG-CROSS-RUN-IN-004"", ""MG-CROSS-RUN-IN-005"", ""MG-CROSS-RUN-IN-006"", ""MG-CROSS-RUN-IN-007""], ""recommendedPoolIds"": [""MG-CROSS-RUN-IN-003"", ""MG-CROSS-RUN-IN-004""], ""rule"": ""Run-ins must have a lore-valid reason: border conflict, Gate pressure, pursuit, oath, contract, trial, defense, corruption response, or event escalation. Never generic faction mixing."", ""oneAvatarVsManyUse"": ""Run-ins add enemy role pressure around the lone Avatar without creating ally units or squad play.""}","{""sourceFactionId"": ""MG-FACTION-001"", ""sourceFactionName"": ""Aten Ra"", ""sourceRealm"": ""The Solar Dominion of Khepra"", ""sourceCultureRule"": ""source culture humans later copied as Egyptian solar myth"", ""preserve"": [""established faction identity"", ""Mythos Gates mythology"", ""Gates and Codex systems"", ""one player-controlled Avatar combat"", ""mobile UE5 zone structure""], ""forbid"": [""replacement factions"", ""generic corridor dungeon conversion"", ""PC-first combat assumptions"", ""generic monster filler"", ""lore rewrites""]}"
"MG-F01-C03-M11","Restore the Ma’at Scale Hall: Warden Duel","MG-FACTION-001","","1","1","MG-MAP-007","{""loop"": [""Explore"", ""Encounter"", ""1 Deity vs. Multiple Enemies"", ""Victory"", ""Rewards"", ""Upgrade Deity"", ""Explore Further""], ""forbidden"": [""squad combat"", ""team formations"", ""multiple player-controlled Avatars"", ""ally positioning"", ""team turns""], ""readableRule"": ""Legacy schema label says Deity, current fiction label says Deity: exactly one playable god or goddess is controlled in standard battle."", ""playerControlledAvatars"": 1}","{""enabled"": true, ""homeFactionId"": ""MG-FACTION-001"", ""homeFactionName"": ""Aten Ra"", ""eligiblePoolIds"": [""MG-CROSS-RUN-IN-002"", ""MG-CROSS-RUN-IN-003"", ""MG-CROSS-RUN-IN-004"", ""MG-CROSS-RUN-IN-005"", ""MG-CROSS-RUN-IN-006"", ""MG-CROSS-RUN-IN-007""], ""recommendedPoolIds"": [""MG-CROSS-RUN-IN-004"", ""MG-CROSS-RUN-IN-005""], ""rule"": ""Run-ins must have a lore-valid reason: border conflict, Gate pressure, pursuit, oath, contract, trial, defense, corruption response, or event escalation. Never generic faction mixing."", ""oneAvatarVsManyUse"": ""Run-ins add enemy role pressure around the lone Avatar without creating ally units or squad play.""}","{""sourceFactionId"": ""MG-FACTION-001"", ""sourceFactionName"": ""Aten Ra"", ""sourceRealm"": ""The Solar Dominion of Khepra"", ""sourceCultureRule"": ""source culture humans later copied as Egyptian solar myth"", ""preserve"": [""established faction identity"", ""Mythos Gates mythology"", ""Gates and Codex systems"", ""one player-controlled Avatar combat"", ""mobile UE5 zone structure""], ""forbid"": [""replacement factions"", ""generic corridor dungeon conversion"", ""PC-first combat assumptions"", ""generic monster filler"", ""lore rewrites""]}"
"MG-F01-C03-M12","Judge the Lion Gate Kill Zone: Lore Price","MG-FACTION-001","","1","1","MG-MAP-008","{""loop"": [""Explore"", ""Encounter"", ""1 Deity vs. Multiple Enemies"", ""Victory"", ""Rewards"", ""Upgrade Deity"", ""Explore Further""], ""forbidden"": [""squad combat"", ""team formations"", ""multiple player-controlled Avatars"", ""ally positioning"", ""team turns""], ""readableRule"": ""Legacy schema label says Deity, current fiction label says Deity: exactly one playable god or goddess is controlled in standard battle."", ""playerControlledAvatars"": 1}","{""enabled"": true, ""homeFactionId"": ""MG-FACTION-001"", ""homeFactionName"": ""Aten Ra"", ""eligiblePoolIds"": [""MG-CROSS-RUN-IN-002"", ""MG-CROSS-RUN-IN-003"", ""MG-CROSS-RUN-IN-004"", ""MG-CROSS-RUN-IN-005"", ""MG-CROSS-RUN-IN-006"", ""MG-CROSS-RUN-IN-007""], ""recommendedPoolIds"": [""MG-CROSS-RUN-IN-005"", ""MG-CROSS-RUN-IN-006""], ""rule"": ""Run-ins must have a lore-valid reason: border conflict, Gate pressure, pursuit, oath, contract, trial, defense, corruption response, or event escalation. Never generic faction mixing."", ""oneAvatarVsManyUse"": ""Run-ins add enemy role pressure around the lone Avatar without creating ally units or squad play.""}","{""sourceFactionId"": ""MG-FACTION-001"", ""sourceFactionName"": ""Aten Ra"", ""sourceRealm"": ""The Solar Dominion of Khepra"", ""sourceCultureRule"": ""source culture humans later copied as Egyptian solar myth"", ""preserve"": [""established faction identity"", ""Mythos Gates mythology"", ""Gates and Codex systems"", ""one player-controlled Avatar combat"", ""mobile UE5 zone structure""], ""forbid"": [""replacement factions"", ""generic corridor dungeon conversion"", ""PC-first combat assumptions"", ""generic monster filler"", ""lore rewrites""]}"
"MG-F01-C04-M13","Weigh the Lion Gate Kill Zone: Relic Detour","MG-FACTION-001","","1","1","MG-MAP-001","{""loop"": [""Explore"", ""Encounter"", ""1 Deity vs. Multiple Enemies"", ""Victory"", ""Rewards"", ""Upgrade Deity"", ""Explore Further""], ""forbidden"": [""squad combat"", ""team formations"", ""multiple player-controlled Avatars"", ""ally positioning"", ""team turns""], ""readableRule"": ""Legacy schema label says Deity, current fiction label says Deity: exactly one playable god or goddess is controlled in standard battle."", ""playerControlledAvatars"": 1}","{""enabled"": true, ""homeFactionId"": ""MG-FACTION-001"", ""homeFactionName"": ""Aten Ra"", ""eligiblePoolIds"": [""MG-CROSS-RUN-IN-002"", ""MG-CROSS-RUN-IN-003"", ""MG-CROSS-RUN-IN-004"", ""MG-CROSS-RUN-IN-005"", ""MG-CROSS-RUN-IN-006"", ""MG-CROSS-RUN-IN-007""], ""recommendedPoolIds"": [""MG-CROSS-RUN-IN-007"", ""MG-CROSS-RUN-IN-002""], ""rule"": ""Run-ins must have a lore-valid reason: border conflict, Gate pressure, pursuit, oath, contract, trial, defense, corruption response, or event escalation. Never generic faction mixing."", ""oneAvatarVsManyUse"": ""Run-ins add enemy role pressure around the lone Avatar without creating ally units or squad play.""}","{""sourceFactionId"": ""MG-FACTION-001"", ""sourceFactionName"": ""Aten Ra"", ""sourceRealm"": ""The Solar Dominion of Khepra"", ""sourceCultureRule"": ""source culture humans later copied as Egyptian solar myth"", ""preserve"": [""established faction identity"", ""Mythos Gates mythology"", ""Gates and Codex systems"", ""one player-controlled Avatar combat"", ""mobile UE5 zone structure""], ""forbid"": [""replacement factions"", ""generic corridor dungeon conversion"", ""PC-first combat assumptions"", ""generic monster filler"", ""lore rewrites""]}"
"MG-F01-C04-M14","Burn the Lion Gate Kill Zone: Hidden Cache","MG-FACTION-001","","1","1","MG-MAP-002","{""loop"": [""Explore"", ""Encounter"", ""1 Deity vs. Multiple Enemies"", ""Victory"", ""Rewards"", ""Upgrade Deity"", ""Explore Further""], ""forbidden"": [""squad combat"", ""team formations"", ""multiple player-controlled Avatars"", ""ally positioning"", ""team turns""], ""readableRule"": ""Legacy schema label says Deity, current fiction label says Deity: exactly one playable god or goddess is controlled in standard battle."", ""playerControlledAvatars"": 1}","{""enabled"": true, ""homeFactionId"": ""MG-FACTION-001"", ""homeFactionName"": ""Aten Ra"", ""eligiblePoolIds"": [""MG-CROSS-RUN-IN-002"", ""MG-CROSS-RUN-IN-003"", ""MG-CROSS-RUN-IN-004"", ""MG-CROSS-RUN-IN-005"", ""MG-CROSS-RUN-IN-006"", ""MG-CROSS-RUN-IN-007""], ""recommendedPoolIds"": [""MG-CROSS-RUN-IN-002"", ""MG-CROSS-RUN-IN-003""], ""rule"": ""Run-ins must have a lore-valid reason: border conflict, Gate pressure, pursuit, oath, contract, trial, defense, corruption response, or event escalation. Never generic faction mixing."", ""oneAvatarVsManyUse"": ""Run-ins add enemy role pressure around the lone Avatar without creating ally units or squad play.""}","{""sourceFactionId"": ""MG-FACTION-001"", ""sourceFactionName"": ""Aten Ra"", ""sourceRealm"": ""The Solar Dominion of Khepra"", ""sourceCultureRule"": ""source culture humans later copied as Egyptian solar myth"", ""preserve"": [""established faction identity"", ""Mythos Gates mythology"", ""Gates and Codex systems"", ""one player-controlled Avatar combat"", ""mobile UE5 zone structure""], ""forbid"": [""replacement factions"", ""generic corridor dungeon conversion"", ""PC-first combat assumptions"", ""generic monster filler"", ""lore rewrites""]}"
"MG-F01-C04-M15","Restore the Hidden-Sun Archive Antechamber: Boss Threshold","MG-FACTION-001","","1","1","MG-MAP-007","{""loop"": [""Explore"", ""Encounter"", ""1 Deity vs. Multiple Enemies"", ""Victory"", ""Rewards"", ""Upgrade Deity"", ""Explore Further""], ""forbidden"": [""squad combat"", ""team formations"", ""multiple player-controlled Avatars"", ""ally positioning"", ""team turns""], ""readableRule"": ""Legacy schema label says Deity, current fiction label says Deity: exactly one playable god or goddess is controlled in standard battle."", ""playerControlledAvatars"": 1}","{""enabled"": true, ""homeFactionId"": ""MG-FACTION-001"", ""homeFactionName"": ""Aten Ra"", ""eligiblePoolIds"": [""MG-CROSS-RUN-IN-002"", ""MG-CROSS-RUN-IN-003"", ""MG-CROSS-RUN-IN-004"", ""MG-CROSS-RUN-IN-005"", ""MG-CROSS-RUN-IN-006"", ""MG-CROSS-RUN-IN-007""], ""recommendedPoolIds"": [""MG-CROSS-RUN-IN-003"", ""MG-CROSS-RUN-IN-004""], ""rule"": ""Run-ins must have a lore-valid reason: border conflict, Gate pressure, pursuit, oath, contract, trial, defense, corruption response, or event escalation. Never generic faction mixing."", ""oneAvatarVsManyUse"": ""Run-ins add enemy role pressure around the lone Avatar without creating ally units or squad play.""}","{""sourceFactionId"": ""MG-FACTION-001"", ""sourceFactionName"": ""Aten Ra"", ""sourceRealm"": ""The Solar Dominion of Khepra"", ""sourceCultureRule"": ""source culture humans later copied as Egyptian solar myth"", ""preserve"": [""established faction identity"", ""Mythos Gates mythology"", ""Gates and Codex systems"", ""one player-controlled Avatar combat"", ""mobile UE5 zone structure""], ""forbid"": [""replacement factions"", ""generic corridor dungeon conversion"", ""PC-first combat assumptions"", ""generic monster filler"", ""lore rewrites""]}"
"MG-F01-C04-M16","Judge the Hidden-Sun Archive Antechamber: Final Approach","MG-FACTION-001","","1","1","MG-MAP-008","{""loop"": [""Explore"", ""Encounter"", ""1 Deity vs. Multiple Enemies"", ""Victory"", ""Rewards"", ""Upgrade Deity"", ""Explore Further""], ""forbidden"": [""squad combat"", ""team formations"", ""multiple player-controlled Avatars"", ""ally positioning"", ""team turns""], ""readableRule"": ""Legacy schema label says Deity, current fiction label says Deity: exactly one playable god or goddess is controlled in standard battle."", ""playerControlledAvatars"": 1}","{""enabled"": true, ""homeFactionId"": ""MG-FACTION-001"", ""homeFactionName"": ""Aten Ra"", ""eligiblePoolIds"": [""MG-CROSS-RUN-IN-002"", ""MG-CROSS-RUN-IN-003"", ""MG-CROSS-RUN-IN-004"", ""MG-CROSS-RUN-IN-005"", ""MG-CROSS-RUN-IN-006"", ""MG-CROSS-RUN-IN-007""], ""recommendedPoolIds"": [""MG-CROSS-RUN-IN-004"", ""MG-CROSS-RUN-IN-005""], ""rule"": ""Run-ins must have a lore-valid reason: border conflict, Gate pressure, pursuit, oath, contract, trial, defense, corruption response, or event escalation. Never generic faction mixing."", ""oneAvatarVsManyUse"": ""Run-ins add enemy role pressure around the lone Avatar without creating ally units or squad play.""}","{""sourceFactionId"": ""MG-FACTION-001"", ""sourceFactionName"": ""Aten Ra"", ""sourceRealm"": ""The Solar Dominion of Khepra"", ""sourceCultureRule"": ""source culture humans later copied as Egyptian solar myth"", ""preserve"": [""established faction identity"", ""Mythos Gates mythology"", ""Gates and Codex systems"", ""one player-controlled Avatar combat"", ""mobile UE5 zone structure""], ""forbid"": [""replacement factions"", ""generic corridor dungeon conversion"", ""PC-first combat assumptions"", ""generic monster filler"", ""lore rewrites""]}"
"MG-F01-C05-M17","Weigh the Hidden-Sun Archive Antechamber: Antechamber Seal","MG-FACTION-001","","1","1","MG-MAP-001","{""loop"": [""Explore"", ""Encounter"", ""1 Deity vs. Multiple Enemies"", ""Victory"", ""Rewards"", ""Upgrade Deity"", ""Explore Further""], ""forbidden"": [""squad combat"", ""team formations"", ""multiple player-controlled Avatars"", ""ally positioning"", ""team turns""], ""readableRule"": ""Legacy schema label says Deity, current fiction label says Deity: exactly one playable god or goddess is controlled in standard battle."", ""playerControlledAvatars"": 1}","{""enabled"": true, ""homeFactionId"": ""MG-FACTION-001"", ""homeFactionName"": ""Aten Ra"", ""eligiblePoolIds"": [""MG-CROSS-RUN-IN-002"", ""MG-CROSS-RUN-IN-003"", ""MG-CROSS-RUN-IN-004"", ""MG-CROSS-RUN-IN-005"", ""MG-CROSS-RUN-IN-006"", ""MG-CROSS-RUN-IN-007""], ""recommendedPoolIds"": [""MG-CROSS-RUN-IN-006"", ""MG-CROSS-RUN-IN-007""], ""rule"": ""Run-ins must have a lore-valid reason: border conflict, Gate pressure, pursuit, oath, contract, trial, defense, corruption response, or event escalation. Never generic faction mixing."", ""oneAvatarVsManyUse"": ""Run-ins add enemy role pressure around the lone Avatar without creating ally units or squad play.""}","{""sourceFactionId"": ""MG-FACTION-001"", ""sourceFactionName"": ""Aten Ra"", ""sourceRealm"": ""The Solar Dominion of Khepra"", ""sourceCultureRule"": ""source culture humans later copied as Egyptian solar myth"", ""preserve"": [""established faction identity"", ""Mythos Gates mythology"", ""Gates and Codex systems"", ""one player-controlled Avatar combat"", ""mobile UE5 zone structure""], ""forbid"": [""replacement factions"", ""generic corridor dungeon conversion"", ""PC-first combat assumptions"", ""generic monster filler"", ""lore rewrites""]}"
"MG-F01-C05-M18","Burn the Noon Court Boss Dais: Ascension Seal","MG-FACTION-001","","1","1","MG-MAP-002","{""loop"": [""Explore"", ""Encounter"", ""1 Deity vs. Multiple Enemies"", ""Victory"", ""Rewards"", ""Upgrade Deity"", ""Explore Further""], ""forbidden"": [""squad combat"", ""team formations"", ""multiple player-controlled Avatars"", ""ally positioning"", ""team turns""], ""readableRule"": ""Legacy schema label says Deity, current fiction label says Deity: exactly one playable god or goddess is controlled in standard battle."", ""playerControlledAvatars"": 1}","{""enabled"": true, ""homeFactionId"": ""MG-FACTION-001"", ""homeFactionName"": ""Aten Ra"", ""eligiblePoolIds"": [""MG-CROSS-RUN-IN-002"", ""MG-CROSS-RUN-IN-003"", ""MG-CROSS-RUN-IN-004"", ""MG-CROSS-RUN-IN-005"", ""MG-CROSS-RUN-IN-006"", ""MG-CROSS-RUN-IN-007""], ""recommendedPoolIds"": [""MG-CROSS-RUN-IN-007"", ""MG-CROSS-RUN-IN-002""], ""rule"": ""Run-ins must have a lore-valid reason: border conflict, Gate pressure, pursuit, oath, contract, trial, defense, corruption response, or event escalation. Never generic faction mixing."", ""oneAvatarVsManyUse"": ""Run-ins add enemy role pressure around the lone Avatar without creating ally units or squad play.""}","{""sourceFactionId"": ""MG-FACTION-001"", ""sourceFactionName"": ""Aten Ra"", ""sourceRealm"": ""The Solar Dominion of Khepra"", ""sourceCultureRule"": ""source culture humans later copied as Egyptian solar myth"", ""preserve"": [""established faction identity"", ""Mythos Gates mythology"", ""Gates and Codex systems"", ""one player-controlled Avatar combat"", ""mobile UE5 zone structure""], ""forbid"": [""replacement factions"", ""generic corridor dungeon conversion"", ""PC-first combat assumptions"", ""generic monster filler"", ""lore rewrites""]}"
"MG-F01-C05-M19","Restore the Noon Court Boss Dais: Boss Chamber","MG-FACTION-001","","1","1","MG-MAP-007","{""loop"": [""Explore"", ""Encounter"", ""1 Deity vs. Multiple Enemies"", ""Victory"", ""Rewards"", ""Upgrade Deity"", ""Explore Further""], ""forbidden"": [""squad combat"", ""team formations"", ""multiple player-controlled Avatars"", ""ally positioning"", ""team turns""], ""readableRule"": ""Legacy schema label says Deity, current fiction label says Deity: exactly one playable god or goddess is controlled in standard battle."", ""playerControlledAvatars"": 1}","{""enabled"": true, ""homeFactionId"": ""MG-FACTION-001"", ""homeFactionName"": ""Aten Ra"", ""eligiblePoolIds"": [""MG-CROSS-RUN-IN-002"", ""MG-CROSS-RUN-IN-003"", ""MG-CROSS-RUN-IN-004"", ""MG-CROSS-RUN-IN-005"", ""MG-CROSS-RUN-IN-006"", ""MG-CROSS-RUN-IN-007""], ""recommendedPoolIds"": [""MG-CROSS-RUN-IN-002"", ""MG-CROSS-RUN-IN-003""], ""rule"": ""Run-ins must have a lore-valid reason: border conflict, Gate pressure, pursuit, oath, contract, trial, defense, corruption response, or event escalation. Never generic faction mixing."", ""oneAvatarVsManyUse"": ""Run-ins add enemy role pressure around the lone Avatar without creating ally units or squad play.""}","{""sourceFactionId"": ""MG-FACTION-001"", ""sourceFactionName"": ""Aten Ra"", ""sourceRealm"": ""The Solar Dominion of Khepra"", ""sourceCultureRule"": ""source culture humans later copied as Egyptian solar myth"", ""preserve"": [""established faction identity"", ""Mythos Gates mythology"", ""Gates and Codex systems"", ""one player-controlled Avatar combat"", ""mobile UE5 zone structure""], ""forbid"": [""replacement factions"", ""generic corridor dungeon conversion"", ""PC-first combat assumptions"", ""generic monster filler"", ""lore rewrites""]}"
"MG-F01-C05-M20","Judge the Noon Court Boss Dais: Gate Verdict","MG-FACTION-001","","1","1","MG-MAP-008","{""loop"": [""Explore"", ""Encounter"", ""1 Deity vs. Multiple Enemies"", ""Victory"", ""Rewards"", ""Upgrade Deity"", ""Explore Further""], ""forbidden"": [""squad combat"", ""team formations"", ""multiple player-controlled Avatars"", ""ally positioning"", ""team turns""], ""readableRule"": ""Legacy schema label says Deity, current fiction label says Deity: exactly one playable god or goddess is controlled in standard battle."", ""playerControlledAvatars"": 1}","{""enabled"": true, ""homeFactionId"": ""MG-FACTION-001"", ""homeFactionName"": ""Aten Ra"", ""eligiblePoolIds"": [""MG-CROSS-RUN-IN-002"", ""MG-CROSS-RUN-IN-003"", ""MG-CROSS-RUN-IN-004"", ""MG-CROSS-RUN-IN-005"", ""MG-CROSS-RUN-IN-006"", ""MG-CROSS-RUN-IN-007""], ""recommendedPoolIds"": [""MG-CROSS-RUN-IN-003"", ""MG-CROSS-RUN-IN-004""], ""rule"": ""Run-ins must have a lore-valid reason: border conflict, Gate pressure, pursuit, oath, contract, trial, defense, corruption response, or event escalation. Never generic faction mixing."", ""oneAvatarVsManyUse"": ""Run-ins add enemy role pressure around the lone Avatar without creating ally units or squad play.""}","{""sourceFactionId"": ""MG-FACTION-001"", ""sourceFactionName"": ""Aten Ra"", ""sourceRealm"": ""The Solar Dominion of Khepra"", ""sourceCultureRule"": ""source culture humans later copied as Egyptian solar myth"", ""preserve"": [""established faction identity"", ""Mythos Gates mythology"", ""Gates and Codex systems"", ""one player-controlled Avatar combat"", ""mobile UE5 zone structure""], ""forbid"": [""replacement factions"", ""generic corridor dungeon conversion"", ""PC-first combat assumptions"", ""generic monster filler"", ""lore rewrites""]}"
"MG-F01-E-C01-M01","Elite: Weigh the Aten Hand-Ray Vestibule: First Crossing","MG-FACTION-001","","1","1","MG-MAP-007","{""loop"": [""Explore"", ""Encounter"", ""1 Deity vs. Multiple Enemies"", ""Victory"", ""Rewards"", ""Upgrade Deity"", ""Explore Further""], ""forbidden"": [""squad combat"", ""team formations"", ""multiple player-controlled Avatars"", ""ally positioning"", ""team turns""], ""readableRule"": ""Legacy schema label says Deity, current fiction label says Deity: exactly one playable god or goddess is controlled in standard battle."", ""playerControlledAvatars"": 1}","{""enabled"": true, ""homeFactionId"": ""MG-FACTION-001"", ""homeFactionName"": ""Aten Ra"", ""eligiblePoolIds"": [""MG-CROSS-RUN-IN-002"", ""MG-CROSS-RUN-IN-003"", ""MG-CROSS-RUN-IN-004"", ""MG-CROSS-RUN-IN-005"", ""MG-CROSS-RUN-IN-006"", ""MG-CROSS-RUN-IN-007""], ""recommendedPoolIds"": [""MG-CROSS-RUN-IN-004"", ""MG-CROSS-RUN-IN-005""], ""rule"": ""Run-ins must have a lore-valid reason: border conflict, Gate pressure, pursuit, oath, contract, trial, defense, corruption response, or event escalation. Never generic faction mixing."", ""oneAvatarVsManyUse"": ""Run-ins add enemy role pressure around the lone Avatar without creating ally units or squad play.""}","{""sourceFactionId"": ""MG-FACTION-001"", ""sourceFactionName"": ""Aten Ra"", ""sourceRealm"": ""The Solar Dominion of Khepra"", ""sourceCultureRule"": ""source culture humans later copied as Egyptian solar myth"", ""preserve"": [""established faction identity"", ""Mythos Gates mythology"", ""Gates and Codex systems"", ""one player-controlled Avatar combat"", ""mobile UE5 zone structure""], ""forbid"": [""replacement factions"", ""generic corridor dungeon conversion"", ""PC-first combat assumptions"", ""generic monster filler"", ""lore rewrites""]}"
"MG-F01-E-C01-M02","Elite: Burn the Aten Hand-Ray Vestibule: Name at the Gate","MG-FACTION-001","","1","1","MG-MAP-008","{""loop"": [""Explore"", ""Encounter"", ""1 Deity vs. Multiple Enemies"", ""Victory"", ""Rewards"", ""Upgrade Deity"", ""Explore Further""], ""forbidden"": [""squad combat"", ""team formations"", ""multiple player-controlled Avatars"", ""ally positioning"", ""team turns""], ""readableRule"": ""Legacy schema label says Deity, current fiction label says Deity: exactly one playable god or goddess is controlled in standard battle."", ""playerControlledAvatars"": 1}","{""enabled"": true, ""homeFactionId"": ""MG-FACTION-001"", ""homeFactionName"": ""Aten Ra"", ""eligiblePoolIds"": [""MG-CROSS-RUN-IN-002"", ""MG-CROSS-RUN-IN-003"", ""MG-CROSS-RUN-IN-004"", ""MG-CROSS-RUN-IN-005"", ""MG-CROSS-RUN-IN-006"", ""MG-CROSS-RUN-IN-007""], ""recommendedPoolIds"": [""MG-CROSS-RUN-IN-005"", ""MG-CROSS-RUN-IN-006""], ""rule"": ""Run-ins must have a lore-valid reason: border conflict, Gate pressure, pursuit, oath, contract, trial, defense, corruption response, or event escalation. Never generic faction mixing."", ""oneAvatarVsManyUse"": ""Run-ins add enemy role pressure around the lone Avatar without creating ally units or squad play.""}","{""sourceFactionId"": ""MG-FACTION-001"", ""sourceFactionName"": ""Aten Ra"", ""sourceRealm"": ""The Solar Dominion of Khepra"", ""sourceCultureRule"": ""source culture humans later copied as Egyptian solar myth"", ""preserve"": [""established faction identity"", ""Mythos Gates mythology"", ""Gates and Codex systems"", ""one player-controlled Avatar combat"", ""mobile UE5 zone structure""], ""forbid"": [""replacement factions"", ""generic corridor dungeon conversion"", ""PC-first combat assumptions"", ""generic monster filler"", ""lore rewrites""]}"
"MG-F01-E-C01-M03","Elite: Restore the Black-Land Silt Crossing: Forward Claim","MG-FACTION-001","","1","1","MG-MAP-001","{""loop"": [""Explore"", ""Encounter"", ""1 Deity vs. Multiple Enemies"", ""Victory"", ""Rewards"", ""Upgrade Deity"", ""Explore Further""], ""forbidden"": [""squad combat"", ""team formations"", ""multiple player-controlled Avatars"", ""ally positioning"", ""team turns""], ""readableRule"": ""Legacy schema label says Deity, current fiction label says Deity: exactly one playable god or goddess is controlled in standard battle."", ""playerControlledAvatars"": 1}","{""enabled"": true, ""homeFactionId"": ""MG-FACTION-001"", ""homeFactionName"": ""Aten Ra"", ""eligiblePoolIds"": [""MG-CROSS-RUN-IN-002"", ""MG-CROSS-RUN-IN-003"", ""MG-CROSS-RUN-IN-004"", ""MG-CROSS-RUN-IN-005"", ""MG-CROSS-RUN-IN-006"", ""MG-CROSS-RUN-IN-007""], ""recommendedPoolIds"": [""MG-CROSS-RUN-IN-006"", ""MG-CROSS-RUN-IN-007""], ""rule"": ""Run-ins must have a lore-valid reason: border conflict, Gate pressure, pursuit, oath, contract, trial, defense, corruption response, or event escalation. Never generic faction mixing."", ""oneAvatarVsManyUse"": ""Run-ins add enemy role pressure around the lone Avatar without creating ally units or squad play.""}","{""sourceFactionId"": ""MG-FACTION-001"", ""sourceFactionName"": ""Aten Ra"", ""sourceRealm"": ""The Solar Dominion of Khepra"", ""sourceCultureRule"": ""source culture humans later copied as Egyptian solar myth"", ""preserve"": [""established faction identity"", ""Mythos Gates mythology"", ""Gates and Codex systems"", ""one player-controlled Avatar combat"", ""mobile UE5 zone structure""], ""forbid"": [""replacement factions"", ""generic corridor dungeon conversion"", ""PC-first combat assumptions"", ""generic monster filler"", ""lore rewrites""]}"
"MG-F01-E-C01-M04","Elite: Judge the Black-Land Silt Crossing: Outer Line","MG-FACTION-001","","1","1","MG-MAP-002","{""loop"": [""Explore"", ""Encounter"", ""1 Deity vs. Multiple Enemies"", ""Victory"", ""Rewards"", ""Upgrade Deity"", ""Explore Further""], ""forbidden"": [""squad combat"", ""team formations"", ""multiple player-controlled Avatars"", ""ally positioning"", ""team turns""], ""readableRule"": ""Legacy schema label says Deity, current fiction label says Deity: exactly one playable god or goddess is controlled in standard battle."", ""playerControlledAvatars"": 1}","{""enabled"": true, ""homeFactionId"": ""MG-FACTION-001"", ""homeFactionName"": ""Aten Ra"", ""eligiblePoolIds"": [""MG-CROSS-RUN-IN-002"", ""MG-CROSS-RUN-IN-003"", ""MG-CROSS-RUN-IN-004"", ""MG-CROSS-RUN-IN-005"", ""MG-CROSS-RUN-IN-006"", ""MG-CROSS-RUN-IN-007""], ""recommendedPoolIds"": [""MG-CROSS-RUN-IN-007"", ""MG-CROSS-RUN-IN-002""], ""rule"": ""Run-ins must have a lore-valid reason: border conflict, Gate pressure, pursuit, oath, contract, trial, defense, corruption response, or event escalation. Never generic faction mixing."", ""oneAvatarVsManyUse"": ""Run-ins add enemy role pressure around the lone Avatar without creating ally units or squad play.""}","{""sourceFactionId"": ""MG-FACTION-001"", ""sourceFactionName"": ""Aten Ra"", ""sourceRealm"": ""The Solar Dominion of Khepra"", ""sourceCultureRule"": ""source culture humans later copied as Egyptian solar myth"", ""preserve"": [""established faction identity"", ""Mythos Gates mythology"", ""Gates and Codex systems"", ""one player-controlled Avatar combat"", ""mobile UE5 zone structure""], ""forbid"": [""replacement factions"", ""generic corridor dungeon conversion"", ""PC-first combat assumptions"", ""generic monster filler"", ""lore rewrites""]}"
"MG-F01-E-C02-M05","Elite: Weigh the Black-Land Silt Crossing: Pressure Break","MG-FACTION-001","","1","1","MG-MAP-007","{""loop"": [""Explore"", ""Encounter"", ""1 Deity vs. Multiple Enemies"", ""Victory"", ""Rewards"", ""Upgrade Deity"", ""Explore Further""], ""forbidden"": [""squad combat"", ""team formations"", ""multiple player-controlled Avatars"", ""ally positioning"", ""team turns""], ""readableRule"": ""Legacy schema label says Deity, current fiction label says Deity: exactly one playable god or goddess is controlled in standard battle."", ""playerControlledAvatars"": 1}","{""enabled"": true, ""homeFactionId"": ""MG-FACTION-001"", ""homeFactionName"": ""Aten Ra"", ""eligiblePoolIds"": [""MG-CROSS-RUN-IN-002"", ""MG-CROSS-RUN-IN-003"", ""MG-CROSS-RUN-IN-004"", ""MG-CROSS-RUN-IN-005"", ""MG-CROSS-RUN-IN-006"", ""MG-CROSS-RUN-IN-007""], ""recommendedPoolIds"": [""MG-CROSS-RUN-IN-003"", ""MG-CROSS-RUN-IN-004""], ""rule"": ""Run-ins must have a lore-valid reason: border conflict, Gate pressure, pursuit, oath, contract, trial, defense, corruption response, or event escalation. Never generic faction mixing."", ""oneAvatarVsManyUse"": ""Run-ins add enemy role pressure around the lone Avatar without creating ally units or squad play.""}","{""sourceFactionId"": ""MG-FACTION-001"", ""sourceFactionName"": ""Aten Ra"", ""sourceRealm"": ""The Solar Dominion of Khepra"", ""sourceCultureRule"": ""source culture humans later copied as Egyptian solar myth"", ""preserve"": [""established faction identity"", ""Mythos Gates mythology"", ""Gates and Codex systems"", ""one player-controlled Avatar combat"", ""mobile UE5 zone structure""], ""forbid"": [""replacement factions"", ""generic corridor dungeon conversion"", ""PC-first combat assumptions"", ""generic monster filler"", ""lore rewrites""]}"
"MG-F01-E-C02-M06","Elite: Burn the Khepri Dawn Loop Chamber: Trial Mechanism","MG-FACTION-001","","1","1","MG-MAP-008","{""loop"": [""Explore"", ""Encounter"", ""1 Deity vs. Multiple Enemies"", ""Victory"", ""Rewards"", ""Upgrade Deity"", ""Explore Further""], ""forbidden"": [""squad combat"", ""team formations"", ""multiple player-controlled Avatars"", ""ally positioning"", ""team turns""], ""readableRule"": ""Legacy schema label says Deity, current fiction label says Deity: exactly one playable god or goddess is controlled in standard battle."", ""playerControlledAvatars"": 1}","{""enabled"": true, ""homeFactionId"": ""MG-FACTION-001"", ""homeFactionName"": ""Aten Ra"", ""eligiblePoolIds"": [""MG-CROSS-RUN-IN-002"", ""MG-CROSS-RUN-IN-003"", ""MG-CROSS-RUN-IN-004"", ""MG-CROSS-RUN-IN-005"", ""MG-CROSS-RUN-IN-006"", ""MG-CROSS-RUN-IN-007""], ""recommendedPoolIds"": [""MG-CROSS-RUN-IN-004"", ""MG-CROSS-RUN-IN-005""], ""rule"": ""Run-ins must have a lore-valid reason: border conflict, Gate pressure, pursuit, oath, contract, trial, defense, corruption response, or event escalation. Never generic faction mixing."", ""oneAvatarVsManyUse"": ""Run-ins add enemy role pressure around the lone Avatar without creating ally units or squad play.""}","{""sourceFactionId"": ""MG-FACTION-001"", ""sourceFactionName"": ""Aten Ra"", ""sourceRealm"": ""The Solar Dominion of Khepra"", ""sourceCultureRule"": ""source culture humans later copied as Egyptian solar myth"", ""preserve"": [""established faction identity"", ""Mythos Gates mythology"", ""Gates and Codex systems"", ""one player-controlled Avatar combat"", ""mobile UE5 zone structure""], ""forbid"": [""replacement factions"", ""generic corridor dungeon conversion"", ""PC-first combat assumptions"", ""generic monster filler"", ""lore rewrites""]}"
"MG-F01-E-C02-M07","Elite: Restore the Khepri Dawn Loop Chamber: Hazard Reading","MG-FACTION-001","","1","1","MG-MAP-001","{""loop"": [""Explore"", ""Encounter"", ""1 Deity vs. Multiple Enemies"", ""Victory"", ""Rewards"", ""Upgrade Deity"", ""Explore Further""], ""forbidden"": [""squad combat"", ""team formations"", ""multiple player-controlled Avatars"", ""ally positioning"", ""team turns""], ""readableRule"": ""Legacy schema label says Deity, current fiction label says Deity: exactly one playable god or goddess is controlled in standard battle."", ""playerControlledAvatars"": 1}","{""enabled"": true, ""homeFactionId"": ""MG-FACTION-001"", ""homeFactionName"": ""Aten Ra"", ""eligiblePoolIds"": [""MG-CROSS-RUN-IN-002"", ""MG-CROSS-RUN-IN-003"", ""MG-CROSS-RUN-IN-004"", ""MG-CROSS-RUN-IN-005"", ""MG-CROSS-RUN-IN-006"", ""MG-CROSS-RUN-IN-007""], ""recommendedPoolIds"": [""MG-CROSS-RUN-IN-005"", ""MG-CROSS-RUN-IN-006""], ""rule"": ""Run-ins must have a lore-valid reason: border conflict, Gate pressure, pursuit, oath, contract, trial, defense, corruption response, or event escalation. Never generic faction mixing."", ""oneAvatarVsManyUse"": ""Run-ins add enemy role pressure around the lone Avatar without creating ally units or squad play.""}","{""sourceFactionId"": ""MG-FACTION-001"", ""sourceFactionName"": ""Aten Ra"", ""sourceRealm"": ""The Solar Dominion of Khepra"", ""sourceCultureRule"": ""source culture humans later copied as Egyptian solar myth"", ""preserve"": [""established faction identity"", ""Mythos Gates mythology"", ""Gates and Codex systems"", ""one player-controlled Avatar combat"", ""mobile UE5 zone structure""], ""forbid"": [""replacement factions"", ""generic corridor dungeon conversion"", ""PC-first combat assumptions"", ""generic monster filler"", ""lore rewrites""]}"
"MG-F01-E-C02-M08","Elite: Judge the Khepri Dawn Loop Chamber: Lughching Law","MG-FACTION-001","","1","1","MG-MAP-002","{""loop"": [""Explore"", ""Encounter"", ""1 Deity vs. Multiple Enemies"", ""Victory"", ""Rewards"", ""Upgrade Deity"", ""Explore Further""], ""forbidden"": [""squad combat"", ""team formations"", ""multiple player-controlled Avatars"", ""ally positioning"", ""team turns""], ""readableRule"": ""Legacy schema label says Deity, current fiction label says Deity: exactly one playable god or goddess is controlled in standard battle."", ""playerControlledAvatars"": 1}","{""enabled"": true, ""homeFactionId"": ""MG-FACTION-001"", ""homeFactionName"": ""Aten Ra"", ""eligiblePoolIds"": [""MG-CROSS-RUN-IN-002"", ""MG-CROSS-RUN-IN-003"", ""MG-CROSS-RUN-IN-004"", ""MG-CROSS-RUN-IN-005"", ""MG-CROSS-RUN-IN-006"", ""MG-CROSS-RUN-IN-007""], ""recommendedPoolIds"": [""MG-CROSS-RUN-IN-006"", ""MG-CROSS-RUN-IN-007""], ""rule"": ""Run-ins must have a lore-valid reason: border conflict, Gate pressure, pursuit, oath, contract, trial, defense, corruption response, or event escalation. Never generic faction mixing."", ""oneAvatarVsManyUse"": ""Run-ins add enemy role pressure around the lone Avatar without creating ally units or squad play.""}","{""sourceFactionId"": ""MG-FACTION-001"", ""sourceFactionName"": ""Aten Ra"", ""sourceRealm"": ""The Solar Dominion of Khepra"", ""sourceCultureRule"": ""source culture humans later copied as Egyptian solar myth"", ""preserve"": [""established faction identity"", ""Mythos Gates mythology"", ""Gates and Codex systems"", ""one player-controlled Avatar combat"", ""mobile UE5 zone structure""], ""forbid"": [""replacement factions"", ""generic corridor dungeon conversion"", ""PC-first combat assumptions"", ""generic monster filler"", ""lore rewrites""]}"
"MG-F01-E-C03-M09","Elite: Weigh the Ma’at Scale Hall: Key Verdict","MG-FACTION-001","","1","1","MG-MAP-007","{""loop"": [""Explore"", ""Encounter"", ""1 Deity vs. Multiple Enemies"", ""Victory"", ""Rewards"", ""Upgrade Deity"", ""Explore Further""], ""forbidden"": [""squad combat"", ""team formations"", ""multiple player-controlled Avatars"", ""ally positioning"", ""team turns""], ""readableRule"": ""Legacy schema label says Deity, current fiction label says Deity: exactly one playable god or goddess is controlled in standard battle."", ""playerControlledAvatars"": 1}","{""enabled"": true, ""homeFactionId"": ""MG-FACTION-001"", ""homeFactionName"": ""Aten Ra"", ""eligiblePoolIds"": [""MG-CROSS-RUN-IN-002"", ""MG-CROSS-RUN-IN-003"", ""MG-CROSS-RUN-IN-004"", ""MG-CROSS-RUN-IN-005"", ""MG-CROSS-RUN-IN-006"", ""MG-CROSS-RUN-IN-007""], ""recommendedPoolIds"": [""MG-CROSS-RUN-IN-002"", ""MG-CROSS-RUN-IN-003""], ""rule"": ""Run-ins must have a lore-valid reason: border conflict, Gate pressure, pursuit, oath, contract, trial, defense, corruption response, or event escalation. Never generic faction mixing."", ""oneAvatarVsManyUse"": ""Run-ins add enemy role pressure around the lone Avatar without creating ally units or squad play.""}","{""sourceFactionId"": ""MG-FACTION-001"", ""sourceFactionName"": ""Aten Ra"", ""sourceRealm"": ""The Solar Dominion of Khepra"", ""sourceCultureRule"": ""source culture humans later copied as Egyptian solar myth"", ""preserve"": [""established faction identity"", ""Mythos Gates mythology"", ""Gates and Codex systems"", ""one player-controlled Avatar combat"", ""mobile UE5 zone structure""], ""forbid"": [""replacement factions"", ""generic corridor dungeon conversion"", ""PC-first combat assumptions"", ""generic monster filler"", ""lore rewrites""]}"
"MG-F01-E-C03-M10","Elite: Burn the Ma’at Scale Hall: Elite Lock","MG-FACTION-001","","1","1","MG-MAP-008","{""loop"": [""Explore"", ""Encounter"", ""1 Deity vs. Multiple Enemies"", ""Victory"", ""Rewards"", ""Upgrade Deity"", ""Explore Further""], ""forbidden"": [""squad combat"", ""team formations"", ""multiple player-controlled Avatars"", ""ally positioning"", ""team turns""], ""readableRule"": ""Legacy schema label says Deity, current fiction label says Deity: exactly one playable god or goddess is controlled in standard battle."", ""playerControlledAvatars"": 1}","{""enabled"": true, ""homeFactionId"": ""MG-FACTION-001"", ""homeFactionName"": ""Aten Ra"", ""eligiblePoolIds"": [""MG-CROSS-RUN-IN-002"", ""MG-CROSS-RUN-IN-003"", ""MG-CROSS-RUN-IN-004"", ""MG-CROSS-RUN-IN-005"", ""MG-CROSS-RUN-IN-006"", ""MG-CROSS-RUN-IN-007""], ""recommendedPoolIds"": [""MG-CROSS-RUN-IN-003"", ""MG-CROSS-RUN-IN-004""], ""rule"": ""Run-ins must have a lore-valid reason: border conflict, Gate pressure, pursuit, oath, contract, trial, defense, corruption response, or event escalation. Never generic faction mixing."", ""oneAvatarVsManyUse"": ""Run-ins add enemy role pressure around the lone Avatar without creating ally units or squad play.""}","{""sourceFactionId"": ""MG-FACTION-001"", ""sourceFactionName"": ""Aten Ra"", ""sourceRealm"": ""The Solar Dominion of Khepra"", ""sourceCultureRule"": ""source culture humans later copied as Egyptian solar myth"", ""preserve"": [""established faction identity"", ""Mythos Gates mythology"", ""Gates and Codex systems"", ""one player-controlled Avatar combat"", ""mobile UE5 zone structure""], ""forbid"": [""replacement factions"", ""generic corridor dungeon conversion"", ""PC-first combat assumptions"", ""generic monster filler"", ""lore rewrites""]}"
"MG-F01-E-C03-M11","Elite: Restore the Ma’at Scale Hall: Warden Duel","MG-FACTION-001","","1","1","MG-MAP-001","{""loop"": [""Explore"", ""Encounter"", ""1 Deity vs. Multiple Enemies"", ""Victory"", ""Rewards"", ""Upgrade Deity"", ""Explore Further""], ""forbidden"": [""squad combat"", ""team formations"", ""multiple player-controlled Avatars"", ""ally positioning"", ""team turns""], ""readableRule"": ""Legacy schema label says Deity, current fiction label says Deity: exactly one playable god or goddess is controlled in standard battle."", ""playerControlledAvatars"": 1}","{""enabled"": true, ""homeFactionId"": ""MG-FACTION-001"", ""homeFactionName"": ""Aten Ra"", ""eligiblePoolIds"": [""MG-CROSS-RUN-IN-002"", ""MG-CROSS-RUN-IN-003"", ""MG-CROSS-RUN-IN-004"", ""MG-CROSS-RUN-IN-005"", ""MG-CROSS-RUN-IN-006"", ""MG-CROSS-RUN-IN-007""], ""recommendedPoolIds"": [""MG-CROSS-RUN-IN-004"", ""MG-CROSS-RUN-IN-005""], ""rule"": ""Run-ins must have a lore-valid reason: border conflict, Gate pressure, pursuit, oath, contract, trial, defense, corruption response, or event escalation. Never generic faction mixing."", ""oneAvatarVsManyUse"": ""Run-ins add enemy role pressure around the lone Avatar without creating ally units or squad play.""}","{""sourceFactionId"": ""MG-FACTION-001"", ""sourceFactionName"": ""Aten Ra"", ""sourceRealm"": ""The Solar Dominion of Khepra"", ""sourceCultureRule"": ""source culture humans later copied as Egyptian solar myth"", ""preserve"": [""established faction identity"", ""Mythos Gates mythology"", ""Gates and Codex systems"", ""one player-controlled Avatar combat"", ""mobile UE5 zone structure""], ""forbid"": [""replacement factions"", ""generic corridor dungeon conversion"", ""PC-first combat assumptions"", ""generic monster filler"", ""lore rewrites""]}"
"MG-F01-E-C03-M12","Elite: Judge the Lion Gate Kill Zone: Lore Price","MG-FACTION-001","","1","1","MG-MAP-002","{""loop"": [""Explore"", ""Encounter"", ""1 Deity vs. Multiple Enemies"", ""Victory"", ""Rewards"", ""Upgrade Deity"", ""Explore Further""], ""forbidden"": [""squad combat"", ""team formations"", ""multiple player-controlled Avatars"", ""ally positioning"", ""team turns""], ""readableRule"": ""Legacy schema label says Deity, current fiction label says Deity: exactly one playable god or goddess is controlled in standard battle."", ""playerControlledAvatars"": 1}","{""enabled"": true, ""homeFactionId"": ""MG-FACTION-001"", ""homeFactionName"": ""Aten Ra"", ""eligiblePoolIds"": [""MG-CROSS-RUN-IN-002"", ""MG-CROSS-RUN-IN-003"", ""MG-CROSS-RUN-IN-004"", ""MG-CROSS-RUN-IN-005"", ""MG-CROSS-RUN-IN-006"", ""MG-CROSS-RUN-IN-007""], ""recommendedPoolIds"": [""MG-CROSS-RUN-IN-005"", ""MG-CROSS-RUN-IN-006""], ""rule"": ""Run-ins must have a lore-valid reason: border conflict, Gate pressure, pursuit, oath, contract, trial, defense, corruption response, or event escalation. Never generic faction mixing."", ""oneAvatarVsManyUse"": ""Run-ins add enemy role pressure around the lone Avatar without creating ally units or squad play.""}","{""sourceFactionId"": ""MG-FACTION-001"", ""sourceFactionName"": ""Aten Ra"", ""sourceRealm"": ""The Solar Dominion of Khepra"", ""sourceCultureRule"": ""source culture humans later copied as Egyptian solar myth"", ""preserve"": [""established faction identity"", ""Mythos Gates mythology"", ""Gates and Codex systems"", ""one player-controlled Avatar combat"", ""mobile UE5 zone structure""], ""forbid"": [""replacement factions"", ""generic corridor dungeon conversion"", ""PC-first combat assumptions"", ""generic monster filler"", ""lore rewrites""]}"
"MG-F01-E-C04-M13","Elite: Weigh the Lion Gate Kill Zone: Relic Detour","MG-FACTION-001","","1","1","MG-MAP-007","{""loop"": [""Explore"", ""Encounter"", ""1 Deity vs. Multiple Enemies"", ""Victory"", ""Rewards"", ""Upgrade Deity"", ""Explore Further""], ""forbidden"": [""squad combat"", ""team formations"", ""multiple player-controlled Avatars"", ""ally positioning"", ""team turns""], ""readableRule"": ""Legacy schema label says Deity, current fiction label says Deity: exactly one playable god or goddess is controlled in standard battle."", ""playerControlledAvatars"": 1}","{""enabled"": true, ""homeFactionId"": ""MG-FACTION-001"", ""homeFactionName"": ""Aten Ra"", ""eligiblePoolIds"": [""MG-CROSS-RUN-IN-002"", ""MG-CROSS-RUN-IN-003"", ""MG-CROSS-RUN-IN-004"", ""MG-CROSS-RUN-IN-005"", ""MG-CROSS-RUN-IN-006"", ""MG-CROSS-RUN-IN-007""], ""recommendedPoolIds"": [""MG-CROSS-RUN-IN-007"", ""MG-CROSS-RUN-IN-002""], ""rule"": ""Run-ins must have a lore-valid reason: border conflict, Gate pressure, pursuit, oath, contract, trial, defense, corruption response, or event escalation. Never generic faction mixing."", ""oneAvatarVsManyUse"": ""Run-ins add enemy role pressure around the lone Avatar without creating ally units or squad play.""}","{""sourceFactionId"": ""MG-FACTION-001"", ""sourceFactionName"": ""Aten Ra"", ""sourceRealm"": ""The Solar Dominion of Khepra"", ""sourceCultureRule"": ""source culture humans later copied as Egyptian solar myth"", ""preserve"": [""established faction identity"", ""Mythos Gates mythology"", ""Gates and Codex systems"", ""one player-controlled Avatar combat"", ""mobile UE5 zone structure""], ""forbid"": [""replacement factions"", ""generic corridor dungeon conversion"", ""PC-first combat assumptions"", ""generic monster filler"", ""lore rewrites""]}"
"MG-F01-E-C04-M14","Elite: Burn the Lion Gate Kill Zone: Hidden Cache","MG-FACTION-001","","1","1","MG-MAP-008","{""loop"": [""Explore"", ""Encounter"", ""1 Deity vs. Multiple Enemies"", ""Victory"", ""Rewards"", ""Upgrade Deity"", ""Explore Further""], ""forbidden"": [""squad combat"", ""team formations"", ""multiple player-controlled Avatars"", ""ally positioning"", ""team turns""], ""readableRule"": ""Legacy schema label says Deity, current fiction label says Deity: exactly one playable god or goddess is controlled in standard battle."", ""playerControlledAvatars"": 1}","{""enabled"": true, ""homeFactionId"": ""MG-FACTION-001"", ""homeFactionName"": ""Aten Ra"", ""eligiblePoolIds"": [""MG-CROSS-RUN-IN-002"", ""MG-CROSS-RUN-IN-003"", ""MG-CROSS-RUN-IN-004"", ""MG-CROSS-RUN-IN-005"", ""MG-CROSS-RUN-IN-006"", ""MG-CROSS-RUN-IN-007""], ""recommendedPoolIds"": [""MG-CROSS-RUN-IN-002"", ""MG-CROSS-RUN-IN-003""], ""rule"": ""Run-ins must have a lore-valid reason: border conflict, Gate pressure, pursuit, oath, contract, trial, defense, corruption response, or event escalation. Never generic faction mixing."", ""oneAvatarVsManyUse"": ""Run-ins add enemy role pressure around the lone Avatar without creating ally units or squad play.""}","{""sourceFactionId"": ""MG-FACTION-001"", ""sourceFactionName"": ""Aten Ra"", ""sourceRealm"": ""The Solar Dominion of Khepra"", ""sourceCultureRule"": ""source culture humans later copied as Egyptian solar myth"", ""preserve"": [""established faction identity"", ""Mythos Gates mythology"", ""Gates and Codex systems"", ""one player-controlled Avatar combat"", ""mobile UE5 zone structure""], ""forbid"": [""replacement factions"", ""generic corridor dungeon conversion"", ""PC-first combat assumptions"", ""generic monster filler"", ""lore rewrites""]}"
"MG-F01-E-C04-M15","Elite: Restore the Hidden-Sun Archive Antechamber: Boss Threshold","MG-FACTION-001","","1","1","MG-MAP-001","{""loop"": [""Explore"", ""Encounter"", ""1 Deity vs. Multiple Enemies"", ""Victory"", ""Rewards"", ""Upgrade Deity"", ""Explore Further""], ""forbidden"": [""squad combat"", ""team formations"", ""multiple player-controlled Avatars"", ""ally positioning"", ""team turns""], ""readableRule"": ""Legacy schema label says Deity, current fiction label says Deity: exactly one playable god or goddess is controlled in standard battle."", ""playerControlledAvatars"": 1}","{""enabled"": true, ""homeFactionId"": ""MG-FACTION-001"", ""homeFactionName"": ""Aten Ra"", ""eligiblePoolIds"": [""MG-CROSS-RUN-IN-002"", ""MG-CROSS-RUN-IN-003"", ""MG-CROSS-RUN-IN-004"", ""MG-CROSS-RUN-IN-005"", ""MG-CROSS-RUN-IN-006"", ""MG-CROSS-RUN-IN-007""], ""recommendedPoolIds"": [""MG-CROSS-RUN-IN-003"", ""MG-CROSS-RUN-IN-004""], ""rule"": ""Run-ins must have a lore-valid reason: border conflict, Gate pressure, pursuit, oath, contract, trial, defense, corruption response, or event escalation. Never generic faction mixing."", ""oneAvatarVsManyUse"": ""Run-ins add enemy role pressure around the lone Avatar without creating ally units or squad play.""}","{""sourceFactionId"": ""MG-FACTION-001"", ""sourceFactionName"": ""Aten Ra"", ""sourceRealm"": ""The Solar Dominion of Khepra"", ""sourceCultureRule"": ""source culture humans later copied as Egyptian solar myth"", ""preserve"": [""established faction identity"", ""Mythos Gates mythology"", ""Gates and Codex systems"", ""one player-controlled Avatar combat"", ""mobile UE5 zone structure""], ""forbid"": [""replacement factions"", ""generic corridor dungeon conversion"", ""PC-first combat assumptions"", ""generic monster filler"", ""lore rewrites""]}"
"MG-F01-E-C04-M16","Elite: Judge the Hidden-Sun Archive Antechamber: Final Approach","MG-FACTION-001","","1","1","MG-MAP-002","{""loop"": [""Explore"", ""Encounter"", ""1 Deity vs. Multiple Enemies"", ""Victory"", ""Rewards"", ""Upgrade Deity"", ""Explore Further""], ""forbidden"": [""squad combat"", ""team formations"", ""multiple player-controlled Avatars"", ""ally positioning"", ""team turns""], ""readableRule"": ""Legacy schema label says Deity, current fiction label says Deity: exactly one playable god or goddess is controlled in standard battle."", ""playerControlledAvatars"": 1}","{""enabled"": true, ""homeFactionId"": ""MG-FACTION-001"", ""homeFactionName"": ""Aten Ra"", ""eligiblePoolIds"": [""MG-CROSS-RUN-IN-002"", ""MG-CROSS-RUN-IN-003"", ""MG-CROSS-RUN-IN-004"", ""MG-CROSS-RUN-IN-005"", ""MG-CROSS-RUN-IN-006"", ""MG-CROSS-RUN-IN-007""], ""recommendedPoolIds"": [""MG-CROSS-RUN-IN-004"", ""MG-CROSS-RUN-IN-005""], ""rule"": ""Run-ins must have a lore-valid reason: border conflict, Gate pressure, pursuit, oath, contract, trial, defense, corruption response, or event escalation. Never generic faction mixing."", ""oneAvatarVsManyUse"": ""Run-ins add enemy role pressure around the lone Avatar without creating ally units or squad play.""}","{""sourceFactionId"": ""MG-FACTION-001"", ""sourceFactionName"": ""Aten Ra"", ""sourceRealm"": ""The Solar Dominion of Khepra"", ""sourceCultureRule"": ""source culture humans later copied as Egyptian solar myth"", ""preserve"": [""established faction identity"", ""Mythos Gates mythology"", ""Gates and Codex systems"", ""one player-controlled Avatar combat"", ""mobile UE5 zone structure""], ""forbid"": [""replacement factions"", ""generic corridor dungeon conversion"", ""PC-first combat assumptions"", ""generic monster filler"", ""lore rewrites""]}"
"MG-F01-E-C05-M17","Elite: Weigh the Hidden-Sun Archive Antechamber: Antechamber Seal","MG-FACTION-001","","1","1","MG-MAP-007","{""loop"": [""Explore"", ""Encounter"", ""1 Deity vs. Multiple Enemies"", ""Victory"", ""Rewards"", ""Upgrade Deity"", ""Explore Further""], ""forbidden"": [""squad combat"", ""team formations"", ""multiple player-controlled Avatars"", ""ally positioning"", ""team turns""], ""readableRule"": ""Legacy schema label says Deity, current fiction label says Deity: exactly one playable god or goddess is controlled in standard battle."", ""playerControlledAvatars"": 1}","{""enabled"": true, ""homeFactionId"": ""MG-FACTION-001"", ""homeFactionName"": ""Aten Ra"", ""eligiblePoolIds"": [""MG-CROSS-RUN-IN-002"", ""MG-CROSS-RUN-IN-003"", ""MG-CROSS-RUN-IN-004"", ""MG-CROSS-RUN-IN-005"", ""MG-CROSS-RUN-IN-006"", ""MG-CROSS-RUN-IN-007""], ""recommendedPoolIds"": [""MG-CROSS-RUN-IN-006"", ""MG-CROSS-RUN-IN-007""], ""rule"": ""Run-ins must have a lore-valid reason: border conflict, Gate pressure, pursuit, oath, contract, trial, defense, corruption response, or event escalation. Never generic faction mixing."", ""oneAvatarVsManyUse"": ""Run-ins add enemy role pressure around the lone Avatar without creating ally units or squad play.""}","{""sourceFactionId"": ""MG-FACTION-001"", ""sourceFactionName"": ""Aten Ra"", ""sourceRealm"": ""The Solar Dominion of Khepra"", ""sourceCultureRule"": ""source culture humans later copied as Egyptian solar myth"", ""preserve"": [""established faction identity"", ""Mythos Gates mythology"", ""Gates and Codex systems"", ""one player-controlled Avatar combat"", ""mobile UE5 zone structure""], ""forbid"": [""replacement factions"", ""generic corridor dungeon conversion"", ""PC-first combat assumptions"", ""generic monster filler"", ""lore rewrites""]}"
"MG-F01-E-C05-M18","Elite: Burn the Noon Court Boss Dais: Ascension Seal","MG-FACTION-001","","1","1","MG-MAP-008","{""loop"": [""Explore"", ""Encounter"", ""1 Deity vs. Multiple Enemies"", ""Victory"", ""Rewards"", ""Upgrade Deity"", ""Explore Further""], ""forbidden"": [""squad combat"", ""team formations"", ""multiple player-controlled Avatars"", ""ally positioning"", ""team turns""], ""readableRule"": ""Legacy schema label says Deity, current fiction label says Deity: exactly one playable god or goddess is controlled in standard battle."", ""playerControlledAvatars"": 1}","{""enabled"": true, ""homeFactionId"": ""MG-FACTION-001"", ""homeFactionName"": ""Aten Ra"", ""eligiblePoolIds"": [""MG-CROSS-RUN-IN-002"", ""MG-CROSS-RUN-IN-003"", ""MG-CROSS-RUN-IN-004"", ""MG-CROSS-RUN-IN-005"", ""MG-CROSS-RUN-IN-006"", ""MG-CROSS-RUN-IN-007""], ""recommendedPoolIds"": [""MG-CROSS-RUN-IN-007"", ""MG-CROSS-RUN-IN-002""], ""rule"": ""Run-ins must have a lore-valid reason: border conflict, Gate pressure, pursuit, oath, contract, trial, defense, corruption response, or event escalation. Never generic faction mixing."", ""oneAvatarVsManyUse"": ""Run-ins add enemy role pressure around the lone Avatar without creating ally units or squad play.""}","{""sourceFactionId"": ""MG-FACTION-001"", ""sourceFactionName"": ""Aten Ra"", ""sourceRealm"": ""The Solar Dominion of Khepra"", ""sourceCultureRule"": ""source culture humans later copied as Egyptian solar myth"", ""preserve"": [""established faction identity"", ""Mythos Gates mythology"", ""Gates and Codex systems"", ""one player-controlled Avatar combat"", ""mobile UE5 zone structure""], ""forbid"": [""replacement factions"", ""generic corridor dungeon conversion"", ""PC-first combat assumptions"", ""generic monster filler"", ""lore rewrites""]}"
"MG-F01-E-C05-M19","Elite: Restore the Noon Court Boss Dais: Boss Chamber","MG-FACTION-001","","1","1","MG-MAP-001","{""loop"": [""Explore"", ""Encounter"", ""1 Deity vs. Multiple Enemies"", ""Victory"", ""Rewards"", ""Upgrade Deity"", ""Explore Further""], ""forbidden"": [""squad combat"", ""team formations"", ""multiple player-controlled Avatars"", ""ally positioning"", ""team turns""], ""readableRule"": ""Legacy schema label says Deity, current fiction label says Deity: exactly one playable god or goddess is controlled in standard battle."", ""playerControlledAvatars"": 1}","{""enabled"": true, ""homeFactionId"": ""MG-FACTION-001"", ""homeFactionName"": ""Aten Ra"", ""eligiblePoolIds"": [""MG-CROSS-RUN-IN-002"", ""MG-CROSS-RUN-IN-003"", ""MG-CROSS-RUN-IN-004"", ""MG-CROSS-RUN-IN-005"", ""MG-CROSS-RUN-IN-006"", ""MG-CROSS-RUN-IN-007""], ""recommendedPoolIds"": [""MG-CROSS-RUN-IN-002"", ""MG-CROSS-RUN-IN-003""], ""rule"": ""Run-ins must have a lore-valid reason: border conflict, Gate pressure, pursuit, oath, contract, trial, defense, corruption response, or event escalation. Never generic faction mixing."", ""oneAvatarVsManyUse"": ""Run-ins add enemy role pressure around the lone Avatar without creating ally units or squad play.""}","{""sourceFactionId"": ""MG-FACTION-001"", ""sourceFactionName"": ""Aten Ra"", ""sourceRealm"": ""The Solar Dominion of Khepra"", ""sourceCultureRule"": ""source culture humans later copied as Egyptian solar myth"", ""preserve"": [""established faction identity"", ""Mythos Gates mythology"", ""Gates and Codex systems"", ""one player-controlled Avatar combat"", ""mobile UE5 zone structure""], ""forbid"": [""replacement factions"", ""generic corridor dungeon conversion"", ""PC-first combat assumptions"", ""generic monster filler"", ""lore rewrites""]}"
"MG-F01-E-C05-M20","Elite: Judge the Noon Court Boss Dais: Gate Verdict","MG-FACTION-001","","1","1","MG-MAP-002","{""loop"": [""Explore"", ""Encounter"", ""1 Deity vs. Multiple Enemies"", ""Victory"", ""Rewards"", ""Upgrade Deity"", ""Explore Further""], ""forbidden"": [""squad combat"", ""team formations"", ""multiple player-controlled Avatars"", ""ally positioning"", ""team turns""], ""readableRule"": ""Legacy schema label says Deity, current fiction label says Deity: exactly one playable god or goddess is controlled in standard battle."", ""playerControlledAvatars"": 1}","{""enabled"": true, ""homeFactionId"": ""MG-FACTION-001"", ""homeFactionName"": ""Aten Ra"", ""eligiblePoolIds"": [""MG-CROSS-RUN-IN-002"", ""MG-CROSS-RUN-IN-003"", ""MG-CROSS-RUN-IN-004"", ""MG-CROSS-RUN-IN-005"", ""MG-CROSS-RUN-IN-006"", ""MG-CROSS-RUN-IN-007""], ""recommendedPoolIds"": [""MG-CROSS-RUN-IN-003"", ""MG-CROSS-RUN-IN-004""], ""rule"": ""Run-ins must have a lore-valid reason: border conflict, Gate pressure, pursuit, oath, contract, trial, defense, corruption response, or event escalation. Never generic faction mixing."", ""oneAvatarVsManyUse"": ""Run-ins add enemy role pressure around the lone Avatar without creating ally units or squad play.""}","{""sourceFactionId"": ""MG-FACTION-001"", ""sourceFactionName"": ""Aten Ra"", ""sourceRealm"": ""The Solar Dominion of Khepra"", ""sourceCultureRule"": ""source culture humans later copied as Egyptian solar myth"", ""preserve"": [""established faction identity"", ""Mythos Gates mythology"", ""Gates and Codex systems"", ""one player-controlled Avatar combat"", ""mobile UE5 zone structure""], ""forbid"": [""replacement factions"", ""generic corridor dungeon conversion"", ""PC-first combat assumptions"", ""generic monster filler"", ""lore rewrites""]}"
"MG-F02-C01-M01","Swear the Broken Rune Arrival Span: First Crossing","MG-FACTION-002","","1","1","MG-MAP-003","{""loop"": [""Explore"", ""Encounter"", ""1 Deity vs. Multiple Enemies"", ""Victory"", ""Rewards"", ""Upgrade Deity"", ""Explore Further""], ""forbidden"": [""squad combat"", ""team formations"", ""multiple player-controlled Avatars"", ""ally positioning"", ""team turns""], ""readableRule"": ""Legacy schema label says Deity, current fiction label says Deity: exactly one playable god or goddess is controlled in standard battle."", ""playerControlledAvatars"": 1}","{""enabled"": true, ""homeFactionId"": ""MG-FACTION-002"", ""homeFactionName"": ""Asgardian"", ""eligiblePoolIds"": [""MG-CROSS-RUN-IN-001"", ""MG-CROSS-RUN-IN-003"", ""MG-CROSS-RUN-IN-004"", ""MG-CROSS-RUN-IN-005"", ""MG-CROSS-RUN-IN-006"", ""MG-CROSS-RUN-IN-007""], ""recommendedPoolIds"": [""MG-CROSS-RUN-IN-004"", ""MG-CROSS-RUN-IN-005""], ""rule"": ""Run-ins must have a lore-valid reason: border conflict, Gate pressure, pursuit, oath, contract, trial, defense, corruption response, or event escalation. Never generic faction mixing."", ""oneAvatarVsManyUse"": ""Run-ins add enemy role pressure around the lone Avatar without creating ally units or squad play.""}","{""sourceFactionId"": ""MG-FACTION-002"", ""sourceFactionName"": ""Asgardian"", ""sourceRealm"": ""The Storm-Rooted Aesir Holds"", ""sourceCultureRule"": ""source culture humans later copied as Norse myth"", ""preserve"": [""established faction identity"", ""Mythos Gates mythology"", ""Gates and Codex systems"", ""one player-controlled Avatar combat"", ""mobile UE5 zone structure""], ""forbid"": [""replacement factions"", ""generic corridor dungeon conversion"", ""PC-first combat assumptions"", ""generic monster filler"", ""lore rewrites""]}"
"MG-F02-C01-M02","Strike the Broken Rune Arrival Span: Name at the Gate","MG-FACTION-002","","1","1","MG-MAP-003","{""loop"": [""Explore"", ""Encounter"", ""1 Deity vs. Multiple Enemies"", ""Victory"", ""Rewards"", ""Upgrade Deity"", ""Explore Further""], ""forbidden"": [""squad combat"", ""team formations"", ""multiple player-controlled Avatars"", ""ally positioning"", ""team turns""], ""readableRule"": ""Legacy schema label says Deity, current fiction label says Deity: exactly one playable god or goddess is controlled in standard battle."", ""playerControlledAvatars"": 1}","{""enabled"": true, ""homeFactionId"": ""MG-FACTION-002"", ""homeFactionName"": ""Asgardian"", ""eligiblePoolIds"": [""MG-CROSS-RUN-IN-001"", ""MG-CROSS-RUN-IN-003"", ""MG-CROSS-RUN-IN-004"", ""MG-CROSS-RUN-IN-005"", ""MG-CROSS-RUN-IN-006"", ""MG-CROSS-RUN-IN-007""], ""recommendedPoolIds"": [""MG-CROSS-RUN-IN-005"", ""MG-CROSS-RUN-IN-006""], ""rule"": ""Run-ins must have a lore-valid reason: border conflict, Gate pressure, pursuit, oath, contract, trial, defense, corruption response, or event escalation. Never generic faction mixing."", ""oneAvatarVsManyUse"": ""Run-ins add enemy role pressure around the lone Avatar without creating ally units or squad play.""}","{""sourceFactionId"": ""MG-FACTION-002"", ""sourceFactionName"": ""Asgardian"", ""sourceRealm"": ""The Storm-Rooted Aesir Holds"", ""sourceCultureRule"": ""source culture humans later copied as Norse myth"", ""preserve"": [""established faction identity"", ""Mythos Gates mythology"", ""Gates and Codex systems"", ""one player-controlled Avatar combat"", ""mobile UE5 zone structure""], ""forbid"": [""replacement factions"", ""generic corridor dungeon conversion"", ""PC-first combat assumptions"", ""generic monster filler"", ""lore rewrites""]}"
"MG-F02-C01-M03","Bind the Storm-Oath Bridge: Forward Claim","MG-FACTION-002","","1","1","MG-MAP-003","{""loop"": [""Explore"", ""Encounter"", ""1 Deity vs. Multiple Enemies"", ""Victory"", ""Rewards"", ""Upgrade Deity"", ""Explore Further""], ""forbidden"": [""squad combat"", ""team formations"", ""multiple player-controlled Avatars"", ""ally positioning"", ""team turns""], ""readableRule"": ""Legacy schema label says Deity, current fiction label says Deity: exactly one playable god or goddess is controlled in standard battle."", ""playerControlledAvatars"": 1}","{""enabled"": true, ""homeFactionId"": ""MG-FACTION-002"", ""homeFactionName"": ""Asgardian"", ""eligiblePoolIds"": [""MG-CROSS-RUN-IN-001"", ""MG-CROSS-RUN-IN-003"", ""MG-CROSS-RUN-IN-004"", ""MG-CROSS-RUN-IN-005"", ""MG-CROSS-RUN-IN-006"", ""MG-CROSS-RUN-IN-007""], ""recommendedPoolIds"": [""MG-CROSS-RUN-IN-006"", ""MG-CROSS-RUN-IN-007""], ""rule"": ""Run-ins must have a lore-valid reason: border conflict, Gate pressure, pursuit, oath, contract, trial, defense, corruption response, or event escalation. Never generic faction mixing."", ""oneAvatarVsManyUse"": ""Run-ins add enemy role pressure around the lone Avatar without creating ally units or squad play.""}","{""sourceFactionId"": ""MG-FACTION-002"", ""sourceFactionName"": ""Asgardian"", ""sourceRealm"": ""The Storm-Rooted Aesir Holds"", ""sourceCultureRule"": ""source culture humans later copied as Norse myth"", ""preserve"": [""established faction identity"", ""Mythos Gates mythology"", ""Gates and Codex systems"", ""one player-controlled Avatar combat"", ""mobile UE5 zone structure""], ""forbid"": [""replacement factions"", ""generic corridor dungeon conversion"", ""PC-first combat assumptions"", ""generic monster filler"", ""lore rewrites""]}"
"MG-F02-C01-M04","Stand the Storm-Oath Bridge: Outer Line","MG-FACTION-002","","1","1","MG-MAP-003","{""loop"": [""Explore"", ""Encounter"", ""1 Deity vs. Multiple Enemies"", ""Victory"", ""Rewards"", ""Upgrade Deity"", ""Explore Further""], ""forbidden"": [""squad combat"", ""team formations"", ""multiple player-controlled Avatars"", ""ally positioning"", ""team turns""], ""readableRule"": ""Legacy schema label says Deity, current fiction label says Deity: exactly one playable god or goddess is controlled in standard battle."", ""playerControlledAvatars"": 1}","{""enabled"": true, ""homeFactionId"": ""MG-FACTION-002"", ""homeFactionName"": ""Asgardian"", ""eligiblePoolIds"": [""MG-CROSS-RUN-IN-001"", ""MG-CROSS-RUN-IN-003"", ""MG-CROSS-RUN-IN-004"", ""MG-CROSS-RUN-IN-005"", ""MG-CROSS-RUN-IN-006"", ""MG-CROSS-RUN-IN-007""], ""recommendedPoolIds"": [""MG-CROSS-RUN-IN-007"", ""MG-CROSS-RUN-IN-001""], ""rule"": ""Run-ins must have a lore-valid reason: border conflict, Gate pressure, pursuit, oath, contract, trial, defense, corruption response, or event escalation. Never generic faction mixing."", ""oneAvatarVsManyUse"": ""Run-ins add enemy role pressure around the lone Avatar without creating ally units or squad play.""}","{""sourceFactionId"": ""MG-FACTION-002"", ""sourceFactionName"": ""Asgardian"", ""sourceRealm"": ""The Storm-Rooted Aesir Holds"", ""sourceCultureRule"": ""source culture humans later copied as Norse myth"", ""preserve"": [""established faction identity"", ""Mythos Gates mythology"", ""Gates and Codex systems"", ""one player-controlled Avatar combat"", ""mobile UE5 zone structure""], ""forbid"": [""replacement factions"", ""generic corridor dungeon conversion"", ""PC-first combat assumptions"", ""generic monster filler"", ""lore rewrites""]}"
"MG-F02-C02-M05","Swear the Storm-Oath Bridge: Pressure Break","MG-FACTION-002","","1","1","MG-MAP-003","{""loop"": [""Explore"", ""Encounter"", ""1 Deity vs. Multiple Enemies"", ""Victory"", ""Rewards"", ""Upgrade Deity"", ""Explore Further""], ""forbidden"": [""squad combat"", ""team formations"", ""multiple player-controlled Avatars"", ""ally positioning"", ""team turns""], ""readableRule"": ""Legacy schema label says Deity, current fiction label says Deity: exactly one playable god or goddess is controlled in standard battle."", ""playerControlledAvatars"": 1}","{""enabled"": true, ""homeFactionId"": ""MG-FACTION-002"", ""homeFactionName"": ""Asgardian"", ""eligiblePoolIds"": [""MG-CROSS-RUN-IN-001"", ""MG-CROSS-RUN-IN-003"", ""MG-CROSS-RUN-IN-004"", ""MG-CROSS-RUN-IN-005"", ""MG-CROSS-RUN-IN-006"", ""MG-CROSS-RUN-IN-007""], ""recommendedPoolIds"": [""MG-CROSS-RUN-IN-003"", ""MG-CROSS-RUN-IN-004""], ""rule"": ""Run-ins must have a lore-valid reason: border conflict, Gate pressure, pursuit, oath, contract, trial, defense, corruption response, or event escalation. Never generic faction mixing."", ""oneAvatarVsManyUse"": ""Run-ins add enemy role pressure around the lone Avatar without creating ally units or squad play.""}","{""sourceFactionId"": ""MG-FACTION-002"", ""sourceFactionName"": ""Asgardian"", ""sourceRealm"": ""The Storm-Rooted Aesir Holds"", ""sourceCultureRule"": ""source culture humans later copied as Norse myth"", ""preserve"": [""established faction identity"", ""Mythos Gates mythology"", ""Gates and Codex systems"", ""one player-controlled Avatar combat"", ""mobile UE5 zone structure""], ""forbid"": [""replacement factions"", ""generic corridor dungeon conversion"", ""PC-first combat assumptions"", ""generic monster filler"", ""lore rewrites""]}"
"MG-F02-C02-M06","Strike the Valkyrie Weatherfield: Trial Mechanism","MG-FACTION-002","","1","1","MG-MAP-003","{""loop"": [""Explore"", ""Encounter"", ""1 Deity vs. Multiple Enemies"", ""Victory"", ""Rewards"", ""Upgrade Deity"", ""Explore Further""], ""forbidden"": [""squad combat"", ""team formations"", ""multiple player-controlled Avatars"", ""ally positioning"", ""team turns""], ""readableRule"": ""Legacy schema label says Deity, current fiction label says Deity: exactly one playable god or goddess is controlled in standard battle."", ""playerControlledAvatars"": 1}","{""enabled"": true, ""homeFactionId"": ""MG-FACTION-002"", ""homeFactionName"": ""Asgardian"", ""eligiblePoolIds"": [""MG-CROSS-RUN-IN-001"", ""MG-CROSS-RUN-IN-003"", ""MG-CROSS-RUN-IN-004"", ""MG-CROSS-RUN-IN-005"", ""MG-CROSS-RUN-IN-006"", ""MG-CROSS-RUN-IN-007""], ""recommendedPoolIds"": [""MG-CROSS-RUN-IN-004"", ""MG-CROSS-RUN-IN-005""], ""rule"": ""Run-ins must have a lore-valid reason: border conflict, Gate pressure, pursuit, oath, contract, trial, defense, corruption response, or event escalation. Never generic faction mixing."", ""oneAvatarVsManyUse"": ""Run-ins add enemy role pressure around the lone Avatar without creating ally units or squad play.""}","{""sourceFactionId"": ""MG-FACTION-002"", ""sourceFactionName"": ""Asgardian"", ""sourceRealm"": ""The Storm-Rooted Aesir Holds"", ""sourceCultureRule"": ""source culture humans later copied as Norse myth"", ""preserve"": [""established faction identity"", ""Mythos Gates mythology"", ""Gates and Codex systems"", ""one player-controlled Avatar combat"", ""mobile UE5 zone structure""], ""forbid"": [""replacement factions"", ""generic corridor dungeon conversion"", ""PC-first combat assumptions"", ""generic monster filler"", ""lore rewrites""]}"
"MG-F02-C02-M07","Bind the Valkyrie Weatherfield: Hazard Reading","MG-FACTION-002","","1","1","MG-MAP-003","{""loop"": [""Explore"", ""Encounter"", ""1 Deity vs. Multiple Enemies"", ""Victory"", ""Rewards"", ""Upgrade Deity"", ""Explore Further""], ""forbidden"": [""squad combat"", ""team formations"", ""multiple player-controlled Avatars"", ""ally positioning"", ""team turns""], ""readableRule"": ""Legacy schema label says Deity, current fiction label says Deity: exactly one playable god or goddess is controlled in standard battle."", ""playerControlledAvatars"": 1}","{""enabled"": true, ""homeFactionId"": ""MG-FACTION-002"", ""homeFactionName"": ""Asgardian"", ""eligiblePoolIds"": [""MG-CROSS-RUN-IN-001"", ""MG-CROSS-RUN-IN-003"", ""MG-CROSS-RUN-IN-004"", ""MG-CROSS-RUN-IN-005"", ""MG-CROSS-RUN-IN-006"", ""MG-CROSS-RUN-IN-007""], ""recommendedPoolIds"": [""MG-CROSS-RUN-IN-005"", ""MG-CROSS-RUN-IN-006""], ""rule"": ""Run-ins must have a lore-valid reason: border conflict, Gate pressure, pursuit, oath, contract, trial, defense, corruption response, or event escalation. Never generic faction mixing."", ""oneAvatarVsManyUse"": ""Run-ins add enemy role pressure around the lone Avatar without creating ally units or squad play.""}","{""sourceFactionId"": ""MG-FACTION-002"", ""sourceFactionName"": ""Asgardian"", ""sourceRealm"": ""The Storm-Rooted Aesir Holds"", ""sourceCultureRule"": ""source culture humans later copied as Norse myth"", ""preserve"": [""established faction identity"", ""Mythos Gates mythology"", ""Gates and Codex systems"", ""one player-controlled Avatar combat"", ""mobile UE5 zone structure""], ""forbid"": [""replacement factions"", ""generic corridor dungeon conversion"", ""PC-first combat assumptions"", ""generic monster filler"", ""lore rewrites""]}"
"MG-F02-C02-M08","Stand the Valkyrie Weatherfield: Lughching Law","MG-FACTION-002","","1","1","MG-MAP-003","{""loop"": [""Explore"", ""Encounter"", ""1 Deity vs. Multiple Enemies"", ""Victory"", ""Rewards"", ""Upgrade Deity"", ""Explore Further""], ""forbidden"": [""squad combat"", ""team formations"", ""multiple player-controlled Avatars"", ""ally positioning"", ""team turns""], ""readableRule"": ""Legacy schema label says Deity, current fiction label says Deity: exactly one playable god or goddess is controlled in standard battle."", ""playerControlledAvatars"": 1}","{""enabled"": true, ""homeFactionId"": ""MG-FACTION-002"", ""homeFactionName"": ""Asgardian"", ""eligiblePoolIds"": [""MG-CROSS-RUN-IN-001"", ""MG-CROSS-RUN-IN-003"", ""MG-CROSS-RUN-IN-004"", ""MG-CROSS-RUN-IN-005"", ""MG-CROSS-RUN-IN-006"", ""MG-CROSS-RUN-IN-007""], ""recommendedPoolIds"": [""MG-CROSS-RUN-IN-006"", ""MG-CROSS-RUN-IN-007""], ""rule"": ""Run-ins must have a lore-valid reason: border conflict, Gate pressure, pursuit, oath, contract, trial, defense, corruption response, or event escalation. Never generic faction mixing."", ""oneAvatarVsManyUse"": ""Run-ins add enemy role pressure around the lone Avatar without creating ally units or squad play.""}","{""sourceFactionId"": ""MG-FACTION-002"", ""sourceFactionName"": ""Asgardian"", ""sourceRealm"": ""The Storm-Rooted Aesir Holds"", ""sourceCultureRule"": ""source culture humans later copied as Norse myth"", ""preserve"": [""established faction identity"", ""Mythos Gates mythology"", ""Gates and Codex systems"", ""one player-controlled Avatar combat"", ""mobile UE5 zone structure""], ""forbid"": [""replacement factions"", ""generic corridor dungeon conversion"", ""PC-first combat assumptions"", ""generic monster filler"", ""lore rewrites""]}"
"MG-F02-C03-M09","Swear the Rune-Mountain Hall: Key Verdict","MG-FACTION-002","","1","1","MG-MAP-004","{""loop"": [""Explore"", ""Encounter"", ""1 Deity vs. Multiple Enemies"", ""Victory"", ""Rewards"", ""Upgrade Deity"", ""Explore Further""], ""forbidden"": [""squad combat"", ""team formations"", ""multiple player-controlled Avatars"", ""ally positioning"", ""team turns""], ""readableRule"": ""Legacy schema label says Deity, current fiction label says Deity: exactly one playable god or goddess is controlled in standard battle."", ""playerControlledAvatars"": 1}","{""enabled"": true, ""homeFactionId"": ""MG-FACTION-002"", ""homeFactionName"": ""Asgardian"", ""eligiblePoolIds"": [""MG-CROSS-RUN-IN-001"", ""MG-CROSS-RUN-IN-003"", ""MG-CROSS-RUN-IN-004"", ""MG-CROSS-RUN-IN-005"", ""MG-CROSS-RUN-IN-006"", ""MG-CROSS-RUN-IN-007""], ""recommendedPoolIds"": [""MG-CROSS-RUN-IN-001"", ""MG-CROSS-RUN-IN-003""], ""rule"": ""Run-ins must have a lore-valid reason: border conflict, Gate pressure, pursuit, oath, contract, trial, defense, corruption response, or event escalation. Never generic faction mixing."", ""oneAvatarVsManyUse"": ""Run-ins add enemy role pressure around the lone Avatar without creating ally units or squad play.""}","{""sourceFactionId"": ""MG-FACTION-002"", ""sourceFactionName"": ""Asgardian"", ""sourceRealm"": ""The Storm-Rooted Aesir Holds"", ""sourceCultureRule"": ""source culture humans later copied as Norse myth"", ""preserve"": [""established faction identity"", ""Mythos Gates mythology"", ""Gates and Codex systems"", ""one player-controlled Avatar combat"", ""mobile UE5 zone structure""], ""forbid"": [""replacement factions"", ""generic corridor dungeon conversion"", ""PC-first combat assumptions"", ""generic monster filler"", ""lore rewrites""]}"
"MG-F02-C03-M10","Strike the Rune-Mountain Hall: Elite Lock","MG-FACTION-002","","1","1","MG-MAP-004","{""loop"": [""Explore"", ""Encounter"", ""1 Deity vs. Multiple Enemies"", ""Victory"", ""Rewards"", ""Upgrade Deity"", ""Explore Further""], ""forbidden"": [""squad combat"", ""team formations"", ""multiple player-controlled Avatars"", ""ally positioning"", ""team turns""], ""readableRule"": ""Legacy schema label says Deity, current fiction label says Deity: exactly one playable god or goddess is controlled in standard battle."", ""playerControlledAvatars"": 1}","{""enabled"": true, ""homeFactionId"": ""MG-FACTION-002"", ""homeFactionName"": ""Asgardian"", ""eligiblePoolIds"": [""MG-CROSS-RUN-IN-001"", ""MG-CROSS-RUN-IN-003"", ""MG-CROSS-RUN-IN-004"", ""MG-CROSS-RUN-IN-005"", ""MG-CROSS-RUN-IN-006"", ""MG-CROSS-RUN-IN-007""], ""recommendedPoolIds"": [""MG-CROSS-RUN-IN-003"", ""MG-CROSS-RUN-IN-004""], ""rule"": ""Run-ins must have a lore-valid reason: border conflict, Gate pressure, pursuit, oath, contract, trial, defense, corruption response, or event escalation. Never generic faction mixing."", ""oneAvatarVsManyUse"": ""Run-ins add enemy role pressure around the lone Avatar without creating ally units or squad play.""}","{""sourceFactionId"": ""MG-FACTION-002"", ""sourceFactionName"": ""Asgardian"", ""sourceRealm"": ""The Storm-Rooted Aesir Holds"", ""sourceCultureRule"": ""source culture humans later copied as Norse myth"", ""preserve"": [""established faction identity"", ""Mythos Gates mythology"", ""Gates and Codex systems"", ""one player-controlled Avatar combat"", ""mobile UE5 zone structure""], ""forbid"": [""replacement factions"", ""generic corridor dungeon conversion"", ""PC-first combat assumptions"", ""generic monster filler"", ""lore rewrites""]}"
"MG-F02-C03-M11","Bind the Rune-Mountain Hall: Warden Duel","MG-FACTION-002","","1","1","MG-MAP-004","{""loop"": [""Explore"", ""Encounter"", ""1 Deity vs. Multiple Enemies"", ""Victory"", ""Rewards"", ""Upgrade Deity"", ""Explore Further""], ""forbidden"": [""squad combat"", ""team formations"", ""multiple player-controlled Avatars"", ""ally positioning"", ""team turns""], ""readableRule"": ""Legacy schema label says Deity, current fiction label says Deity: exactly one playable god or goddess is controlled in standard battle."", ""playerControlledAvatars"": 1}","{""enabled"": true, ""homeFactionId"": ""MG-FACTION-002"", ""homeFactionName"": ""Asgardian"", ""eligiblePoolIds"": [""MG-CROSS-RUN-IN-001"", ""MG-CROSS-RUN-IN-003"", ""MG-CROSS-RUN-IN-004"", ""MG-CROSS-RUN-IN-005"", ""MG-CROSS-RUN-IN-006"", ""MG-CROSS-RUN-IN-007""], ""recommendedPoolIds"": [""MG-CROSS-RUN-IN-004"", ""MG-CROSS-RUN-IN-005""], ""rule"": ""Run-ins must have a lore-valid reason: border conflict, Gate pressure, pursuit, oath, contract, trial, defense, corruption response, or event escalation. Never generic faction mixing."", ""oneAvatarVsManyUse"": ""Run-ins add enemy role pressure around the lone Avatar without creating ally units or squad play.""}","{""sourceFactionId"": ""MG-FACTION-002"", ""sourceFactionName"": ""Asgardian"", ""sourceRealm"": ""The Storm-Rooted Aesir Holds"", ""sourceCultureRule"": ""source culture humans later copied as Norse myth"", ""preserve"": [""established faction identity"", ""Mythos Gates mythology"", ""Gates and Codex systems"", ""one player-controlled Avatar combat"", ""mobile UE5 zone structure""], ""forbid"": [""replacement factions"", ""generic corridor dungeon conversion"", ""PC-first combat assumptions"", ""generic monster filler"", ""lore rewrites""]}"
"MG-F02-C03-M12","Stand the World-Root Snare Path: Lore Price","MG-FACTION-002","","1","1","MG-MAP-004","{""loop"": [""Explore"", ""Encounter"", ""1 Deity vs. Multiple Enemies"", ""Victory"", ""Rewards"", ""Upgrade Deity"", ""Explore Further""], ""forbidden"": [""squad combat"", ""team formations"", ""multiple player-controlled Avatars"", ""ally positioning"", ""team turns""], ""readableRule"": ""Legacy schema label says Deity, current fiction label says Deity: exactly one playable god or goddess is controlled in standard battle."", ""playerControlledAvatars"": 1}","{""enabled"": true, ""homeFactionId"": ""MG-FACTION-002"", ""homeFactionName"": ""Asgardian"", ""eligiblePoolIds"": [""MG-CROSS-RUN-IN-001"", ""MG-CROSS-RUN-IN-003"", ""MG-CROSS-RUN-IN-004"", ""MG-CROSS-RUN-IN-005"", ""MG-CROSS-RUN-IN-006"", ""MG-CROSS-RUN-IN-007""], ""recommendedPoolIds"": [""MG-CROSS-RUN-IN-005"", ""MG-CROSS-RUN-IN-006""], ""rule"": ""Run-ins must have a lore-valid reason: border conflict, Gate pressure, pursuit, oath, contract, trial, defense, corruption response, or event escalation. Never generic faction mixing."", ""oneAvatarVsManyUse"": ""Run-ins add enemy role pressure around the lone Avatar without creating ally units or squad play.""}","{""sourceFactionId"": ""MG-FACTION-002"", ""sourceFactionName"": ""Asgardian"", ""sourceRealm"": ""The Storm-Rooted Aesir Holds"", ""sourceCultureRule"": ""source culture humans later copied as Norse myth"", ""preserve"": [""established faction identity"", ""Mythos Gates mythology"", ""Gates and Codex systems"", ""one player-controlled Avatar combat"", ""mobile UE5 zone structure""], ""forbid"": [""replacement factions"", ""generic corridor dungeon conversion"", ""PC-first combat assumptions"", ""generic monster filler"", ""lore rewrites""]}"
"MG-F02-C04-M13","Swear the World-Root Snare Path: Relic Detour","MG-FACTION-002","","1","1","MG-MAP-003","{""loop"": [""Explore"", ""Encounter"", ""1 Deity vs. Multiple Enemies"", ""Victory"", ""Rewards"", ""Upgrade Deity"", ""Explore Further""], ""forbidden"": [""squad combat"", ""team formations"", ""multiple player-controlled Avatars"", ""ally positioning"", ""team turns""], ""readableRule"": ""Legacy schema label says Deity, current fiction label says Deity: exactly one playable god or goddess is controlled in standard battle."", ""playerControlledAvatars"": 1}","{""enabled"": true, ""homeFactionId"": ""MG-FACTION-002"", ""homeFactionName"": ""Asgardian"", ""eligiblePoolIds"": [""MG-CROSS-RUN-IN-001"", ""MG-CROSS-RUN-IN-003"", ""MG-CROSS-RUN-IN-004"", ""MG-CROSS-RUN-IN-005"", ""MG-CROSS-RUN-IN-006"", ""MG-CROSS-RUN-IN-007""], ""recommendedPoolIds"": [""MG-CROSS-RUN-IN-007"", ""MG-CROSS-RUN-IN-001""], ""rule"": ""Run-ins must have a lore-valid reason: border conflict, Gate pressure, pursuit, oath, contract, trial, defense, corruption response, or event escalation. Never generic faction mixing."", ""oneAvatarVsManyUse"": ""Run-ins add enemy role pressure around the lone Avatar without creating ally units or squad play.""}","{""sourceFactionId"": ""MG-FACTION-002"", ""sourceFactionName"": ""Asgardian"", ""sourceRealm"": ""The Storm-Rooted Aesir Holds"", ""sourceCultureRule"": ""source culture humans later copied as Norse myth"", ""preserve"": [""established faction identity"", ""Mythos Gates mythology"", ""Gates and Codex systems"", ""one player-controlled Avatar combat"", ""mobile UE5 zone structure""], ""forbid"": [""replacement factions"", ""generic corridor dungeon conversion"", ""PC-first combat assumptions"", ""generic monster filler"", ""lore rewrites""]}"
"MG-F02-C04-M14","Strike the World-Root Snare Path: Hidden Cache","MG-FACTION-002","","1","1","MG-MAP-003","{""loop"": [""Explore"", ""Encounter"", ""1 Deity vs. Multiple Enemies"", ""Victory"", ""Rewards"", ""Upgrade Deity"", ""Explore Further""], ""forbidden"": [""squad combat"", ""team formations"", ""multiple player-controlled Avatars"", ""ally positioning"", ""team turns""], ""readableRule"": ""Legacy schema label says Deity, current fiction label says Deity: exactly one playable god or goddess is controlled in standard battle."", ""playerControlledAvatars"": 1}","{""enabled"": true, ""homeFactionId"": ""MG-FACTION-002"", ""homeFactionName"": ""Asgardian"", ""eligiblePoolIds"": [""MG-CROSS-RUN-IN-001"", ""MG-CROSS-RUN-IN-003"", ""MG-CROSS-RUN-IN-004"", ""MG-CROSS-RUN-IN-005"", ""MG-CROSS-RUN-IN-006"", ""MG-CROSS-RUN-IN-007""], ""recommendedPoolIds"": [""MG-CROSS-RUN-IN-001"", ""MG-CROSS-RUN-IN-003""], ""rule"": ""Run-ins must have a lore-valid reason: border conflict, Gate pressure, pursuit, oath, contract, trial, defense, corruption response, or event escalation. Never generic faction mixing."", ""oneAvatarVsManyUse"": ""Run-ins add enemy role pressure around the lone Avatar without creating ally units or squad play.""}","{""sourceFactionId"": ""MG-FACTION-002"", ""sourceFactionName"": ""Asgardian"", ""sourceRealm"": ""The Storm-Rooted Aesir Holds"", ""sourceCultureRule"": ""source culture humans later copied as Norse myth"", ""preserve"": [""established faction identity"", ""Mythos Gates mythology"", ""Gates and Codex systems"", ""one player-controlled Avatar combat"", ""mobile UE5 zone structure""], ""forbid"": [""replacement factions"", ""generic corridor dungeon conversion"", ""PC-first combat assumptions"", ""generic monster filler"", ""lore rewrites""]}"
"MG-F02-C04-M15","Bind the Betrayal Memory Hollow: Boss Threshold","MG-FACTION-002","","1","1","MG-MAP-003","{""loop"": [""Explore"", ""Encounter"", ""1 Deity vs. Multiple Enemies"", ""Victory"", ""Rewards"", ""Upgrade Deity"", ""Explore Further""], ""forbidden"": [""squad combat"", ""team formations"", ""multiple player-controlled Avatars"", ""ally positioning"", ""team turns""], ""readableRule"": ""Legacy schema label says Deity, current fiction label says Deity: exactly one playable god or goddess is controlled in standard battle."", ""playerControlledAvatars"": 1}","{""enabled"": true, ""homeFactionId"": ""MG-FACTION-002"", ""homeFactionName"": ""Asgardian"", ""eligiblePoolIds"": [""MG-CROSS-RUN-IN-001"", ""MG-CROSS-RUN-IN-003"", ""MG-CROSS-RUN-IN-004"", ""MG-CROSS-RUN-IN-005"", ""MG-CROSS-RUN-IN-006"", ""MG-CROSS-RUN-IN-007""], ""recommendedPoolIds"": [""MG-CROSS-RUN-IN-003"", ""MG-CROSS-RUN-IN-004""], ""rule"": ""Run-ins must have a lore-valid reason: border conflict, Gate pressure, pursuit, oath, contract, trial, defense, corruption response, or event escalation. Never generic faction mixing."", ""oneAvatarVsManyUse"": ""Run-ins add enemy role pressure around the lone Avatar without creating ally units or squad play.""}","{""sourceFactionId"": ""MG-FACTION-002"", ""sourceFactionName"": ""Asgardian"", ""sourceRealm"": ""The Storm-Rooted Aesir Holds"", ""sourceCultureRule"": ""source culture humans later copied as Norse myth"", ""preserve"": [""established faction identity"", ""Mythos Gates mythology"", ""Gates and Codex systems"", ""one player-controlled Avatar combat"", ""mobile UE5 zone structure""], ""forbid"": [""replacement factions"", ""generic corridor dungeon conversion"", ""PC-first combat assumptions"", ""generic monster filler"", ""lore rewrites""]}"
"MG-F02-C04-M16","Stand the Betrayal Memory Hollow: Final Approach","MG-FACTION-002","","1","1","MG-MAP-003","{""loop"": [""Explore"", ""Encounter"", ""1 Deity vs. Multiple Enemies"", ""Victory"", ""Rewards"", ""Upgrade Deity"", ""Explore Further""], ""forbidden"": [""squad combat"", ""team formations"", ""multiple player-controlled Avatars"", ""ally positioning"", ""team turns""], ""readableRule"": ""Legacy schema label says Deity, current fiction label says Deity: exactly one playable god or goddess is controlled in standard battle."", ""playerControlledAvatars"": 1}","{""enabled"": true, ""homeFactionId"": ""MG-FACTION-002"", ""homeFactionName"": ""Asgardian"", ""eligiblePoolIds"": [""MG-CROSS-RUN-IN-001"", ""MG-CROSS-RUN-IN-003"", ""MG-CROSS-RUN-IN-004"", ""MG-CROSS-RUN-IN-005"", ""MG-CROSS-RUN-IN-006"", ""MG-CROSS-RUN-IN-007""], ""recommendedPoolIds"": [""MG-CROSS-RUN-IN-004"", ""MG-CROSS-RUN-IN-005""], ""rule"": ""Run-ins must have a lore-valid reason: border conflict, Gate pressure, pursuit, oath, contract, trial, defense, corruption response, or event escalation. Never generic faction mixing."", ""oneAvatarVsManyUse"": ""Run-ins add enemy role pressure around the lone Avatar without creating ally units or squad play.""}","{""sourceFactionId"": ""MG-FACTION-002"", ""sourceFactionName"": ""Asgardian"", ""sourceRealm"": ""The Storm-Rooted Aesir Holds"", ""sourceCultureRule"": ""source culture humans later copied as Norse myth"", ""preserve"": [""established faction identity"", ""Mythos Gates mythology"", ""Gates and Codex systems"", ""one player-controlled Avatar combat"", ""mobile UE5 zone structure""], ""forbid"": [""replacement factions"", ""generic corridor dungeon conversion"", ""PC-first combat assumptions"", ""generic monster filler"", ""lore rewrites""]}"
"MG-F02-C05-M17","Swear the Betrayal Memory Hollow: Antechamber Seal","MG-FACTION-002","","1","1","MG-MAP-003","{""loop"": [""Explore"", ""Encounter"", ""1 Deity vs. Multiple Enemies"", ""Victory"", ""Rewards"", ""Upgrade Deity"", ""Explore Further""], ""forbidden"": [""squad combat"", ""team formations"", ""multiple player-controlled Avatars"", ""ally positioning"", ""team turns""], ""readableRule"": ""Legacy schema label says Deity, current fiction label says Deity: exactly one playable god or goddess is controlled in standard battle."", ""playerControlledAvatars"": 1}","{""enabled"": true, ""homeFactionId"": ""MG-FACTION-002"", ""homeFactionName"": ""Asgardian"", ""eligiblePoolIds"": [""MG-CROSS-RUN-IN-001"", ""MG-CROSS-RUN-IN-003"", ""MG-CROSS-RUN-IN-004"", ""MG-CROSS-RUN-IN-005"", ""MG-CROSS-RUN-IN-006"", ""MG-CROSS-RUN-IN-007""], ""recommendedPoolIds"": [""MG-CROSS-RUN-IN-006"", ""MG-CROSS-RUN-IN-007""], ""rule"": ""Run-ins must have a lore-valid reason: border conflict, Gate pressure, pursuit, oath, contract, trial, defense, corruption response, or event escalation. Never generic faction mixing."", ""oneAvatarVsManyUse"": ""Run-ins add enemy role pressure around the lone Avatar without creating ally units or squad play.""}","{""sourceFactionId"": ""MG-FACTION-002"", ""sourceFactionName"": ""Asgardian"", ""sourceRealm"": ""The Storm-Rooted Aesir Holds"", ""sourceCultureRule"": ""source culture humans later copied as Norse myth"", ""preserve"": [""established faction identity"", ""Mythos Gates mythology"", ""Gates and Codex systems"", ""one player-controlled Avatar combat"", ""mobile UE5 zone structure""], ""forbid"": [""replacement factions"", ""generic corridor dungeon conversion"", ""PC-first combat assumptions"", ""generic monster filler"", ""lore rewrites""]}"
"MG-F02-C05-M18","Strike the Standard Bearer Storm Keep: Ascension Seal","MG-FACTION-002","","1","1","MG-MAP-003","{""loop"": [""Explore"", ""Encounter"", ""1 Deity vs. Multiple Enemies"", ""Victory"", ""Rewards"", ""Upgrade Deity"", ""Explore Further""], ""forbidden"": [""squad combat"", ""team formations"", ""multiple player-controlled Avatars"", ""ally positioning"", ""team turns""], ""readableRule"": ""Legacy schema label says Deity, current fiction label says Deity: exactly one playable god or goddess is controlled in standard battle."", ""playerControlledAvatars"": 1}","{""enabled"": true, ""homeFactionId"": ""MG-FACTION-002"", ""homeFactionName"": ""Asgardian"", ""eligiblePoolIds"": [""MG-CROSS-RUN-IN-001"", ""MG-CROSS-RUN-IN-003"", ""MG-CROSS-RUN-IN-004"", ""MG-CROSS-RUN-IN-005"", ""MG-CROSS-RUN-IN-006"", ""MG-CROSS-RUN-IN-007""], ""recommendedPoolIds"": [""MG-CROSS-RUN-IN-007"", ""MG-CROSS-RUN-IN-001""], ""rule"": ""Run-ins must have a lore-valid reason: border conflict, Gate pressure, pursuit, oath, contract, trial, defense, corruption response, or event escalation. Never generic faction mixing."", ""oneAvatarVsManyUse"": ""Run-ins add enemy role pressure around the lone Avatar without creating ally units or squad play.""}","{""sourceFactionId"": ""MG-FACTION-002"", ""sourceFactionName"": ""Asgardian"", ""sourceRealm"": ""The Storm-Rooted Aesir Holds"", ""sourceCultureRule"": ""source culture humans later copied as Norse myth"", ""preserve"": [""established faction identity"", ""Mythos Gates mythology"", ""Gates and Codex systems"", ""one player-controlled Avatar combat"", ""mobile UE5 zone structure""], ""forbid"": [""replacement factions"", ""generic corridor dungeon conversion"", ""PC-first combat assumptions"", ""generic monster filler"", ""lore rewrites""]}"
"MG-F02-C05-M19","Bind the Standard Bearer Storm Keep: Boss Chamber","MG-FACTION-002","","1","1","MG-MAP-003","{""loop"": [""Explore"", ""Encounter"", ""1 Deity vs. Multiple Enemies"", ""Victory"", ""Rewards"", ""Upgrade Deity"", ""Explore Further""], ""forbidden"": [""squad combat"", ""team formations"", ""multiple player-controlled Avatars"", ""ally positioning"", ""team turns""], ""readableRule"": ""Legacy schema label says Deity, current fiction label says Deity: exactly one playable god or goddess is controlled in standard battle."", ""playerControlledAvatars"": 1}","{""enabled"": true, ""homeFactionId"": ""MG-FACTION-002"", ""homeFactionName"": ""Asgardian"", ""eligiblePoolIds"": [""MG-CROSS-RUN-IN-001"", ""MG-CROSS-RUN-IN-003"", ""MG-CROSS-RUN-IN-004"", ""MG-CROSS-RUN-IN-005"", ""MG-CROSS-RUN-IN-006"", ""MG-CROSS-RUN-IN-007""], ""recommendedPoolIds"": [""MG-CROSS-RUN-IN-001"", ""MG-CROSS-RUN-IN-003""], ""rule"": ""Run-ins must have a lore-valid reason: border conflict, Gate pressure, pursuit, oath, contract, trial, defense, corruption response, or event escalation. Never generic faction mixing."", ""oneAvatarVsManyUse"": ""Run-ins add enemy role pressure around the lone Avatar without creating ally units or squad play.""}","{""sourceFactionId"": ""MG-FACTION-002"", ""sourceFactionName"": ""Asgardian"", ""sourceRealm"": ""The Storm-Rooted Aesir Holds"", ""sourceCultureRule"": ""source culture humans later copied as Norse myth"", ""preserve"": [""established faction identity"", ""Mythos Gates mythology"", ""Gates and Codex systems"", ""one player-controlled Avatar combat"", ""mobile UE5 zone structure""], ""forbid"": [""replacement factions"", ""generic corridor dungeon conversion"", ""PC-first combat assumptions"", ""generic monster filler"", ""lore rewrites""]}"
"MG-F02-C05-M20","Stand the Standard Bearer Storm Keep: Gate Verdict","MG-FACTION-002","","1","1","MG-MAP-003","{""loop"": [""Explore"", ""Encounter"", ""1 Deity vs. Multiple Enemies"", ""Victory"", ""Rewards"", ""Upgrade Deity"", ""Explore Further""], ""forbidden"": [""squad combat"", ""team formations"", ""multiple player-controlled Avatars"", ""ally positioning"", ""team turns""], ""readableRule"": ""Legacy schema label says Deity, current fiction label says Deity: exactly one playable god or goddess is controlled in standard battle."", ""playerControlledAvatars"": 1}","{""enabled"": true, ""homeFactionId"": ""MG-FACTION-002"", ""homeFactionName"": ""Asgardian"", ""eligiblePoolIds"": [""MG-CROSS-RUN-IN-001"", ""MG-CROSS-RUN-IN-003"", ""MG-CROSS-RUN-IN-004"", ""MG-CROSS-RUN-IN-005"", ""MG-CROSS-RUN-IN-006"", ""MG-CROSS-RUN-IN-007""], ""recommendedPoolIds"": [""MG-CROSS-RUN-IN-003"", ""MG-CROSS-RUN-IN-004""], ""rule"": ""Run-ins must have a lore-valid reason: border conflict, Gate pressure, pursuit, oath, contract, trial, defense, corruption response, or event escalation. Never generic faction mixing."", ""oneAvatarVsManyUse"": ""Run-ins add enemy role pressure around the lone Avatar without creating ally units or squad play.""}","{""sourceFactionId"": ""MG-FACTION-002"", ""sourceFactionName"": ""Asgardian"", ""sourceRealm"": ""The Storm-Rooted Aesir Holds"", ""sourceCultureRule"": ""source culture humans later copied as Norse myth"", ""preserve"": [""established faction identity"", ""Mythos Gates mythology"", ""Gates and Codex systems"", ""one player-controlled Avatar combat"", ""mobile UE5 zone structure""], ""forbid"": [""replacement factions"", ""generic corridor dungeon conversion"", ""PC-first combat assumptions"", ""generic monster filler"", ""lore rewrites""]}"
"MG-F02-E-C01-M01","Elite: Swear the Broken Rune Arrival Span: First Crossing","MG-FACTION-002","","1","1","MG-MAP-003","{""loop"": [""Explore"", ""Encounter"", ""1 Deity vs. Multiple Enemies"", ""Victory"", ""Rewards"", ""Upgrade Deity"", ""Explore Further""], ""forbidden"": [""squad combat"", ""team formations"", ""multiple player-controlled Avatars"", ""ally positioning"", ""team turns""], ""readableRule"": ""Legacy schema label says Deity, current fiction label says Deity: exactly one playable god or goddess is controlled in standard battle."", ""playerControlledAvatars"": 1}","{""enabled"": true, ""homeFactionId"": ""MG-FACTION-002"", ""homeFactionName"": ""Asgardian"", ""eligiblePoolIds"": [""MG-CROSS-RUN-IN-001"", ""MG-CROSS-RUN-IN-003"", ""MG-CROSS-RUN-IN-004"", ""MG-CROSS-RUN-IN-005"", ""MG-CROSS-RUN-IN-006"", ""MG-CROSS-RUN-IN-007""], ""recommendedPoolIds"": [""MG-CROSS-RUN-IN-004"", ""MG-CROSS-RUN-IN-005""], ""rule"": ""Run-ins must have a lore-valid reason: border conflict, Gate pressure, pursuit, oath, contract, trial, defense, corruption response, or event escalation. Never generic faction mixing."", ""oneAvatarVsManyUse"": ""Run-ins add enemy role pressure around the lone Avatar without creating ally units or squad play.""}","{""sourceFactionId"": ""MG-FACTION-002"", ""sourceFactionName"": ""Asgardian"", ""sourceRealm"": ""The Storm-Rooted Aesir Holds"", ""sourceCultureRule"": ""source culture humans later copied as Norse myth"", ""preserve"": [""established faction identity"", ""Mythos Gates mythology"", ""Gates and Codex systems"", ""one player-controlled Avatar combat"", ""mobile UE5 zone structure""], ""forbid"": [""replacement factions"", ""generic corridor dungeon conversion"", ""PC-first combat assumptions"", ""generic monster filler"", ""lore rewrites""]}"
"MG-F02-E-C01-M02","Elite: Strike the Broken Rune Arrival Span: Name at the Gate","MG-FACTION-002","","1","1","MG-MAP-003","{""loop"": [""Explore"", ""Encounter"", ""1 Deity vs. Multiple Enemies"", ""Victory"", ""Rewards"", ""Upgrade Deity"", ""Explore Further""], ""forbidden"": [""squad combat"", ""team formations"", ""multiple player-controlled Avatars"", ""ally positioning"", ""team turns""], ""readableRule"": ""Legacy schema label says Deity, current fiction label says Deity: exactly one playable god or goddess is controlled in standard battle."", ""playerControlledAvatars"": 1}","{""enabled"": true, ""homeFactionId"": ""MG-FACTION-002"", ""homeFactionName"": ""Asgardian"", ""eligiblePoolIds"": [""MG-CROSS-RUN-IN-001"", ""MG-CROSS-RUN-IN-003"", ""MG-CROSS-RUN-IN-004"", ""MG-CROSS-RUN-IN-005"", ""MG-CROSS-RUN-IN-006"", ""MG-CROSS-RUN-IN-007""], ""recommendedPoolIds"": [""MG-CROSS-RUN-IN-005"", ""MG-CROSS-RUN-IN-006""], ""rule"": ""Run-ins must have a lore-valid reason: border conflict, Gate pressure, pursuit, oath, contract, trial, defense, corruption response, or event escalation. Never generic faction mixing."", ""oneAvatarVsManyUse"": ""Run-ins add enemy role pressure around the lone Avatar without creating ally units or squad play.""}","{""sourceFactionId"": ""MG-FACTION-002"", ""sourceFactionName"": ""Asgardian"", ""sourceRealm"": ""The Storm-Rooted Aesir Holds"", ""sourceCultureRule"": ""source culture humans later copied as Norse myth"", ""preserve"": [""established faction identity"", ""Mythos Gates mythology"", ""Gates and Codex systems"", ""one player-controlled Avatar combat"", ""mobile UE5 zone structure""], ""forbid"": [""replacement factions"", ""generic corridor dungeon conversion"", ""PC-first combat assumptions"", ""generic monster filler"", ""lore rewrites""]}"
"MG-F02-E-C01-M03","Elite: Bind the Storm-Oath Bridge: Forward Claim","MG-FACTION-002","","1","1","MG-MAP-003","{""loop"": [""Explore"", ""Encounter"", ""1 Deity vs. Multiple Enemies"", ""Victory"", ""Rewards"", ""Upgrade Deity"", ""Explore Further""], ""forbidden"": [""squad combat"", ""team formations"", ""multiple player-controlled Avatars"", ""ally positioning"", ""team turns""], ""readableRule"": ""Legacy schema label says Deity, current fiction label says Deity: exactly one playable god or goddess is controlled in standard battle."", ""playerControlledAvatars"": 1}","{""enabled"": true, ""homeFactionId"": ""MG-FACTION-002"", ""homeFactionName"": ""Asgardian"", ""eligiblePoolIds"": [""MG-CROSS-RUN-IN-001"", ""MG-CROSS-RUN-IN-003"", ""MG-CROSS-RUN-IN-004"", ""MG-CROSS-RUN-IN-005"", ""MG-CROSS-RUN-IN-006"", ""MG-CROSS-RUN-IN-007""], ""recommendedPoolIds"": [""MG-CROSS-RUN-IN-006"", ""MG-CROSS-RUN-IN-007""], ""rule"": ""Run-ins must have a lore-valid reason: border conflict, Gate pressure, pursuit, oath, contract, trial, defense, corruption response, or event escalation. Never generic faction mixing."", ""oneAvatarVsManyUse"": ""Run-ins add enemy role pressure around the lone Avatar without creating ally units or squad play.""}","{""sourceFactionId"": ""MG-FACTION-002"", ""sourceFactionName"": ""Asgardian"", ""sourceRealm"": ""The Storm-Rooted Aesir Holds"", ""sourceCultureRule"": ""source culture humans later copied as Norse myth"", ""preserve"": [""established faction identity"", ""Mythos Gates mythology"", ""Gates and Codex systems"", ""one player-controlled Avatar combat"", ""mobile UE5 zone structure""], ""forbid"": [""replacement factions"", ""generic corridor dungeon conversion"", ""PC-first combat assumptions"", ""generic monster filler"", ""lore rewrites""]}"
"MG-F02-E-C01-M04","Elite: Stand the Storm-Oath Bridge: Outer Line","MG-FACTION-002","","1","1","MG-MAP-003","{""loop"": [""Explore"", ""Encounter"", ""1 Deity vs. Multiple Enemies"", ""Victory"", ""Rewards"", ""Upgrade Deity"", ""Explore Further""], ""forbidden"": [""squad combat"", ""team formations"", ""multiple player-controlled Avatars"", ""ally positioning"", ""team turns""], ""readableRule"": ""Legacy schema label says Deity, current fiction label says Deity: exactly one playable god or goddess is controlled in standard battle."", ""playerControlledAvatars"": 1}","{""enabled"": true, ""homeFactionId"": ""MG-FACTION-002"", ""homeFactionName"": ""Asgardian"", ""eligiblePoolIds"": [""MG-CROSS-RUN-IN-001"", ""MG-CROSS-RUN-IN-003"", ""MG-CROSS-RUN-IN-004"", ""MG-CROSS-RUN-IN-005"", ""MG-CROSS-RUN-IN-006"", ""MG-CROSS-RUN-IN-007""], ""recommendedPoolIds"": [""MG-CROSS-RUN-IN-007"", ""MG-CROSS-RUN-IN-001""], ""rule"": ""Run-ins must have a lore-valid reason: border conflict, Gate pressure, pursuit, oath, contract, trial, defense, corruption response, or event escalation. Never generic faction mixing."", ""oneAvatarVsManyUse"": ""Run-ins add enemy role pressure around the lone Avatar without creating ally units or squad play.""}","{""sourceFactionId"": ""MG-FACTION-002"", ""sourceFactionName"": ""Asgardian"", ""sourceRealm"": ""The Storm-Rooted Aesir Holds"", ""sourceCultureRule"": ""source culture humans later copied as Norse myth"", ""preserve"": [""established faction identity"", ""Mythos Gates mythology"", ""Gates and Codex systems"", ""one player-controlled Avatar combat"", ""mobile UE5 zone structure""], ""forbid"": [""replacement factions"", ""generic corridor dungeon conversion"", ""PC-first combat assumptions"", ""generic monster filler"", ""lore rewrites""]}"
"MG-F02-E-C02-M05","Elite: Swear the Storm-Oath Bridge: Pressure Break","MG-FACTION-002","","1","1","MG-MAP-003","{""loop"": [""Explore"", ""Encounter"", ""1 Deity vs. Multiple Enemies"", ""Victory"", ""Rewards"", ""Upgrade Deity"", ""Explore Further""], ""forbidden"": [""squad combat"", ""team formations"", ""multiple player-controlled Avatars"", ""ally positioning"", ""team turns""], ""readableRule"": ""Legacy schema label says Deity, current fiction label says Deity: exactly one playable god or goddess is controlled in standard battle."", ""playerControlledAvatars"": 1}","{""enabled"": true, ""homeFactionId"": ""MG-FACTION-002"", ""homeFactionName"": ""Asgardian"", ""eligiblePoolIds"": [""MG-CROSS-RUN-IN-001"", ""MG-CROSS-RUN-IN-003"", ""MG-CROSS-RUN-IN-004"", ""MG-CROSS-RUN-IN-005"", ""MG-CROSS-RUN-IN-006"", ""MG-CROSS-RUN-IN-007""], ""recommendedPoolIds"": [""MG-CROSS-RUN-IN-003"", ""MG-CROSS-RUN-IN-004""], ""rule"": ""Run-ins must have a lore-valid reason: border conflict, Gate pressure, pursuit, oath, contract, trial, defense, corruption response, or event escalation. Never generic faction mixing."", ""oneAvatarVsManyUse"": ""Run-ins add enemy role pressure around the lone Avatar without creating ally units or squad play.""}","{""sourceFactionId"": ""MG-FACTION-002"", ""sourceFactionName"": ""Asgardian"", ""sourceRealm"": ""The Storm-Rooted Aesir Holds"", ""sourceCultureRule"": ""source culture humans later copied as Norse myth"", ""preserve"": [""established faction identity"", ""Mythos Gates mythology"", ""Gates and Codex systems"", ""one player-controlled Avatar combat"", ""mobile UE5 zone structure""], ""forbid"": [""replacement factions"", ""generic corridor dungeon conversion"", ""PC-first combat assumptions"", ""generic monster filler"", ""lore rewrites""]}"
"MG-F02-E-C02-M06","Elite: Strike the Valkyrie Weatherfield: Trial Mechanism","MG-FACTION-002","","1","1","MG-MAP-003","{""loop"": [""Explore"", ""Encounter"", ""1 Deity vs. Multiple Enemies"", ""Victory"", ""Rewards"", ""Upgrade Deity"", ""Explore Further""], ""forbidden"": [""squad combat"", ""team formations"", ""multiple player-controlled Avatars"", ""ally positioning"", ""team turns""], ""readableRule"": ""Legacy schema label says Deity, current fiction label says Deity: exactly one playable god or goddess is controlled in standard battle."", ""playerControlledAvatars"": 1}","{""enabled"": true, ""homeFactionId"": ""MG-FACTION-002"", ""homeFactionName"": ""Asgardian"", ""eligiblePoolIds"": [""MG-CROSS-RUN-IN-001"", ""MG-CROSS-RUN-IN-003"", ""MG-CROSS-RUN-IN-004"", ""MG-CROSS-RUN-IN-005"", ""MG-CROSS-RUN-IN-006"", ""MG-CROSS-RUN-IN-007""], ""recommendedPoolIds"": [""MG-CROSS-RUN-IN-004"", ""MG-CROSS-RUN-IN-005""], ""rule"": ""Run-ins must have a lore-valid reason: border conflict, Gate pressure, pursuit, oath, contract, trial, defense, corruption response, or event escalation. Never generic faction mixing."", ""oneAvatarVsManyUse"": ""Run-ins add enemy role pressure around the lone Avatar without creating ally units or squad play.""}","{""sourceFactionId"": ""MG-FACTION-002"", ""sourceFactionName"": ""Asgardian"", ""sourceRealm"": ""The Storm-Rooted Aesir Holds"", ""sourceCultureRule"": ""source culture humans later copied as Norse myth"", ""preserve"": [""established faction identity"", ""Mythos Gates mythology"", ""Gates and Codex systems"", ""one player-controlled Avatar combat"", ""mobile UE5 zone structure""], ""forbid"": [""replacement factions"", ""generic corridor dungeon conversion"", ""PC-first combat assumptions"", ""generic monster filler"", ""lore rewrites""]}"
"MG-F02-E-C02-M07","Elite: Bind the Valkyrie Weatherfield: Hazard Reading","MG-FACTION-002","","1","1","MG-MAP-003","{""loop"": [""Explore"", ""Encounter"", ""1 Deity vs. Multiple Enemies"", ""Victory"", ""Rewards"", ""Upgrade Deity"", ""Explore Further""], ""forbidden"": [""squad combat"", ""team formations"", ""multiple player-controlled Avatars"", ""ally positioning"", ""team turns""], ""readableRule"": ""Legacy schema label says Deity, current fiction label says Deity: exactly one playable god or goddess is controlled in standard battle."", ""playerControlledAvatars"": 1}","{""enabled"": true, ""homeFactionId"": ""MG-FACTION-002"", ""homeFactionName"": ""Asgardian"", ""eligiblePoolIds"": [""MG-CROSS-RUN-IN-001"", ""MG-CROSS-RUN-IN-003"", ""MG-CROSS-RUN-IN-004"", ""MG-CROSS-RUN-IN-005"", ""MG-CROSS-RUN-IN-006"", ""MG-CROSS-RUN-IN-007""], ""recommendedPoolIds"": [""MG-CROSS-RUN-IN-005"", ""MG-CROSS-RUN-IN-006""], ""rule"": ""Run-ins must have a lore-valid reason: border conflict, Gate pressure, pursuit, oath, contract, trial, defense, corruption response, or event escalation. Never generic faction mixing."", ""oneAvatarVsManyUse"": ""Run-ins add enemy role pressure around the lone Avatar without creating ally units or squad play.""}","{""sourceFactionId"": ""MG-FACTION-002"", ""sourceFactionName"": ""Asgardian"", ""sourceRealm"": ""The Storm-Rooted Aesir Holds"", ""sourceCultureRule"": ""source culture humans later copied as Norse myth"", ""preserve"": [""established faction identity"", ""Mythos Gates mythology"", ""Gates and Codex systems"", ""one player-controlled Avatar combat"", ""mobile UE5 zone structure""], ""forbid"": [""replacement factions"", ""generic corridor dungeon conversion"", ""PC-first combat assumptions"", ""generic monster filler"", ""lore rewrites""]}"
"MG-F02-E-C02-M08","Elite: Stand the Valkyrie Weatherfield: Lughching Law","MG-FACTION-002","","1","1","MG-MAP-003","{""loop"": [""Explore"", ""Encounter"", ""1 Deity vs. Multiple Enemies"", ""Victory"", ""Rewards"", ""Upgrade Deity"", ""Explore Further""], ""forbidden"": [""squad combat"", ""team formations"", ""multiple player-controlled Avatars"", ""ally positioning"", ""team turns""], ""readableRule"": ""Legacy schema label says Deity, current fiction label says Deity: exactly one playable god or goddess is controlled in standard battle."", ""playerControlledAvatars"": 1}","{""enabled"": true, ""homeFactionId"": ""MG-FACTION-002"", ""homeFactionName"": ""Asgardian"", ""eligiblePoolIds"": [""MG-CROSS-RUN-IN-001"", ""MG-CROSS-RUN-IN-003"", ""MG-CROSS-RUN-IN-004"", ""MG-CROSS-RUN-IN-005"", ""MG-CROSS-RUN-IN-006"", ""MG-CROSS-RUN-IN-007""], ""recommendedPoolIds"": [""MG-CROSS-RUN-IN-006"", ""MG-CROSS-RUN-IN-007""], ""rule"": ""Run-ins must have a lore-valid reason: border conflict, Gate pressure, pursuit, oath, contract, trial, defense, corruption response, or event escalation. Never generic faction mixing."", ""oneAvatarVsManyUse"": ""Run-ins add enemy role pressure around the lone Avatar without creating ally units or squad play.""}","{""sourceFactionId"": ""MG-FACTION-002"", ""sourceFactionName"": ""Asgardian"", ""sourceRealm"": ""The Storm-Rooted Aesir Holds"", ""sourceCultureRule"": ""source culture humans later copied as Norse myth"", ""preserve"": [""established faction identity"", ""Mythos Gates mythology"", ""Gates and Codex systems"", ""one player-controlled Avatar combat"", ""mobile UE5 zone structure""], ""forbid"": [""replacement factions"", ""generic corridor dungeon conversion"", ""PC-first combat assumptions"", ""generic monster filler"", ""lore rewrites""]}"
"MG-F02-E-C03-M09","Elite: Swear the Rune-Mountain Hall: Key Verdict","MG-FACTION-002","","1","1","MG-MAP-004","{""loop"": [""Explore"", ""Encounter"", ""1 Deity vs. Multiple Enemies"", ""Victory"", ""Rewards"", ""Upgrade Deity"", ""Explore Further""], ""forbidden"": [""squad combat"", ""team formations"", ""multiple player-controlled Avatars"", ""ally positioning"", ""team turns""], ""readableRule"": ""Legacy schema label says Deity, current fiction label says Deity: exactly one playable god or goddess is controlled in standard battle."", ""playerControlledAvatars"": 1}","{""enabled"": true, ""homeFactionId"": ""MG-FACTION-002"", ""homeFactionName"": ""Asgardian"", ""eligiblePoolIds"": [""MG-CROSS-RUN-IN-001"", ""MG-CROSS-RUN-IN-003"", ""MG-CROSS-RUN-IN-004"", ""MG-CROSS-RUN-IN-005"", ""MG-CROSS-RUN-IN-006"", ""MG-CROSS-RUN-IN-007""], ""recommendedPoolIds"": [""MG-CROSS-RUN-IN-001"", ""MG-CROSS-RUN-IN-003""], ""rule"": ""Run-ins must have a lore-valid reason: border conflict, Gate pressure, pursuit, oath, contract, trial, defense, corruption response, or event escalation. Never generic faction mixing."", ""oneAvatarVsManyUse"": ""Run-ins add enemy role pressure around the lone Avatar without creating ally units or squad play.""}","{""sourceFactionId"": ""MG-FACTION-002"", ""sourceFactionName"": ""Asgardian"", ""sourceRealm"": ""The Storm-Rooted Aesir Holds"", ""sourceCultureRule"": ""source culture humans later copied as Norse myth"", ""preserve"": [""established faction identity"", ""Mythos Gates mythology"", ""Gates and Codex systems"", ""one player-controlled Avatar combat"", ""mobile UE5 zone structure""], ""forbid"": [""replacement factions"", ""generic corridor dungeon conversion"", ""PC-first combat assumptions"", ""generic monster filler"", ""lore rewrites""]}"
"MG-F02-E-C03-M10","Elite: Strike the Rune-Mountain Hall: Elite Lock","MG-FACTION-002","","1","1","MG-MAP-004","{""loop"": [""Explore"", ""Encounter"", ""1 Deity vs. Multiple Enemies"", ""Victory"", ""Rewards"", ""Upgrade Deity"", ""Explore Further""], ""forbidden"": [""squad combat"", ""team formations"", ""multiple player-controlled Avatars"", ""ally positioning"", ""team turns""], ""readableRule"": ""Legacy schema label says Deity, current fiction label says Deity: exactly one playable god or goddess is controlled in standard battle."", ""playerControlledAvatars"": 1}","{""enabled"": true, ""homeFactionId"": ""MG-FACTION-002"", ""homeFactionName"": ""Asgardian"", ""eligiblePoolIds"": [""MG-CROSS-RUN-IN-001"", ""MG-CROSS-RUN-IN-003"", ""MG-CROSS-RUN-IN-004"", ""MG-CROSS-RUN-IN-005"", ""MG-CROSS-RUN-IN-006"", ""MG-CROSS-RUN-IN-007""], ""recommendedPoolIds"": [""MG-CROSS-RUN-IN-003"", ""MG-CROSS-RUN-IN-004""], ""rule"": ""Run-ins must have a lore-valid reason: border conflict, Gate pressure, pursuit, oath, contract, trial, defense, corruption response, or event escalation. Never generic faction mixing."", ""oneAvatarVsManyUse"": ""Run-ins add enemy role pressure around the lone Avatar without creating ally units or squad play.""}","{""sourceFactionId"": ""MG-FACTION-002"", ""sourceFactionName"": ""Asgardian"", ""sourceRealm"": ""The Storm-Rooted Aesir Holds"", ""sourceCultureRule"": ""source culture humans later copied as Norse myth"", ""preserve"": [""established faction identity"", ""Mythos Gates mythology"", ""Gates and Codex systems"", ""one player-controlled Avatar combat"", ""mobile UE5 zone structure""], ""forbid"": [""replacement factions"", ""generic corridor dungeon conversion"", ""PC-first combat assumptions"", ""generic monster filler"", ""lore rewrites""]}"
"MG-F02-E-C03-M11","Elite: Bind the Rune-Mountain Hall: Warden Duel","MG-FACTION-002","","1","1","MG-MAP-004","{""loop"": [""Explore"", ""Encounter"", ""1 Deity vs. Multiple Enemies"", ""Victory"", ""Rewards"", ""Upgrade Deity"", ""Explore Further""], ""forbidden"": [""squad combat"", ""team formations"", ""multiple player-controlled Avatars"", ""ally positioning"", ""team turns""], ""readableRule"": ""Legacy schema label says Deity, current fiction label says Deity: exactly one playable god or goddess is controlled in standard battle."", ""playerControlledAvatars"": 1}","{""enabled"": true, ""homeFactionId"": ""MG-FACTION-002"", ""homeFactionName"": ""Asgardian"", ""eligiblePoolIds"": [""MG-CROSS-RUN-IN-001"", ""MG-CROSS-RUN-IN-003"", ""MG-CROSS-RUN-IN-004"", ""MG-CROSS-RUN-IN-005"", ""MG-CROSS-RUN-IN-006"", ""MG-CROSS-RUN-IN-007""], ""recommendedPoolIds"": [""MG-CROSS-RUN-IN-004"", ""MG-CROSS-RUN-IN-005""], ""rule"": ""Run-ins must have a lore-valid reason: border conflict, Gate pressure, pursuit, oath, contract, trial, defense, corruption response, or event escalation. Never generic faction mixing."", ""oneAvatarVsManyUse"": ""Run-ins add enemy role pressure around the lone Avatar without creating ally units or squad play.""}","{""sourceFactionId"": ""MG-FACTION-002"", ""sourceFactionName"": ""Asgardian"", ""sourceRealm"": ""The Storm-Rooted Aesir Holds"", ""sourceCultureRule"": ""source culture humans later copied as Norse myth"", ""preserve"": [""established faction identity"", ""Mythos Gates mythology"", ""Gates and Codex systems"", ""one player-controlled Avatar combat"", ""mobile UE5 zone structure""], ""forbid"": [""replacement factions"", ""generic corridor dungeon conversion"", ""PC-first combat assumptions"", ""generic monster filler"", ""lore rewrites""]}"
"MG-F02-E-C03-M12","Elite: Stand the World-Root Snare Path: Lore Price","MG-FACTION-002","","1","1","MG-MAP-004","{""loop"": [""Explore"", ""Encounter"", ""1 Deity vs. Multiple Enemies"", ""Victory"", ""Rewards"", ""Upgrade Deity"", ""Explore Further""], ""forbidden"": [""squad combat"", ""team formations"", ""multiple player-controlled Avatars"", ""ally positioning"", ""team turns""], ""readableRule"": ""Legacy schema label says Deity, current fiction label says Deity: exactly one playable god or goddess is controlled in standard battle."", ""playerControlledAvatars"": 1}","{""enabled"": true, ""homeFactionId"": ""MG-FACTION-002"", ""homeFactionName"": ""Asgardian"", ""eligiblePoolIds"": [""MG-CROSS-RUN-IN-001"", ""MG-CROSS-RUN-IN-003"", ""MG-CROSS-RUN-IN-004"", ""MG-CROSS-RUN-IN-005"", ""MG-CROSS-RUN-IN-006"", ""MG-CROSS-RUN-IN-007""], ""recommendedPoolIds"": [""MG-CROSS-RUN-IN-005"", ""MG-CROSS-RUN-IN-006""], ""rule"": ""Run-ins must have a lore-valid reason: border conflict, Gate pressure, pursuit, oath, contract, trial, defense, corruption response, or event escalation. Never generic faction mixing."", ""oneAvatarVsManyUse"": ""Run-ins add enemy role pressure around the lone Avatar without creating ally units or squad play.""}","{""sourceFactionId"": ""MG-FACTION-002"", ""sourceFactionName"": ""Asgardian"", ""sourceRealm"": ""The Storm-Rooted Aesir Holds"", ""sourceCultureRule"": ""source culture humans later copied as Norse myth"", ""preserve"": [""established faction identity"", ""Mythos Gates mythology"", ""Gates and Codex systems"", ""one player-controlled Avatar combat"", ""mobile UE5 zone structure""], ""forbid"": [""replacement factions"", ""generic corridor dungeon conversion"", ""PC-first combat assumptions"", ""generic monster filler"", ""lore rewrites""]}"
"MG-F02-E-C04-M13","Elite: Swear the World-Root Snare Path: Relic Detour","MG-FACTION-002","","1","1","MG-MAP-003","{""loop"": [""Explore"", ""Encounter"", ""1 Deity vs. Multiple Enemies"", ""Victory"", ""Rewards"", ""Upgrade Deity"", ""Explore Further""], ""forbidden"": [""squad combat"", ""team formations"", ""multiple player-controlled Avatars"", ""ally positioning"", ""team turns""], ""readableRule"": ""Legacy schema label says Deity, current fiction label says Deity: exactly one playable god or goddess is controlled in standard battle."", ""playerControlledAvatars"": 1}","{""enabled"": true, ""homeFactionId"": ""MG-FACTION-002"", ""homeFactionName"": ""Asgardian"", ""eligiblePoolIds"": [""MG-CROSS-RUN-IN-001"", ""MG-CROSS-RUN-IN-003"", ""MG-CROSS-RUN-IN-004"", ""MG-CROSS-RUN-IN-005"", ""MG-CROSS-RUN-IN-006"", ""MG-CROSS-RUN-IN-007""], ""recommendedPoolIds"": [""MG-CROSS-RUN-IN-007"", ""MG-CROSS-RUN-IN-001""], ""rule"": ""Run-ins must have a lore-valid reason: border conflict, Gate pressure, pursuit, oath, contract, trial, defense, corruption response, or event escalation. Never generic faction mixing."", ""oneAvatarVsManyUse"": ""Run-ins add enemy role pressure around the lone Avatar without creating ally units or squad play.""}","{""sourceFactionId"": ""MG-FACTION-002"", ""sourceFactionName"": ""Asgardian"", ""sourceRealm"": ""The Storm-Rooted Aesir Holds"", ""sourceCultureRule"": ""source culture humans later copied as Norse myth"", ""preserve"": [""established faction identity"", ""Mythos Gates mythology"", ""Gates and Codex systems"", ""one player-controlled Avatar combat"", ""mobile UE5 zone structure""], ""forbid"": [""replacement factions"", ""generic corridor dungeon conversion"", ""PC-first combat assumptions"", ""generic monster filler"", ""lore rewrites""]}"
"MG-F02-E-C04-M14","Elite: Strike the World-Root Snare Path: Hidden Cache","MG-FACTION-002","","1","1","MG-MAP-003","{""loop"": [""Explore"", ""Encounter"", ""1 Deity vs. Multiple Enemies"", ""Victory"", ""Rewards"", ""Upgrade Deity"", ""Explore Further""], ""forbidden"": [""squad combat"", ""team formations"", ""multiple player-controlled Avatars"", ""ally positioning"", ""team turns""], ""readableRule"": ""Legacy schema label says Deity, current fiction label says Deity: exactly one playable god or goddess is controlled in standard battle."", ""playerControlledAvatars"": 1}","{""enabled"": true, ""homeFactionId"": ""MG-FACTION-002"", ""homeFactionName"": ""Asgardian"", ""eligiblePoolIds"": [""MG-CROSS-RUN-IN-001"", ""MG-CROSS-RUN-IN-003"", ""MG-CROSS-RUN-IN-004"", ""MG-CROSS-RUN-IN-005"", ""MG-CROSS-RUN-IN-006"", ""MG-CROSS-RUN-IN-007""], ""recommendedPoolIds"": [""MG-CROSS-RUN-IN-001"", ""MG-CROSS-RUN-IN-003""], ""rule"": ""Run-ins must have a lore-valid reason: border conflict, Gate pressure, pursuit, oath, contract, trial, defense, corruption response, or event escalation. Never generic faction mixing."", ""oneAvatarVsManyUse"": ""Run-ins add enemy role pressure around the lone Avatar without creating ally units or squad play.""}","{""sourceFactionId"": ""MG-FACTION-002"", ""sourceFactionName"": ""Asgardian"", ""sourceRealm"": ""The Storm-Rooted Aesir Holds"", ""sourceCultureRule"": ""source culture humans later copied as Norse myth"", ""preserve"": [""established faction identity"", ""Mythos Gates mythology"", ""Gates and Codex systems"", ""one player-controlled Avatar combat"", ""mobile UE5 zone structure""], ""forbid"": [""replacement factions"", ""generic corridor dungeon conversion"", ""PC-first combat assumptions"", ""generic monster filler"", ""lore rewrites""]}"
"MG-F02-E-C04-M15","Elite: Bind the Betrayal Memory Hollow: Boss Threshold","MG-FACTION-002","","1","1","MG-MAP-003","{""loop"": [""Explore"", ""Encounter"", ""1 Deity vs. Multiple Enemies"", ""Victory"", ""Rewards"", ""Upgrade Deity"", ""Explore Further""], ""forbidden"": [""squad combat"", ""team formations"", ""multiple player-controlled Avatars"", ""ally positioning"", ""team turns""], ""readableRule"": ""Legacy schema label says Deity, current fiction label says Deity: exactly one playable god or goddess is controlled in standard battle."", ""playerControlledAvatars"": 1}","{""enabled"": true, ""homeFactionId"": ""MG-FACTION-002"", ""homeFactionName"": ""Asgardian"", ""eligiblePoolIds"": [""MG-CROSS-RUN-IN-001"", ""MG-CROSS-RUN-IN-003"", ""MG-CROSS-RUN-IN-004"", ""MG-CROSS-RUN-IN-005"", ""MG-CROSS-RUN-IN-006"", ""MG-CROSS-RUN-IN-007""], ""recommendedPoolIds"": [""MG-CROSS-RUN-IN-003"", ""MG-CROSS-RUN-IN-004""], ""rule"": ""Run-ins must have a lore-valid reason: border conflict, Gate pressure, pursuit, oath, contract, trial, defense, corruption response, or event escalation. Never generic faction mixing."", ""oneAvatarVsManyUse"": ""Run-ins add enemy role pressure around the lone Avatar without creating ally units or squad play.""}","{""sourceFactionId"": ""MG-FACTION-002"", ""sourceFactionName"": ""Asgardian"", ""sourceRealm"": ""The Storm-Rooted Aesir Holds"", ""sourceCultureRule"": ""source culture humans later copied as Norse myth"", ""preserve"": [""established faction identity"", ""Mythos Gates mythology"", ""Gates and Codex systems"", ""one player-controlled Avatar combat"", ""mobile UE5 zone structure""], ""forbid"": [""replacement factions"", ""generic corridor dungeon conversion"", ""PC-first combat assumptions"", ""generic monster filler"", ""lore rewrites""]}"
"MG-F02-E-C04-M16","Elite: Stand the Betrayal Memory Hollow: Final Approach","MG-FACTION-002","","1","1","MG-MAP-003","{""loop"": [""Explore"", ""Encounter"", ""1 Deity vs. Multiple Enemies"", ""Victory"", ""Rewards"", ""Upgrade Deity"", ""Explore Further""], ""forbidden"": [""squad combat"", ""team formations"", ""multiple player-controlled Avatars"", ""ally positioning"", ""team turns""], ""readableRule"": ""Legacy schema label says Deity, current fiction label says Deity: exactly one playable god or goddess is controlled in standard battle."", ""playerControlledAvatars"": 1}","{""enabled"": true, ""homeFactionId"": ""MG-FACTION-002"", ""homeFactionName"": ""Asgardian"", ""eligiblePoolIds"": [""MG-CROSS-RUN-IN-001"", ""MG-CROSS-RUN-IN-003"", ""MG-CROSS-RUN-IN-004"", ""MG-CROSS-RUN-IN-005"", ""MG-CROSS-RUN-IN-006"", ""MG-CROSS-RUN-IN-007""], ""recommendedPoolIds"": [""MG-CROSS-RUN-IN-004"", ""MG-CROSS-RUN-IN-005""], ""rule"": ""Run-ins must have a lore-valid reason: border conflict, Gate pressure, pursuit, oath, contract, trial, defense, corruption response, or event escalation. Never generic faction mixing."", ""oneAvatarVsManyUse"": ""Run-ins add enemy role pressure around the lone Avatar without creating ally units or squad play.""}","{""sourceFactionId"": ""MG-FACTION-002"", ""sourceFactionName"": ""Asgardian"", ""sourceRealm"": ""The Storm-Rooted Aesir Holds"", ""sourceCultureRule"": ""source culture humans later copied as Norse myth"", ""preserve"": [""established faction identity"", ""Mythos Gates mythology"", ""Gates and Codex systems"", ""one player-controlled Avatar combat"", ""mobile UE5 zone structure""], ""forbid"": [""replacement factions"", ""generic corridor dungeon conversion"", ""PC-first combat assumptions"", ""generic monster filler"", ""lore rewrites""]}"
"MG-F02-E-C05-M17","Elite: Swear the Betrayal Memory Hollow: Antechamber Seal","MG-FACTION-002","","1","1","MG-MAP-003","{""loop"": [""Explore"", ""Encounter"", ""1 Deity vs. Multiple Enemies"", ""Victory"", ""Rewards"", ""Upgrade Deity"", ""Explore Further""], ""forbidden"": [""squad combat"", ""team formations"", ""multiple player-controlled Avatars"", ""ally positioning"", ""team turns""], ""readableRule"": ""Legacy schema label says Deity, current fiction label says Deity: exactly one playable god or goddess is controlled in standard battle."", ""playerControlledAvatars"": 1}","{""enabled"": true, ""homeFactionId"": ""MG-FACTION-002"", ""homeFactionName"": ""Asgardian"", ""eligiblePoolIds"": [""MG-CROSS-RUN-IN-001"", ""MG-CROSS-RUN-IN-003"", ""MG-CROSS-RUN-IN-004"", ""MG-CROSS-RUN-IN-005"", ""MG-CROSS-RUN-IN-006"", ""MG-CROSS-RUN-IN-007""], ""recommendedPoolIds"": [""MG-CROSS-RUN-IN-006"", ""MG-CROSS-RUN-IN-007""], ""rule"": ""Run-ins must have a lore-valid reason: border conflict, Gate pressure, pursuit, oath, contract, trial, defense, corruption response, or event escalation. Never generic faction mixing."", ""oneAvatarVsManyUse"": ""Run-ins add enemy role pressure around the lone Avatar without creating ally units or squad play.""}","{""sourceFactionId"": ""MG-FACTION-002"", ""sourceFactionName"": ""Asgardian"", ""sourceRealm"": ""The Storm-Rooted Aesir Holds"", ""sourceCultureRule"": ""source culture humans later copied as Norse myth"", ""preserve"": [""established faction identity"", ""Mythos Gates mythology"", ""Gates and Codex systems"", ""one player-controlled Avatar combat"", ""mobile UE5 zone structure""], ""forbid"": [""replacement factions"", ""generic corridor dungeon conversion"", ""PC-first combat assumptions"", ""generic monster filler"", ""lore rewrites""]}"
"MG-F02-E-C05-M18","Elite: Strike the Standard Bearer Storm Keep: Ascension Seal","MG-FACTION-002","","1","1","MG-MAP-003","{""loop"": [""Explore"", ""Encounter"", ""1 Deity vs. Multiple Enemies"", ""Victory"", ""Rewards"", ""Upgrade Deity"", ""Explore Further""], ""forbidden"": [""squad combat"", ""team formations"", ""multiple player-controlled Avatars"", ""ally positioning"", ""team turns""], ""readableRule"": ""Legacy schema label says Deity, current fiction label says Deity: exactly one playable god or goddess is controlled in standard battle."", ""playerControlledAvatars"": 1}","{""enabled"": true, ""homeFactionId"": ""MG-FACTION-002"", ""homeFactionName"": ""Asgardian"", ""eligiblePoolIds"": [""MG-CROSS-RUN-IN-001"", ""MG-CROSS-RUN-IN-003"", ""MG-CROSS-RUN-IN-004"", ""MG-CROSS-RUN-IN-005"", ""MG-CROSS-RUN-IN-006"", ""MG-CROSS-RUN-IN-007""], ""recommendedPoolIds"": [""MG-CROSS-RUN-IN-007"", ""MG-CROSS-RUN-IN-001""], ""rule"": ""Run-ins must have a lore-valid reason: border conflict, Gate pressure, pursuit, oath, contract, trial, defense, corruption response, or event escalation. Never generic faction mixing."", ""oneAvatarVsManyUse"": ""Run-ins add enemy role pressure around the lone Avatar without creating ally units or squad play.""}","{""sourceFactionId"": ""MG-FACTION-002"", ""sourceFactionName"": ""Asgardian"", ""sourceRealm"": ""The Storm-Rooted Aesir Holds"", ""sourceCultureRule"": ""source culture humans later copied as Norse myth"", ""preserve"": [""established faction identity"", ""Mythos Gates mythology"", ""Gates and Codex systems"", ""one player-controlled Avatar combat"", ""mobile UE5 zone structure""], ""forbid"": [""replacement factions"", ""generic corridor dungeon conversion"", ""PC-first combat assumptions"", ""generic monster filler"", ""lore rewrites""]}"
"MG-F02-E-C05-M19","Elite: Bind the Standard Bearer Storm Keep: Boss Chamber","MG-FACTION-002","","1","1","MG-MAP-003","{""loop"": [""Explore"", ""Encounter"", ""1 Deity vs. Multiple Enemies"", ""Victory"", ""Rewards"", ""Upgrade Deity"", ""Explore Further""], ""forbidden"": [""squad combat"", ""team formations"", ""multiple player-controlled Avatars"", ""ally positioning"", ""team turns""], ""readableRule"": ""Legacy schema label says Deity, current fiction label says Deity: exactly one playable god or goddess is controlled in standard battle."", ""playerControlledAvatars"": 1}","{""enabled"": true, ""homeFactionId"": ""MG-FACTION-002"", ""homeFactionName"": ""Asgardian"", ""eligiblePoolIds"": [""MG-CROSS-RUN-IN-001"", ""MG-CROSS-RUN-IN-003"", ""MG-CROSS-RUN-IN-004"", ""MG-CROSS-RUN-IN-005"", ""MG-CROSS-RUN-IN-006"", ""MG-CROSS-RUN-IN-007""], ""recommendedPoolIds"": [""MG-CROSS-RUN-IN-001"", ""MG-CROSS-RUN-IN-003""], ""rule"": ""Run-ins must have a lore-valid reason: border conflict, Gate pressure, pursuit, oath, contract, trial, defense, corruption response, or event escalation. Never generic faction mixing."", ""oneAvatarVsManyUse"": ""Run-ins add enemy role pressure around the lone Avatar without creating ally units or squad play.""}","{""sourceFactionId"": ""MG-FACTION-002"", ""sourceFactionName"": ""Asgardian"", ""sourceRealm"": ""The Storm-Rooted Aesir Holds"", ""sourceCultureRule"": ""source culture humans later copied as Norse myth"", ""preserve"": [""established faction identity"", ""Mythos Gates mythology"", ""Gates and Codex systems"", ""one player-controlled Avatar combat"", ""mobile UE5 zone structure""], ""forbid"": [""replacement factions"", ""generic corridor dungeon conversion"", ""PC-first combat assumptions"", ""generic monster filler"", ""lore rewrites""]}"
"MG-F02-E-C05-M20","Elite: Stand the Standard Bearer Storm Keep: Gate Verdict","MG-FACTION-002","","1","1","MG-MAP-003","{""loop"": [""Explore"", ""Encounter"", ""1 Deity vs. Multiple Enemies"", ""Victory"", ""Rewards"", ""Upgrade Deity"", ""Explore Further""], ""forbidden"": [""squad combat"", ""team formations"", ""multiple player-controlled Avatars"", ""ally positioning"", ""team turns""], ""readableRule"": ""Legacy schema label says Deity, current fiction label says Deity: exactly one playable god or goddess is controlled in standard battle."", ""playerControlledAvatars"": 1}","{""enabled"": true, ""homeFactionId"": ""MG-FACTION-002"", ""homeFactionName"": ""Asgardian"", ""eligiblePoolIds"": [""MG-CROSS-RUN-IN-001"", ""MG-CROSS-RUN-IN-003"", ""MG-CROSS-RUN-IN-004"", ""MG-CROSS-RUN-IN-005"", ""MG-CROSS-RUN-IN-006"", ""MG-CROSS-RUN-IN-007""], ""recommendedPoolIds"": [""MG-CROSS-RUN-IN-003"", ""MG-CROSS-RUN-IN-004""], ""rule"": ""Run-ins must have a lore-valid reason: border conflict, Gate pressure, pursuit, oath, contract, trial, defense, corruption response, or event escalation. Never generic faction mixing."", ""oneAvatarVsManyUse"": ""Run-ins add enemy role pressure around the lone Avatar without creating ally units or squad play.""}","{""sourceFactionId"": ""MG-FACTION-002"", ""sourceFactionName"": ""Asgardian"", ""sourceRealm"": ""The Storm-Rooted Aesir Holds"", ""sourceCultureRule"": ""source culture humans later copied as Norse myth"", ""preserve"": [""established faction identity"", ""Mythos Gates mythology"", ""Gates and Codex systems"", ""one player-controlled Avatar combat"", ""mobile UE5 zone structure""], ""forbid"": [""replacement factions"", ""generic corridor dungeon conversion"", ""PC-first combat assumptions"", ""generic monster filler"", ""lore rewrites""]}"
"MG-F03-C01-M01","Contest the Sky-Marble Arrival Terrace: First Crossing","MG-FACTION-003","","1","1","MG-MAP-004","{""loop"": [""Explore"", ""Encounter"", ""1 Deity vs. Multiple Enemies"", ""Victory"", ""Rewards"", ""Upgrade Deity"", ""Explore Further""], ""forbidden"": [""squad combat"", ""team formations"", ""multiple player-controlled Avatars"", ""ally positioning"", ""team turns""], ""readableRule"": ""Legacy schema label says Deity, current fiction label says Deity: exactly one playable god or goddess is controlled in standard battle."", ""playerControlledAvatars"": 1}","{""enabled"": true, ""homeFactionId"": ""MG-FACTION-003"", ""homeFactionName"": ""Olympian"", ""eligiblePoolIds"": [""MG-CROSS-RUN-IN-001"", ""MG-CROSS-RUN-IN-002"", ""MG-CROSS-RUN-IN-004"", ""MG-CROSS-RUN-IN-005"", ""MG-CROSS-RUN-IN-006"", ""MG-CROSS-RUN-IN-007""], ""recommendedPoolIds"": [""MG-CROSS-RUN-IN-004"", ""MG-CROSS-RUN-IN-005""], ""rule"": ""Run-ins must have a lore-valid reason: border conflict, Gate pressure, pursuit, oath, contract, trial, defense, corruption response, or event escalation. Never generic faction mixing."", ""oneAvatarVsManyUse"": ""Run-ins add enemy role pressure around the lone Avatar without creating ally units or squad play.""}","{""sourceFactionId"": ""MG-FACTION-003"", ""sourceFactionName"": ""Olympian"", ""sourceRealm"": ""The Celestial Heights of Olympus"", ""sourceCultureRule"": ""source culture humans later copied as Greek myth"", ""preserve"": [""established faction identity"", ""Mythos Gates mythology"", ""Gates and Codex systems"", ""one player-controlled Avatar combat"", ""mobile UE5 zone structure""], ""forbid"": [""replacement factions"", ""generic corridor dungeon conversion"", ""PC-first combat assumptions"", ""generic monster filler"", ""lore rewrites""]}"
"MG-F03-C01-M02","Foresee the Sky-Marble Arrival Terrace: Name at the Gate","MG-FACTION-003","","1","1","MG-MAP-004","{""loop"": [""Explore"", ""Encounter"", ""1 Deity vs. Multiple Enemies"", ""Victory"", ""Rewards"", ""Upgrade Deity"", ""Explore Further""], ""forbidden"": [""squad combat"", ""team formations"", ""multiple player-controlled Avatars"", ""ally positioning"", ""team turns""], ""readableRule"": ""Legacy schema label says Deity, current fiction label says Deity: exactly one playable god or goddess is controlled in standard battle."", ""playerControlledAvatars"": 1}","{""enabled"": true, ""homeFactionId"": ""MG-FACTION-003"", ""homeFactionName"": ""Olympian"", ""eligiblePoolIds"": [""MG-CROSS-RUN-IN-001"", ""MG-CROSS-RUN-IN-002"", ""MG-CROSS-RUN-IN-004"", ""MG-CROSS-RUN-IN-005"", ""MG-CROSS-RUN-IN-006"", ""MG-CROSS-RUN-IN-007""], ""recommendedPoolIds"": [""MG-CROSS-RUN-IN-005"", ""MG-CROSS-RUN-IN-006""], ""rule"": ""Run-ins must have a lore-valid reason: border conflict, Gate pressure, pursuit, oath, contract, trial, defense, corruption response, or event escalation. Never generic faction mixing."", ""oneAvatarVsManyUse"": ""Run-ins add enemy role pressure around the lone Avatar without creating ally units or squad play.""}","{""sourceFactionId"": ""MG-FACTION-003"", ""sourceFactionName"": ""Olympian"", ""sourceRealm"": ""The Celestial Heights of Olympus"", ""sourceCultureRule"": ""source culture humans later copied as Greek myth"", ""preserve"": [""established faction identity"", ""Mythos Gates mythology"", ""Gates and Codex systems"", ""one player-controlled Avatar combat"", ""mobile UE5 zone structure""], ""forbid"": [""replacement factions"", ""generic corridor dungeon conversion"", ""PC-first combat assumptions"", ""generic monster filler"", ""lore rewrites""]}"
"MG-F03-C01-M03","Defy the Laurel Verdict Ring: Forward Claim","MG-FACTION-003","","1","1","MG-MAP-004","{""loop"": [""Explore"", ""Encounter"", ""1 Deity vs. Multiple Enemies"", ""Victory"", ""Rewards"", ""Upgrade Deity"", ""Explore Further""], ""forbidden"": [""squad combat"", ""team formations"", ""multiple player-controlled Avatars"", ""ally positioning"", ""team turns""], ""readableRule"": ""Legacy schema label says Deity, current fiction label says Deity: exactly one playable god or goddess is controlled in standard battle."", ""playerControlledAvatars"": 1}","{""enabled"": true, ""homeFactionId"": ""MG-FACTION-003"", ""homeFactionName"": ""Olympian"", ""eligiblePoolIds"": [""MG-CROSS-RUN-IN-001"", ""MG-CROSS-RUN-IN-002"", ""MG-CROSS-RUN-IN-004"", ""MG-CROSS-RUN-IN-005"", ""MG-CROSS-RUN-IN-006"", ""MG-CROSS-RUN-IN-007""], ""recommendedPoolIds"": [""MG-CROSS-RUN-IN-006"", ""MG-CROSS-RUN-IN-007""], ""rule"": ""Run-ins must have a lore-valid reason: border conflict, Gate pressure, pursuit, oath, contract, trial, defense, corruption response, or event escalation. Never generic faction mixing."", ""oneAvatarVsManyUse"": ""Run-ins add enemy role pressure around the lone Avatar without creating ally units or squad play.""}","{""sourceFactionId"": ""MG-FACTION-003"", ""sourceFactionName"": ""Olympian"", ""sourceRealm"": ""The Celestial Heights of Olympus"", ""sourceCultureRule"": ""source culture humans later copied as Greek myth"", ""preserve"": [""established faction identity"", ""Mythos Gates mythology"", ""Gates and Codex systems"", ""one player-controlled Avatar combat"", ""mobile UE5 zone structure""], ""forbid"": [""replacement factions"", ""generic corridor dungeon conversion"", ""PC-first combat assumptions"", ""generic monster filler"", ""lore rewrites""]}"
"MG-F03-C01-M04","Crown the Laurel Verdict Ring: Outer Line","MG-FACTION-003","","1","1","MG-MAP-004","{""loop"": [""Explore"", ""Encounter"", ""1 Deity vs. Multiple Enemies"", ""Victory"", ""Rewards"", ""Upgrade Deity"", ""Explore Further""], ""forbidden"": [""squad combat"", ""team formations"", ""multiple player-controlled Avatars"", ""ally positioning"", ""team turns""], ""readableRule"": ""Legacy schema label says Deity, current fiction label says Deity: exactly one playable god or goddess is controlled in standard battle."", ""playerControlledAvatars"": 1}","{""enabled"": true, ""homeFactionId"": ""MG-FACTION-003"", ""homeFactionName"": ""Olympian"", ""eligiblePoolIds"": [""MG-CROSS-RUN-IN-001"", ""MG-CROSS-RUN-IN-002"", ""MG-CROSS-RUN-IN-004"", ""MG-CROSS-RUN-IN-005"", ""MG-CROSS-RUN-IN-006"", ""MG-CROSS-RUN-IN-007""], ""recommendedPoolIds"": [""MG-CROSS-RUN-IN-007"", ""MG-CROSS-RUN-IN-001""], ""rule"": ""Run-ins must have a lore-valid reason: border conflict, Gate pressure, pursuit, oath, contract, trial, defense, corruption response, or event escalation. Never generic faction mixing."", ""oneAvatarVsManyUse"": ""Run-ins add enemy role pressure around the lone Avatar without creating ally units or squad play.""}","{""sourceFactionId"": ""MG-FACTION-003"", ""sourceFactionName"": ""Olympian"", ""sourceRealm"": ""The Celestial Heights of Olympus"", ""sourceCultureRule"": ""source culture humans later copied as Greek myth"", ""preserve"": [""established faction identity"", ""Mythos Gates mythology"", ""Gates and Codex systems"", ""one player-controlled Avatar combat"", ""mobile UE5 zone structure""], ""forbid"": [""replacement factions"", ""generic corridor dungeon conversion"", ""PC-first combat assumptions"", ""generic monster filler"", ""lore rewrites""]}"
"MG-F03-C02-M05","Contest the Laurel Verdict Ring: Pressure Break","MG-FACTION-003","","1","1","MG-MAP-004","{""loop"": [""Explore"", ""Encounter"", ""1 Deity vs. Multiple Enemies"", ""Victory"", ""Rewards"", ""Upgrade Deity"", ""Explore Further""], ""forbidden"": [""squad combat"", ""team formations"", ""multiple player-controlled Avatars"", ""ally positioning"", ""team turns""], ""readableRule"": ""Legacy schema label says Deity, current fiction label says Deity: exactly one playable god or goddess is controlled in standard battle."", ""playerControlledAvatars"": 1}","{""enabled"": true, ""homeFactionId"": ""MG-FACTION-003"", ""homeFactionName"": ""Olympian"", ""eligiblePoolIds"": [""MG-CROSS-RUN-IN-001"", ""MG-CROSS-RUN-IN-002"", ""MG-CROSS-RUN-IN-004"", ""MG-CROSS-RUN-IN-005"", ""MG-CROSS-RUN-IN-006"", ""MG-CROSS-RUN-IN-007""], ""recommendedPoolIds"": [""MG-CROSS-RUN-IN-002"", ""MG-CROSS-RUN-IN-004""], ""rule"": ""Run-ins must have a lore-valid reason: border conflict, Gate pressure, pursuit, oath, contract, trial, defense, corruption response, or event escalation. Never generic faction mixing."", ""oneAvatarVsManyUse"": ""Run-ins add enemy role pressure around the lone Avatar without creating ally units or squad play.""}","{""sourceFactionId"": ""MG-FACTION-003"", ""sourceFactionName"": ""Olympian"", ""sourceRealm"": ""The Celestial Heights of Olympus"", ""sourceCultureRule"": ""source culture humans later copied as Greek myth"", ""preserve"": [""established faction identity"", ""Mythos Gates mythology"", ""Gates and Codex systems"", ""one player-controlled Avatar combat"", ""mobile UE5 zone structure""], ""forbid"": [""replacement factions"", ""generic corridor dungeon conversion"", ""PC-first combat assumptions"", ""generic monster filler"", ""lore rewrites""]}"
"MG-F03-C02-M06","Foresee the Oracle Vapor Theater: Trial Mechanism","MG-FACTION-003","","1","1","MG-MAP-004","{""loop"": [""Explore"", ""Encounter"", ""1 Deity vs. Multiple Enemies"", ""Victory"", ""Rewards"", ""Upgrade Deity"", ""Explore Further""], ""forbidden"": [""squad combat"", ""team formations"", ""multiple player-controlled Avatars"", ""ally positioning"", ""team turns""], ""readableRule"": ""Legacy schema label says Deity, current fiction label says Deity: exactly one playable god or goddess is controlled in standard battle."", ""playerControlledAvatars"": 1}","{""enabled"": true, ""homeFactionId"": ""MG-FACTION-003"", ""homeFactionName"": ""Olympian"", ""eligiblePoolIds"": [""MG-CROSS-RUN-IN-001"", ""MG-CROSS-RUN-IN-002"", ""MG-CROSS-RUN-IN-004"", ""MG-CROSS-RUN-IN-005"", ""MG-CROSS-RUN-IN-006"", ""MG-CROSS-RUN-IN-007""], ""recommendedPoolIds"": [""MG-CROSS-RUN-IN-004"", ""MG-CROSS-RUN-IN-005""], ""rule"": ""Run-ins must have a lore-valid reason: border conflict, Gate pressure, pursuit, oath, contract, trial, defense, corruption response, or event escalation. Never generic faction mixing."", ""oneAvatarVsManyUse"": ""Run-ins add enemy role pressure around the lone Avatar without creating ally units or squad play.""}","{""sourceFactionId"": ""MG-FACTION-003"", ""sourceFactionName"": ""Olympian"", ""sourceRealm"": ""The Celestial Heights of Olympus"", ""sourceCultureRule"": ""source culture humans later copied as Greek myth"", ""preserve"": [""established faction identity"", ""Mythos Gates mythology"", ""Gates and Codex systems"", ""one player-controlled Avatar combat"", ""mobile UE5 zone structure""], ""forbid"": [""replacement factions"", ""generic corridor dungeon conversion"", ""PC-first combat assumptions"", ""generic monster filler"", ""lore rewrites""]}"
"MG-F03-C02-M07","Defy the Oracle Vapor Theater: Hazard Reading","MG-FACTION-003","","1","1","MG-MAP-004","{""loop"": [""Explore"", ""Encounter"", ""1 Deity vs. Multiple Enemies"", ""Victory"", ""Rewards"", ""Upgrade Deity"", ""Explore Further""], ""forbidden"": [""squad combat"", ""team formations"", ""multiple player-controlled Avatars"", ""ally positioning"", ""team turns""], ""readableRule"": ""Legacy schema label says Deity, current fiction label says Deity: exactly one playable god or goddess is controlled in standard battle."", ""playerControlledAvatars"": 1}","{""enabled"": true, ""homeFactionId"": ""MG-FACTION-003"", ""homeFactionName"": ""Olympian"", ""eligiblePoolIds"": [""MG-CROSS-RUN-IN-001"", ""MG-CROSS-RUN-IN-002"", ""MG-CROSS-RUN-IN-004"", ""MG-CROSS-RUN-IN-005"", ""MG-CROSS-RUN-IN-006"", ""MG-CROSS-RUN-IN-007""], ""recommendedPoolIds"": [""MG-CROSS-RUN-IN-005"", ""MG-CROSS-RUN-IN-006""], ""rule"": ""Run-ins must have a lore-valid reason: border conflict, Gate pressure, pursuit, oath, contract, trial, defense, corruption response, or event escalation. Never generic faction mixing."", ""oneAvatarVsManyUse"": ""Run-ins add enemy role pressure around the lone Avatar without creating ally units or squad play.""}","{""sourceFactionId"": ""MG-FACTION-003"", ""sourceFactionName"": ""Olympian"", ""sourceRealm"": ""The Celestial Heights of Olympus"", ""sourceCultureRule"": ""source culture humans later copied as Greek myth"", ""preserve"": [""established faction identity"", ""Mythos Gates mythology"", ""Gates and Codex systems"", ""one player-controlled Avatar combat"", ""mobile UE5 zone structure""], ""forbid"": [""replacement factions"", ""generic corridor dungeon conversion"", ""PC-first combat assumptions"", ""generic monster filler"", ""lore rewrites""]}"
"MG-F03-C02-M08","Crown the Oracle Vapor Theater: Lughching Law","MG-FACTION-003","","1","1","MG-MAP-004","{""loop"": [""Explore"", ""Encounter"", ""1 Deity vs. Multiple Enemies"", ""Victory"", ""Rewards"", ""Upgrade Deity"", ""Explore Further""], ""forbidden"": [""squad combat"", ""team formations"", ""multiple player-controlled Avatars"", ""ally positioning"", ""team turns""], ""readableRule"": ""Legacy schema label says Deity, current fiction label says Deity: exactly one playable god or goddess is controlled in standard battle."", ""playerControlledAvatars"": 1}","{""enabled"": true, ""homeFactionId"": ""MG-FACTION-003"", ""homeFactionName"": ""Olympian"", ""eligiblePoolIds"": [""MG-CROSS-RUN-IN-001"", ""MG-CROSS-RUN-IN-002"", ""MG-CROSS-RUN-IN-004"", ""MG-CROSS-RUN-IN-005"", ""MG-CROSS-RUN-IN-006"", ""MG-CROSS-RUN-IN-007""], ""recommendedPoolIds"": [""MG-CROSS-RUN-IN-006"", ""MG-CROSS-RUN-IN-007""], ""rule"": ""Run-ins must have a lore-valid reason: border conflict, Gate pressure, pursuit, oath, contract, trial, defense, corruption response, or event escalation. Never generic faction mixing."", ""oneAvatarVsManyUse"": ""Run-ins add enemy role pressure around the lone Avatar without creating ally units or squad play.""}","{""sourceFactionId"": ""MG-FACTION-003"", ""sourceFactionName"": ""Olympian"", ""sourceRealm"": ""The Celestial Heights of Olympus"", ""sourceCultureRule"": ""source culture humans later copied as Greek myth"", ""preserve"": [""established faction identity"", ""Mythos Gates mythology"", ""Gates and Codex systems"", ""one player-controlled Avatar combat"", ""mobile UE5 zone structure""], ""forbid"": [""replacement factions"", ""generic corridor dungeon conversion"", ""PC-first combat assumptions"", ""generic monster filler"", ""lore rewrites""]}"
"MG-F03-C03-M09","Contest the Aegis Shield Court: Key Verdict","MG-FACTION-003","","1","1","MG-MAP-004","{""loop"": [""Explore"", ""Encounter"", ""1 Deity vs. Multiple Enemies"", ""Victory"", ""Rewards"", ""Upgrade Deity"", ""Explore Further""], ""forbidden"": [""squad combat"", ""team formations"", ""multiple player-controlled Avatars"", ""ally positioning"", ""team turns""], ""readableRule"": ""Legacy schema label says Deity, current fiction label says Deity: exactly one playable god or goddess is controlled in standard battle."", ""playerControlledAvatars"": 1}","{""enabled"": true, ""homeFactionId"": ""MG-FACTION-003"", ""homeFactionName"": ""Olympian"", ""eligiblePoolIds"": [""MG-CROSS-RUN-IN-001"", ""MG-CROSS-RUN-IN-002"", ""MG-CROSS-RUN-IN-004"", ""MG-CROSS-RUN-IN-005"", ""MG-CROSS-RUN-IN-006"", ""MG-CROSS-RUN-IN-007""], ""recommendedPoolIds"": [""MG-CROSS-RUN-IN-001"", ""MG-CROSS-RUN-IN-002""], ""rule"": ""Run-ins must have a lore-valid reason: border conflict, Gate pressure, pursuit, oath, contract, trial, defense, corruption response, or event escalation. Never generic faction mixing."", ""oneAvatarVsManyUse"": ""Run-ins add enemy role pressure around the lone Avatar without creating ally units or squad play.""}","{""sourceFactionId"": ""MG-FACTION-003"", ""sourceFactionName"": ""Olympian"", ""sourceRealm"": ""The Celestial Heights of Olympus"", ""sourceCultureRule"": ""source culture humans later copied as Greek myth"", ""preserve"": [""established faction identity"", ""Mythos Gates mythology"", ""Gates and Codex systems"", ""one player-controlled Avatar combat"", ""mobile UE5 zone structure""], ""forbid"": [""replacement factions"", ""generic corridor dungeon conversion"", ""PC-first combat assumptions"", ""generic monster filler"", ""lore rewrites""]}"
"MG-F03-C03-M10","Foresee the Aegis Shield Court: Elite Lock","MG-FACTION-003","","1","1","MG-MAP-004","{""loop"": [""Explore"", ""Encounter"", ""1 Deity vs. Multiple Enemies"", ""Victory"", ""Rewards"", ""Upgrade Deity"", ""Explore Further""], ""forbidden"": [""squad combat"", ""team formations"", ""multiple player-controlled Avatars"", ""ally positioning"", ""team turns""], ""readableRule"": ""Legacy schema label says Deity, current fiction label says Deity: exactly one playable god or goddess is controlled in standard battle."", ""playerControlledAvatars"": 1}","{""enabled"": true, ""homeFactionId"": ""MG-FACTION-003"", ""homeFactionName"": ""Olympian"", ""eligiblePoolIds"": [""MG-CROSS-RUN-IN-001"", ""MG-CROSS-RUN-IN-002"", ""MG-CROSS-RUN-IN-004"", ""MG-CROSS-RUN-IN-005"", ""MG-CROSS-RUN-IN-006"", ""MG-CROSS-RUN-IN-007""], ""recommendedPoolIds"": [""MG-CROSS-RUN-IN-002"", ""MG-CROSS-RUN-IN-004""], ""rule"": ""Run-ins must have a lore-valid reason: border conflict, Gate pressure, pursuit, oath, contract, trial, defense, corruption response, or event escalation. Never generic faction mixing."", ""oneAvatarVsManyUse"": ""Run-ins add enemy role pressure around the lone Avatar without creating ally units or squad play.""}","{""sourceFactionId"": ""MG-FACTION-003"", ""sourceFactionName"": ""Olympian"", ""sourceRealm"": ""The Celestial Heights of Olympus"", ""sourceCultureRule"": ""source culture humans later copied as Greek myth"", ""preserve"": [""established faction identity"", ""Mythos Gates mythology"", ""Gates and Codex systems"", ""one player-controlled Avatar combat"", ""mobile UE5 zone structure""], ""forbid"": [""replacement factions"", ""generic corridor dungeon conversion"", ""PC-first combat assumptions"", ""generic monster filler"", ""lore rewrites""]}"
"MG-F03-C03-M11","Defy the Aegis Shield Court: Warden Duel","MG-FACTION-003","","1","1","MG-MAP-004","{""loop"": [""Explore"", ""Encounter"", ""1 Deity vs. Multiple Enemies"", ""Victory"", ""Rewards"", ""Upgrade Deity"", ""Explore Further""], ""forbidden"": [""squad combat"", ""team formations"", ""multiple player-controlled Avatars"", ""ally positioning"", ""team turns""], ""readableRule"": ""Legacy schema label says Deity, current fiction label says Deity: exactly one playable god or goddess is controlled in standard battle."", ""playerControlledAvatars"": 1}","{""enabled"": true, ""homeFactionId"": ""MG-FACTION-003"", ""homeFactionName"": ""Olympian"", ""eligiblePoolIds"": [""MG-CROSS-RUN-IN-001"", ""MG-CROSS-RUN-IN-002"", ""MG-CROSS-RUN-IN-004"", ""MG-CROSS-RUN-IN-005"", ""MG-CROSS-RUN-IN-006"", ""MG-CROSS-RUN-IN-007""], ""recommendedPoolIds"": [""MG-CROSS-RUN-IN-004"", ""MG-CROSS-RUN-IN-005""], ""rule"": ""Run-ins must have a lore-valid reason: border conflict, Gate pressure, pursuit, oath, contract, trial, defense, corruption response, or event escalation. Never generic faction mixing."", ""oneAvatarVsManyUse"": ""Run-ins add enemy role pressure around the lone Avatar without creating ally units or squad play.""}","{""sourceFactionId"": ""MG-FACTION-003"", ""sourceFactionName"": ""Olympian"", ""sourceRealm"": ""The Celestial Heights of Olympus"", ""sourceCultureRule"": ""source culture humans later copied as Greek myth"", ""preserve"": [""established faction identity"", ""Mythos Gates mythology"", ""Gates and Codex systems"", ""one player-controlled Avatar combat"", ""mobile UE5 zone structure""], ""forbid"": [""replacement factions"", ""generic corridor dungeon conversion"", ""PC-first combat assumptions"", ""generic monster filler"", ""lore rewrites""]}"
"MG-F03-C03-M12","Crown the Apollo Sun-Clarity Gallery: Lore Price","MG-FACTION-003","","1","1","MG-MAP-004","{""loop"": [""Explore"", ""Encounter"", ""1 Deity vs. Multiple Enemies"", ""Victory"", ""Rewards"", ""Upgrade Deity"", ""Explore Further""], ""forbidden"": [""squad combat"", ""team formations"", ""multiple player-controlled Avatars"", ""ally positioning"", ""team turns""], ""readableRule"": ""Legacy schema label says Deity, current fiction label says Deity: exactly one playable god or goddess is controlled in standard battle."", ""playerControlledAvatars"": 1}","{""enabled"": true, ""homeFactionId"": ""MG-FACTION-003"", ""homeFactionName"": ""Olympian"", ""eligiblePoolIds"": [""MG-CROSS-RUN-IN-001"", ""MG-CROSS-RUN-IN-002"", ""MG-CROSS-RUN-IN-004"", ""MG-CROSS-RUN-IN-005"", ""MG-CROSS-RUN-IN-006"", ""MG-CROSS-RUN-IN-007""], ""recommendedPoolIds"": [""MG-CROSS-RUN-IN-005"", ""MG-CROSS-RUN-IN-006""], ""rule"": ""Run-ins must have a lore-valid reason: border conflict, Gate pressure, pursuit, oath, contract, trial, defense, corruption response, or event escalation. Never generic faction mixing."", ""oneAvatarVsManyUse"": ""Run-ins add enemy role pressure around the lone Avatar without creating ally units or squad play.""}","{""sourceFactionId"": ""MG-FACTION-003"", ""sourceFactionName"": ""Olympian"", ""sourceRealm"": ""The Celestial Heights of Olympus"", ""sourceCultureRule"": ""source culture humans later copied as Greek myth"", ""preserve"": [""established faction identity"", ""Mythos Gates mythology"", ""Gates and Codex systems"", ""one player-controlled Avatar combat"", ""mobile UE5 zone structure""], ""forbid"": [""replacement factions"", ""generic corridor dungeon conversion"", ""PC-first combat assumptions"", ""generic monster filler"", ""lore rewrites""]}"
"MG-F03-C04-M13","Contest the Apollo Sun-Clarity Gallery: Relic Detour","MG-FACTION-003","","1","1","MG-MAP-004","{""loop"": [""Explore"", ""Encounter"", ""1 Deity vs. Multiple Enemies"", ""Victory"", ""Rewards"", ""Upgrade Deity"", ""Explore Further""], ""forbidden"": [""squad combat"", ""team formations"", ""multiple player-controlled Avatars"", ""ally positioning"", ""team turns""], ""readableRule"": ""Legacy schema label says Deity, current fiction label says Deity: exactly one playable god or goddess is controlled in standard battle."", ""playerControlledAvatars"": 1}","{""enabled"": true, ""homeFactionId"": ""MG-FACTION-003"", ""homeFactionName"": ""Olympian"", ""eligiblePoolIds"": [""MG-CROSS-RUN-IN-001"", ""MG-CROSS-RUN-IN-002"", ""MG-CROSS-RUN-IN-004"", ""MG-CROSS-RUN-IN-005"", ""MG-CROSS-RUN-IN-006"", ""MG-CROSS-RUN-IN-007""], ""recommendedPoolIds"": [""MG-CROSS-RUN-IN-007"", ""MG-CROSS-RUN-IN-001""], ""rule"": ""Run-ins must have a lore-valid reason: border conflict, Gate pressure, pursuit, oath, contract, trial, defense, corruption response, or event escalation. Never generic faction mixing."", ""oneAvatarVsManyUse"": ""Run-ins add enemy role pressure around the lone Avatar without creating ally units or squad play.""}","{""sourceFactionId"": ""MG-FACTION-003"", ""sourceFactionName"": ""Olympian"", ""sourceRealm"": ""The Celestial Heights of Olympus"", ""sourceCultureRule"": ""source culture humans later copied as Greek myth"", ""preserve"": [""established faction identity"", ""Mythos Gates mythology"", ""Gates and Codex systems"", ""one player-controlled Avatar combat"", ""mobile UE5 zone structure""], ""forbid"": [""replacement factions"", ""generic corridor dungeon conversion"", ""PC-first combat assumptions"", ""generic monster filler"", ""lore rewrites""]}"
"MG-F03-C04-M14","Foresee the Apollo Sun-Clarity Gallery: Hidden Cache","MG-FACTION-003","","1","1","MG-MAP-004","{""loop"": [""Explore"", ""Encounter"", ""1 Deity vs. Multiple Enemies"", ""Victory"", ""Rewards"", ""Upgrade Deity"", ""Explore Further""], ""forbidden"": [""squad combat"", ""team formations"", ""multiple player-controlled Avatars"", ""ally positioning"", ""team turns""], ""readableRule"": ""Legacy schema label says Deity, current fiction label says Deity: exactly one playable god or goddess is controlled in standard battle."", ""playerControlledAvatars"": 1}","{""enabled"": true, ""homeFactionId"": ""MG-FACTION-003"", ""homeFactionName"": ""Olympian"", ""eligiblePoolIds"": [""MG-CROSS-RUN-IN-001"", ""MG-CROSS-RUN-IN-002"", ""MG-CROSS-RUN-IN-004"", ""MG-CROSS-RUN-IN-005"", ""MG-CROSS-RUN-IN-006"", ""MG-CROSS-RUN-IN-007""], ""recommendedPoolIds"": [""MG-CROSS-RUN-IN-001"", ""MG-CROSS-RUN-IN-002""], ""rule"": ""Run-ins must have a lore-valid reason: border conflict, Gate pressure, pursuit, oath, contract, trial, defense, corruption response, or event escalation. Never generic faction mixing."", ""oneAvatarVsManyUse"": ""Run-ins add enemy role pressure around the lone Avatar without creating ally units or squad play.""}","{""sourceFactionId"": ""MG-FACTION-003"", ""sourceFactionName"": ""Olympian"", ""sourceRealm"": ""The Celestial Heights of Olympus"", ""sourceCultureRule"": ""source culture humans later copied as Greek myth"", ""preserve"": [""established faction identity"", ""Mythos Gates mythology"", ""Gates and Codex systems"", ""one player-controlled Avatar combat"", ""mobile UE5 zone structure""], ""forbid"": [""replacement factions"", ""generic corridor dungeon conversion"", ""PC-first combat assumptions"", ""generic monster filler"", ""lore rewrites""]}"
"MG-F03-C04-M15","Defy the Artemis Wild Threshold: Boss Threshold","MG-FACTION-003","","1","1","MG-MAP-004","{""loop"": [""Explore"", ""Encounter"", ""1 Deity vs. Multiple Enemies"", ""Victory"", ""Rewards"", ""Upgrade Deity"", ""Explore Further""], ""forbidden"": [""squad combat"", ""team formations"", ""multiple player-controlled Avatars"", ""ally positioning"", ""team turns""], ""readableRule"": ""Legacy schema label says Deity, current fiction label says Deity: exactly one playable god or goddess is controlled in standard battle."", ""playerControlledAvatars"": 1}","{""enabled"": true, ""homeFactionId"": ""MG-FACTION-003"", ""homeFactionName"": ""Olympian"", ""eligiblePoolIds"": [""MG-CROSS-RUN-IN-001"", ""MG-CROSS-RUN-IN-002"", ""MG-CROSS-RUN-IN-004"", ""MG-CROSS-RUN-IN-005"", ""MG-CROSS-RUN-IN-006"", ""MG-CROSS-RUN-IN-007""], ""recommendedPoolIds"": [""MG-CROSS-RUN-IN-002"", ""MG-CROSS-RUN-IN-004""], ""rule"": ""Run-ins must have a lore-valid reason: border conflict, Gate pressure, pursuit, oath, contract, trial, defense, corruption response, or event escalation. Never generic faction mixing."", ""oneAvatarVsManyUse"": ""Run-ins add enemy role pressure around the lone Avatar without creating ally units or squad play.""}","{""sourceFactionId"": ""MG-FACTION-003"", ""sourceFactionName"": ""Olympian"", ""sourceRealm"": ""The Celestial Heights of Olympus"", ""sourceCultureRule"": ""source culture humans later copied as Greek myth"", ""preserve"": [""established faction identity"", ""Mythos Gates mythology"", ""Gates and Codex systems"", ""one player-controlled Avatar combat"", ""mobile UE5 zone structure""], ""forbid"": [""replacement factions"", ""generic corridor dungeon conversion"", ""PC-first combat assumptions"", ""generic monster filler"", ""lore rewrites""]}"
"MG-F03-C04-M16","Crown the Artemis Wild Threshold: Final Approach","MG-FACTION-003","","1","1","MG-MAP-004","{""loop"": [""Explore"", ""Encounter"", ""1 Deity vs. Multiple Enemies"", ""Victory"", ""Rewards"", ""Upgrade Deity"", ""Explore Further""], ""forbidden"": [""squad combat"", ""team formations"", ""multiple player-controlled Avatars"", ""ally positioning"", ""team turns""], ""readableRule"": ""Legacy schema label says Deity, current fiction label says Deity: exactly one playable god or goddess is controlled in standard battle."", ""playerControlledAvatars"": 1}","{""enabled"": true, ""homeFactionId"": ""MG-FACTION-003"", ""homeFactionName"": ""Olympian"", ""eligiblePoolIds"": [""MG-CROSS-RUN-IN-001"", ""MG-CROSS-RUN-IN-002"", ""MG-CROSS-RUN-IN-004"", ""MG-CROSS-RUN-IN-005"", ""MG-CROSS-RUN-IN-006"", ""MG-CROSS-RUN-IN-007""], ""recommendedPoolIds"": [""MG-CROSS-RUN-IN-004"", ""MG-CROSS-RUN-IN-005""], ""rule"": ""Run-ins must have a lore-valid reason: border conflict, Gate pressure, pursuit, oath, contract, trial, defense, corruption response, or event escalation. Never generic faction mixing."", ""oneAvatarVsManyUse"": ""Run-ins add enemy role pressure around the lone Avatar without creating ally units or squad play.""}","{""sourceFactionId"": ""MG-FACTION-003"", ""sourceFactionName"": ""Olympian"", ""sourceRealm"": ""The Celestial Heights of Olympus"", ""sourceCultureRule"": ""source culture humans later copied as Greek myth"", ""preserve"": [""established faction identity"", ""Mythos Gates mythology"", ""Gates and Codex systems"", ""one player-controlled Avatar combat"", ""mobile UE5 zone structure""], ""forbid"": [""replacement factions"", ""generic corridor dungeon conversion"", ""PC-first combat assumptions"", ""generic monster filler"", ""lore rewrites""]}"
"MG-F03-C05-M17","Contest the Artemis Wild Threshold: Antechamber Seal","MG-FACTION-003","","1","1","MG-MAP-004","{""loop"": [""Explore"", ""Encounter"", ""1 Deity vs. Multiple Enemies"", ""Victory"", ""Rewards"", ""Upgrade Deity"", ""Explore Further""], ""forbidden"": [""squad combat"", ""team formations"", ""multiple player-controlled Avatars"", ""ally positioning"", ""team turns""], ""readableRule"": ""Legacy schema label says Deity, current fiction label says Deity: exactly one playable god or goddess is controlled in standard battle."", ""playerControlledAvatars"": 1}","{""enabled"": true, ""homeFactionId"": ""MG-FACTION-003"", ""homeFactionName"": ""Olympian"", ""eligiblePoolIds"": [""MG-CROSS-RUN-IN-001"", ""MG-CROSS-RUN-IN-002"", ""MG-CROSS-RUN-IN-004"", ""MG-CROSS-RUN-IN-005"", ""MG-CROSS-RUN-IN-006"", ""MG-CROSS-RUN-IN-007""], ""recommendedPoolIds"": [""MG-CROSS-RUN-IN-006"", ""MG-CROSS-RUN-IN-007""], ""rule"": ""Run-ins must have a lore-valid reason: border conflict, Gate pressure, pursuit, oath, contract, trial, defense, corruption response, or event escalation. Never generic faction mixing."", ""oneAvatarVsManyUse"": ""Run-ins add enemy role pressure around the lone Avatar without creating ally units or squad play.""}","{""sourceFactionId"": ""MG-FACTION-003"", ""sourceFactionName"": ""Olympian"", ""sourceRealm"": ""The Celestial Heights of Olympus"", ""sourceCultureRule"": ""source culture humans later copied as Greek myth"", ""preserve"": [""established faction identity"", ""Mythos Gates mythology"", ""Gates and Codex systems"", ""one player-controlled Avatar combat"", ""mobile UE5 zone structure""], ""forbid"": [""replacement factions"", ""generic corridor dungeon conversion"", ""PC-first combat assumptions"", ""generic monster filler"", ""lore rewrites""]}"
"MG-F03-C05-M18","Foresee the Thunder Tribunal Acropolis: Ascension Seal","MG-FACTION-003","","1","1","MG-MAP-004","{""loop"": [""Explore"", ""Encounter"", ""1 Deity vs. Multiple Enemies"", ""Victory"", ""Rewards"", ""Upgrade Deity"", ""Explore Further""], ""forbidden"": [""squad combat"", ""team formations"", ""multiple player-controlled Avatars"", ""ally positioning"", ""team turns""], ""readableRule"": ""Legacy schema label says Deity, current fiction label says Deity: exactly one playable god or goddess is controlled in standard battle."", ""playerControlledAvatars"": 1}","{""enabled"": true, ""homeFactionId"": ""MG-FACTION-003"", ""homeFactionName"": ""Olympian"", ""eligiblePoolIds"": [""MG-CROSS-RUN-IN-001"", ""MG-CROSS-RUN-IN-002"", ""MG-CROSS-RUN-IN-004"", ""MG-CROSS-RUN-IN-005"", ""MG-CROSS-RUN-IN-006"", ""MG-CROSS-RUN-IN-007""], ""recommendedPoolIds"": [""MG-CROSS-RUN-IN-007"", ""MG-CROSS-RUN-IN-001""], ""rule"": ""Run-ins must have a lore-valid reason: border conflict, Gate pressure, pursuit, oath, contract, trial, defense, corruption response, or event escalation. Never generic faction mixing."", ""oneAvatarVsManyUse"": ""Run-ins add enemy role pressure around the lone Avatar without creating ally units or squad play.""}","{""sourceFactionId"": ""MG-FACTION-003"", ""sourceFactionName"": ""Olympian"", ""sourceRealm"": ""The Celestial Heights of Olympus"", ""sourceCultureRule"": ""source culture humans later copied as Greek myth"", ""preserve"": [""established faction identity"", ""Mythos Gates mythology"", ""Gates and Codex systems"", ""one player-controlled Avatar combat"", ""mobile UE5 zone structure""], ""forbid"": [""replacement factions"", ""generic corridor dungeon conversion"", ""PC-first combat assumptions"", ""generic monster filler"", ""lore rewrites""]}"
"MG-F03-C05-M19","Defy the Thunder Tribunal Acropolis: Boss Chamber","MG-FACTION-003","","1","1","MG-MAP-004","{""loop"": [""Explore"", ""Encounter"", ""1 Deity vs. Multiple Enemies"", ""Victory"", ""Rewards"", ""Upgrade Deity"", ""Explore Further""], ""forbidden"": [""squad combat"", ""team formations"", ""multiple player-controlled Avatars"", ""ally positioning"", ""team turns""], ""readableRule"": ""Legacy schema label says Deity, current fiction label says Deity: exactly one playable god or goddess is controlled in standard battle."", ""playerControlledAvatars"": 1}","{""enabled"": true, ""homeFactionId"": ""MG-FACTION-003"", ""homeFactionName"": ""Olympian"", ""eligiblePoolIds"": [""MG-CROSS-RUN-IN-001"", ""MG-CROSS-RUN-IN-002"", ""MG-CROSS-RUN-IN-004"", ""MG-CROSS-RUN-IN-005"", ""MG-CROSS-RUN-IN-006"", ""MG-CROSS-RUN-IN-007""], ""recommendedPoolIds"": [""MG-CROSS-RUN-IN-001"", ""MG-CROSS-RUN-IN-002""], ""rule"": ""Run-ins must have a lore-valid reason: border conflict, Gate pressure, pursuit, oath, contract, trial, defense, corruption response, or event escalation. Never generic faction mixing."", ""oneAvatarVsManyUse"": ""Run-ins add enemy role pressure around the lone Avatar without creating ally units or squad play.""}","{""sourceFactionId"": ""MG-FACTION-003"", ""sourceFactionName"": ""Olympian"", ""sourceRealm"": ""The Celestial Heights of Olympus"", ""sourceCultureRule"": ""source culture humans later copied as Greek myth"", ""preserve"": [""established faction identity"", ""Mythos Gates mythology"", ""Gates and Codex systems"", ""one player-controlled Avatar combat"", ""mobile UE5 zone structure""], ""forbid"": [""replacement factions"", ""generic corridor dungeon conversion"", ""PC-first combat assumptions"", ""generic monster filler"", ""lore rewrites""]}"
"MG-F03-C05-M20","Crown the Thunder Tribunal Acropolis: Gate Verdict","MG-FACTION-003","","1","1","MG-MAP-004","{""loop"": [""Explore"", ""Encounter"", ""1 Deity vs. Multiple Enemies"", ""Victory"", ""Rewards"", ""Upgrade Deity"", ""Explore Further""], ""forbidden"": [""squad combat"", ""team formations"", ""multiple player-controlled Avatars"", ""ally positioning"", ""team turns""], ""readableRule"": ""Legacy schema label says Deity, current fiction label says Deity: exactly one playable god or goddess is controlled in standard battle."", ""playerControlledAvatars"": 1}","{""enabled"": true, ""homeFactionId"": ""MG-FACTION-003"", ""homeFactionName"": ""Olympian"", ""eligiblePoolIds"": [""MG-CROSS-RUN-IN-001"", ""MG-CROSS-RUN-IN-002"", ""MG-CROSS-RUN-IN-004"", ""MG-CROSS-RUN-IN-005"", ""MG-CROSS-RUN-IN-006"", ""MG-CROSS-RUN-IN-007""], ""recommendedPoolIds"": [""MG-CROSS-RUN-IN-002"", ""MG-CROSS-RUN-IN-004""], ""rule"": ""Run-ins must have a lore-valid reason: border conflict, Gate pressure, pursuit, oath, contract, trial, defense, corruption response, or event escalation. Never generic faction mixing."", ""oneAvatarVsManyUse"": ""Run-ins add enemy role pressure around the lone Avatar without creating ally units or squad play.""}","{""sourceFactionId"": ""MG-FACTION-003"", ""sourceFactionName"": ""Olympian"", ""sourceRealm"": ""The Celestial Heights of Olympus"", ""sourceCultureRule"": ""source culture humans later copied as Greek myth"", ""preserve"": [""established faction identity"", ""Mythos Gates mythology"", ""Gates and Codex systems"", ""one player-controlled Avatar combat"", ""mobile UE5 zone structure""], ""forbid"": [""replacement factions"", ""generic corridor dungeon conversion"", ""PC-first combat assumptions"", ""generic monster filler"", ""lore rewrites""]}"
"MG-F03-E-C01-M01","Elite: Contest the Sky-Marble Arrival Terrace: First Crossing","MG-FACTION-003","","1","1","MG-MAP-004","{""loop"": [""Explore"", ""Encounter"", ""1 Deity vs. Multiple Enemies"", ""Victory"", ""Rewards"", ""Upgrade Deity"", ""Explore Further""], ""forbidden"": [""squad combat"", ""team formations"", ""multiple player-controlled Avatars"", ""ally positioning"", ""team turns""], ""readableRule"": ""Legacy schema label says Deity, current fiction label says Deity: exactly one playable god or goddess is controlled in standard battle."", ""playerControlledAvatars"": 1}","{""enabled"": true, ""homeFactionId"": ""MG-FACTION-003"", ""homeFactionName"": ""Olympian"", ""eligiblePoolIds"": [""MG-CROSS-RUN-IN-001"", ""MG-CROSS-RUN-IN-002"", ""MG-CROSS-RUN-IN-004"", ""MG-CROSS-RUN-IN-005"", ""MG-CROSS-RUN-IN-006"", ""MG-CROSS-RUN-IN-007""], ""recommendedPoolIds"": [""MG-CROSS-RUN-IN-004"", ""MG-CROSS-RUN-IN-005""], ""rule"": ""Run-ins must have a lore-valid reason: border conflict, Gate pressure, pursuit, oath, contract, trial, defense, corruption response, or event escalation. Never generic faction mixing."", ""oneAvatarVsManyUse"": ""Run-ins add enemy role pressure around the lone Avatar without creating ally units or squad play.""}","{""sourceFactionId"": ""MG-FACTION-003"", ""sourceFactionName"": ""Olympian"", ""sourceRealm"": ""The Celestial Heights of Olympus"", ""sourceCultureRule"": ""source culture humans later copied as Greek myth"", ""preserve"": [""established faction identity"", ""Mythos Gates mythology"", ""Gates and Codex systems"", ""one player-controlled Avatar combat"", ""mobile UE5 zone structure""], ""forbid"": [""replacement factions"", ""generic corridor dungeon conversion"", ""PC-first combat assumptions"", ""generic monster filler"", ""lore rewrites""]}"
"MG-F03-E-C01-M02","Elite: Foresee the Sky-Marble Arrival Terrace: Name at the Gate","MG-FACTION-003","","1","1","MG-MAP-004","{""loop"": [""Explore"", ""Encounter"", ""1 Deity vs. Multiple Enemies"", ""Victory"", ""Rewards"", ""Upgrade Deity"", ""Explore Further""], ""forbidden"": [""squad combat"", ""team formations"", ""multiple player-controlled Avatars"", ""ally positioning"", ""team turns""], ""readableRule"": ""Legacy schema label says Deity, current fiction label says Deity: exactly one playable god or goddess is controlled in standard battle."", ""playerControlledAvatars"": 1}","{""enabled"": true, ""homeFactionId"": ""MG-FACTION-003"", ""homeFactionName"": ""Olympian"", ""eligiblePoolIds"": [""MG-CROSS-RUN-IN-001"", ""MG-CROSS-RUN-IN-002"", ""MG-CROSS-RUN-IN-004"", ""MG-CROSS-RUN-IN-005"", ""MG-CROSS-RUN-IN-006"", ""MG-CROSS-RUN-IN-007""], ""recommendedPoolIds"": [""MG-CROSS-RUN-IN-005"", ""MG-CROSS-RUN-IN-006""], ""rule"": ""Run-ins must have a lore-valid reason: border conflict, Gate pressure, pursuit, oath, contract, trial, defense, corruption response, or event escalation. Never generic faction mixing."", ""oneAvatarVsManyUse"": ""Run-ins add enemy role pressure around the lone Avatar without creating ally units or squad play.""}","{""sourceFactionId"": ""MG-FACTION-003"", ""sourceFactionName"": ""Olympian"", ""sourceRealm"": ""The Celestial Heights of Olympus"", ""sourceCultureRule"": ""source culture humans later copied as Greek myth"", ""preserve"": [""established faction identity"", ""Mythos Gates mythology"", ""Gates and Codex systems"", ""one player-controlled Avatar combat"", ""mobile UE5 zone structure""], ""forbid"": [""replacement factions"", ""generic corridor dungeon conversion"", ""PC-first combat assumptions"", ""generic monster filler"", ""lore rewrites""]}"
"MG-F03-E-C01-M03","Elite: Defy the Laurel Verdict Ring: Forward Claim","MG-FACTION-003","","1","1","MG-MAP-004","{""loop"": [""Explore"", ""Encounter"", ""1 Deity vs. Multiple Enemies"", ""Victory"", ""Rewards"", ""Upgrade Deity"", ""Explore Further""], ""forbidden"": [""squad combat"", ""team formations"", ""multiple player-controlled Avatars"", ""ally positioning"", ""team turns""], ""readableRule"": ""Legacy schema label says Deity, current fiction label says Deity: exactly one playable god or goddess is controlled in standard battle."", ""playerControlledAvatars"": 1}","{""enabled"": true, ""homeFactionId"": ""MG-FACTION-003"", ""homeFactionName"": ""Olympian"", ""eligiblePoolIds"": [""MG-CROSS-RUN-IN-001"", ""MG-CROSS-RUN-IN-002"", ""MG-CROSS-RUN-IN-004"", ""MG-CROSS-RUN-IN-005"", ""MG-CROSS-RUN-IN-006"", ""MG-CROSS-RUN-IN-007""], ""recommendedPoolIds"": [""MG-CROSS-RUN-IN-006"", ""MG-CROSS-RUN-IN-007""], ""rule"": ""Run-ins must have a lore-valid reason: border conflict, Gate pressure, pursuit, oath, contract, trial, defense, corruption response, or event escalation. Never generic faction mixing."", ""oneAvatarVsManyUse"": ""Run-ins add enemy role pressure around the lone Avatar without creating ally units or squad play.""}","{""sourceFactionId"": ""MG-FACTION-003"", ""sourceFactionName"": ""Olympian"", ""sourceRealm"": ""The Celestial Heights of Olympus"", ""sourceCultureRule"": ""source culture humans later copied as Greek myth"", ""preserve"": [""established faction identity"", ""Mythos Gates mythology"", ""Gates and Codex systems"", ""one player-controlled Avatar combat"", ""mobile UE5 zone structure""], ""forbid"": [""replacement factions"", ""generic corridor dungeon conversion"", ""PC-first combat assumptions"", ""generic monster filler"", ""lore rewrites""]}"
"MG-F03-E-C01-M04","Elite: Crown the Laurel Verdict Ring: Outer Line","MG-FACTION-003","","1","1","MG-MAP-004","{""loop"": [""Explore"", ""Encounter"", ""1 Deity vs. Multiple Enemies"", ""Victory"", ""Rewards"", ""Upgrade Deity"", ""Explore Further""], ""forbidden"": [""squad combat"", ""team formations"", ""multiple player-controlled Avatars"", ""ally positioning"", ""team turns""], ""readableRule"": ""Legacy schema label says Deity, current fiction label says Deity: exactly one playable god or goddess is controlled in standard battle."", ""playerControlledAvatars"": 1}","{""enabled"": true, ""homeFactionId"": ""MG-FACTION-003"", ""homeFactionName"": ""Olympian"", ""eligiblePoolIds"": [""MG-CROSS-RUN-IN-001"", ""MG-CROSS-RUN-IN-002"", ""MG-CROSS-RUN-IN-004"", ""MG-CROSS-RUN-IN-005"", ""MG-CROSS-RUN-IN-006"", ""MG-CROSS-RUN-IN-007""], ""recommendedPoolIds"": [""MG-CROSS-RUN-IN-007"", ""MG-CROSS-RUN-IN-001""], ""rule"": ""Run-ins must have a lore-valid reason: border conflict, Gate pressure, pursuit, oath, contract, trial, defense, corruption response, or event escalation. Never generic faction mixing."", ""oneAvatarVsManyUse"": ""Run-ins add enemy role pressure around the lone Avatar without creating ally units or squad play.""}","{""sourceFactionId"": ""MG-FACTION-003"", ""sourceFactionName"": ""Olympian"", ""sourceRealm"": ""The Celestial Heights of Olympus"", ""sourceCultureRule"": ""source culture humans later copied as Greek myth"", ""preserve"": [""established faction identity"", ""Mythos Gates mythology"", ""Gates and Codex systems"", ""one player-controlled Avatar combat"", ""mobile UE5 zone structure""], ""forbid"": [""replacement factions"", ""generic corridor dungeon conversion"", ""PC-first combat assumptions"", ""generic monster filler"", ""lore rewrites""]}"
"MG-F03-E-C02-M05","Elite: Contest the Laurel Verdict Ring: Pressure Break","MG-FACTION-003","","1","1","MG-MAP-004","{""loop"": [""Explore"", ""Encounter"", ""1 Deity vs. Multiple Enemies"", ""Victory"", ""Rewards"", ""Upgrade Deity"", ""Explore Further""], ""forbidden"": [""squad combat"", ""team formations"", ""multiple player-controlled Avatars"", ""ally positioning"", ""team turns""], ""readableRule"": ""Legacy schema label says Deity, current fiction label says Deity: exactly one playable god or goddess is controlled in standard battle."", ""playerControlledAvatars"": 1}","{""enabled"": true, ""homeFactionId"": ""MG-FACTION-003"", ""homeFactionName"": ""Olympian"", ""eligiblePoolIds"": [""MG-CROSS-RUN-IN-001"", ""MG-CROSS-RUN-IN-002"", ""MG-CROSS-RUN-IN-004"", ""MG-CROSS-RUN-IN-005"", ""MG-CROSS-RUN-IN-006"", ""MG-CROSS-RUN-IN-007""], ""recommendedPoolIds"": [""MG-CROSS-RUN-IN-002"", ""MG-CROSS-RUN-IN-004""], ""rule"": ""Run-ins must have a lore-valid reason: border conflict, Gate pressure, pursuit, oath, contract, trial, defense, corruption response, or event escalation. Never generic faction mixing."", ""oneAvatarVsManyUse"": ""Run-ins add enemy role pressure around the lone Avatar without creating ally units or squad play.""}","{""sourceFactionId"": ""MG-FACTION-003"", ""sourceFactionName"": ""Olympian"", ""sourceRealm"": ""The Celestial Heights of Olympus"", ""sourceCultureRule"": ""source culture humans later copied as Greek myth"", ""preserve"": [""established faction identity"", ""Mythos Gates mythology"", ""Gates and Codex systems"", ""one player-controlled Avatar combat"", ""mobile UE5 zone structure""], ""forbid"": [""replacement factions"", ""generic corridor dungeon conversion"", ""PC-first combat assumptions"", ""generic monster filler"", ""lore rewrites""]}"
"MG-F03-E-C02-M06","Elite: Foresee the Oracle Vapor Theater: Trial Mechanism","MG-FACTION-003","","1","1","MG-MAP-004","{""loop"": [""Explore"", ""Encounter"", ""1 Deity vs. Multiple Enemies"", ""Victory"", ""Rewards"", ""Upgrade Deity"", ""Explore Further""], ""forbidden"": [""squad combat"", ""team formations"", ""multiple player-controlled Avatars"", ""ally positioning"", ""team turns""], ""readableRule"": ""Legacy schema label says Deity, current fiction label says Deity: exactly one playable god or goddess is controlled in standard battle."", ""playerControlledAvatars"": 1}","{""enabled"": true, ""homeFactionId"": ""MG-FACTION-003"", ""homeFactionName"": ""Olympian"", ""eligiblePoolIds"": [""MG-CROSS-RUN-IN-001"", ""MG-CROSS-RUN-IN-002"", ""MG-CROSS-RUN-IN-004"", ""MG-CROSS-RUN-IN-005"", ""MG-CROSS-RUN-IN-006"", ""MG-CROSS-RUN-IN-007""], ""recommendedPoolIds"": [""MG-CROSS-RUN-IN-004"", ""MG-CROSS-RUN-IN-005""], ""rule"": ""Run-ins must have a lore-valid reason: border conflict, Gate pressure, pursuit, oath, contract, trial, defense, corruption response, or event escalation. Never generic faction mixing."", ""oneAvatarVsManyUse"": ""Run-ins add enemy role pressure around the lone Avatar without creating ally units or squad play.""}","{""sourceFactionId"": ""MG-FACTION-003"", ""sourceFactionName"": ""Olympian"", ""sourceRealm"": ""The Celestial Heights of Olympus"", ""sourceCultureRule"": ""source culture humans later copied as Greek myth"", ""preserve"": [""established faction identity"", ""Mythos Gates mythology"", ""Gates and Codex systems"", ""one player-controlled Avatar combat"", ""mobile UE5 zone structure""], ""forbid"": [""replacement factions"", ""generic corridor dungeon conversion"", ""PC-first combat assumptions"", ""generic monster filler"", ""lore rewrites""]}"
"MG-F03-E-C02-M07","Elite: Defy the Oracle Vapor Theater: Hazard Reading","MG-FACTION-003","","1","1","MG-MAP-004","{""loop"": [""Explore"", ""Encounter"", ""1 Deity vs. Multiple Enemies"", ""Victory"", ""Rewards"", ""Upgrade Deity"", ""Explore Further""], ""forbidden"": [""squad combat"", ""team formations"", ""multiple player-controlled Avatars"", ""ally positioning"", ""team turns""], ""readableRule"": ""Legacy schema label says Deity, current fiction label says Deity: exactly one playable god or goddess is controlled in standard battle."", ""playerControlledAvatars"": 1}","{""enabled"": true, ""homeFactionId"": ""MG-FACTION-003"", ""homeFactionName"": ""Olympian"", ""eligiblePoolIds"": [""MG-CROSS-RUN-IN-001"", ""MG-CROSS-RUN-IN-002"", ""MG-CROSS-RUN-IN-004"", ""MG-CROSS-RUN-IN-005"", ""MG-CROSS-RUN-IN-006"", ""MG-CROSS-RUN-IN-007""], ""recommendedPoolIds"": [""MG-CROSS-RUN-IN-005"", ""MG-CROSS-RUN-IN-006""], ""rule"": ""Run-ins must have a lore-valid reason: border conflict, Gate pressure, pursuit, oath, contract, trial, defense, corruption response, or event escalation. Never generic faction mixing."", ""oneAvatarVsManyUse"": ""Run-ins add enemy role pressure around the lone Avatar without creating ally units or squad play.""}","{""sourceFactionId"": ""MG-FACTION-003"", ""sourceFactionName"": ""Olympian"", ""sourceRealm"": ""The Celestial Heights of Olympus"", ""sourceCultureRule"": ""source culture humans later copied as Greek myth"", ""preserve"": [""established faction identity"", ""Mythos Gates mythology"", ""Gates and Codex systems"", ""one player-controlled Avatar combat"", ""mobile UE5 zone structure""], ""forbid"": [""replacement factions"", ""generic corridor dungeon conversion"", ""PC-first combat assumptions"", ""generic monster filler"", ""lore rewrites""]}"
"MG-F03-E-C02-M08","Elite: Crown the Oracle Vapor Theater: Lughching Law","MG-FACTION-003","","1","1","MG-MAP-004","{""loop"": [""Explore"", ""Encounter"", ""1 Deity vs. Multiple Enemies"", ""Victory"", ""Rewards"", ""Upgrade Deity"", ""Explore Further""], ""forbidden"": [""squad combat"", ""team formations"", ""multiple player-controlled Avatars"", ""ally positioning"", ""team turns""], ""readableRule"": ""Legacy schema label says Deity, current fiction label says Deity: exactly one playable god or goddess is controlled in standard battle."", ""playerControlledAvatars"": 1}","{""enabled"": true, ""homeFactionId"": ""MG-FACTION-003"", ""homeFactionName"": ""Olympian"", ""eligiblePoolIds"": [""MG-CROSS-RUN-IN-001"", ""MG-CROSS-RUN-IN-002"", ""MG-CROSS-RUN-IN-004"", ""MG-CROSS-RUN-IN-005"", ""MG-CROSS-RUN-IN-006"", ""MG-CROSS-RUN-IN-007""], ""recommendedPoolIds"": [""MG-CROSS-RUN-IN-006"", ""MG-CROSS-RUN-IN-007""], ""rule"": ""Run-ins must have a lore-valid reason: border conflict, Gate pressure, pursuit, oath, contract, trial, defense, corruption response, or event escalation. Never generic faction mixing."", ""oneAvatarVsManyUse"": ""Run-ins add enemy role pressure around the lone Avatar without creating ally units or squad play.""}","{""sourceFactionId"": ""MG-FACTION-003"", ""sourceFactionName"": ""Olympian"", ""sourceRealm"": ""The Celestial Heights of Olympus"", ""sourceCultureRule"": ""source culture humans later copied as Greek myth"", ""preserve"": [""established faction identity"", ""Mythos Gates mythology"", ""Gates and Codex systems"", ""one player-controlled Avatar combat"", ""mobile UE5 zone structure""], ""forbid"": [""replacement factions"", ""generic corridor dungeon conversion"", ""PC-first combat assumptions"", ""generic monster filler"", ""lore rewrites""]}"
"MG-F03-E-C03-M09","Elite: Contest the Aegis Shield Court: Key Verdict","MG-FACTION-003","","1","1","MG-MAP-004","{""loop"": [""Explore"", ""Encounter"", ""1 Deity vs. Multiple Enemies"", ""Victory"", ""Rewards"", ""Upgrade Deity"", ""Explore Further""], ""forbidden"": [""squad combat"", ""team formations"", ""multiple player-controlled Avatars"", ""ally positioning"", ""team turns""], ""readableRule"": ""Legacy schema label says Deity, current fiction label says Deity: exactly one playable god or goddess is controlled in standard battle."", ""playerControlledAvatars"": 1}","{""enabled"": true, ""homeFactionId"": ""MG-FACTION-003"", ""homeFactionName"": ""Olympian"", ""eligiblePoolIds"": [""MG-CROSS-RUN-IN-001"", ""MG-CROSS-RUN-IN-002"", ""MG-CROSS-RUN-IN-004"", ""MG-CROSS-RUN-IN-005"", ""MG-CROSS-RUN-IN-006"", ""MG-CROSS-RUN-IN-007""], ""recommendedPoolIds"": [""MG-CROSS-RUN-IN-001"", ""MG-CROSS-RUN-IN-002""], ""rule"": ""Run-ins must have a lore-valid reason: border conflict, Gate pressure, pursuit, oath, contract, trial, defense, corruption response, or event escalation. Never generic faction mixing."", ""oneAvatarVsManyUse"": ""Run-ins add enemy role pressure around the lone Avatar without creating ally units or squad play.""}","{""sourceFactionId"": ""MG-FACTION-003"", ""sourceFactionName"": ""Olympian"", ""sourceRealm"": ""The Celestial Heights of Olympus"", ""sourceCultureRule"": ""source culture humans later copied as Greek myth"", ""preserve"": [""established faction identity"", ""Mythos Gates mythology"", ""Gates and Codex systems"", ""one player-controlled Avatar combat"", ""mobile UE5 zone structure""], ""forbid"": [""replacement factions"", ""generic corridor dungeon conversion"", ""PC-first combat assumptions"", ""generic monster filler"", ""lore rewrites""]}"
"MG-F03-E-C03-M10","Elite: Foresee the Aegis Shield Court: Elite Lock","MG-FACTION-003","","1","1","MG-MAP-004","{""loop"": [""Explore"", ""Encounter"", ""1 Deity vs. Multiple Enemies"", ""Victory"", ""Rewards"", ""Upgrade Deity"", ""Explore Further""], ""forbidden"": [""squad combat"", ""team formations"", ""multiple player-controlled Avatars"", ""ally positioning"", ""team turns""], ""readableRule"": ""Legacy schema label says Deity, current fiction label says Deity: exactly one playable god or goddess is controlled in standard battle."", ""playerControlledAvatars"": 1}","{""enabled"": true, ""homeFactionId"": ""MG-FACTION-003"", ""homeFactionName"": ""Olympian"", ""eligiblePoolIds"": [""MG-CROSS-RUN-IN-001"", ""MG-CROSS-RUN-IN-002"", ""MG-CROSS-RUN-IN-004"", ""MG-CROSS-RUN-IN-005"", ""MG-CROSS-RUN-IN-006"", ""MG-CROSS-RUN-IN-007""], ""recommendedPoolIds"": [""MG-CROSS-RUN-IN-002"", ""MG-CROSS-RUN-IN-004""], ""rule"": ""Run-ins must have a lore-valid reason: border conflict, Gate pressure, pursuit, oath, contract, trial, defense, corruption response, or event escalation. Never generic faction mixing."", ""oneAvatarVsManyUse"": ""Run-ins add enemy role pressure around the lone Avatar without creating ally units or squad play.""}","{""sourceFactionId"": ""MG-FACTION-003"", ""sourceFactionName"": ""Olympian"", ""sourceRealm"": ""The Celestial Heights of Olympus"", ""sourceCultureRule"": ""source culture humans later copied as Greek myth"", ""preserve"": [""established faction identity"", ""Mythos Gates mythology"", ""Gates and Codex systems"", ""one player-controlled Avatar combat"", ""mobile UE5 zone structure""], ""forbid"": [""replacement factions"", ""generic corridor dungeon conversion"", ""PC-first combat assumptions"", ""generic monster filler"", ""lore rewrites""]}"
"MG-F03-E-C03-M11","Elite: Defy the Aegis Shield Court: Warden Duel","MG-FACTION-003","","1","1","MG-MAP-004","{""loop"": [""Explore"", ""Encounter"", ""1 Deity vs. Multiple Enemies"", ""Victory"", ""Rewards"", ""Upgrade Deity"", ""Explore Further""], ""forbidden"": [""squad combat"", ""team formations"", ""multiple player-controlled Avatars"", ""ally positioning"", ""team turns""], ""readableRule"": ""Legacy schema label says Deity, current fiction label says Deity: exactly one playable god or goddess is controlled in standard battle."", ""playerControlledAvatars"": 1}","{""enabled"": true, ""homeFactionId"": ""MG-FACTION-003"", ""homeFactionName"": ""Olympian"", ""eligiblePoolIds"": [""MG-CROSS-RUN-IN-001"", ""MG-CROSS-RUN-IN-002"", ""MG-CROSS-RUN-IN-004"", ""MG-CROSS-RUN-IN-005"", ""MG-CROSS-RUN-IN-006"", ""MG-CROSS-RUN-IN-007""], ""recommendedPoolIds"": [""MG-CROSS-RUN-IN-004"", ""MG-CROSS-RUN-IN-005""], ""rule"": ""Run-ins must have a lore-valid reason: border conflict, Gate pressure, pursuit, oath, contract, trial, defense, corruption response, or event escalation. Never generic faction mixing."", ""oneAvatarVsManyUse"": ""Run-ins add enemy role pressure around the lone Avatar without creating ally units or squad play.""}","{""sourceFactionId"": ""MG-FACTION-003"", ""sourceFactionName"": ""Olympian"", ""sourceRealm"": ""The Celestial Heights of Olympus"", ""sourceCultureRule"": ""source culture humans later copied as Greek myth"", ""preserve"": [""established faction identity"", ""Mythos Gates mythology"", ""Gates and Codex systems"", ""one player-controlled Avatar combat"", ""mobile UE5 zone structure""], ""forbid"": [""replacement factions"", ""generic corridor dungeon conversion"", ""PC-first combat assumptions"", ""generic monster filler"", ""lore rewrites""]}"
"MG-F03-E-C03-M12","Elite: Crown the Apollo Sun-Clarity Gallery: Lore Price","MG-FACTION-003","","1","1","MG-MAP-004","{""loop"": [""Explore"", ""Encounter"", ""1 Deity vs. Multiple Enemies"", ""Victory"", ""Rewards"", ""Upgrade Deity"", ""Explore Further""], ""forbidden"": [""squad combat"", ""team formations"", ""multiple player-controlled Avatars"", ""ally positioning"", ""team turns""], ""readableRule"": ""Legacy schema label says Deity, current fiction label says Deity: exactly one playable god or goddess is controlled in standard battle."", ""playerControlledAvatars"": 1}","{""enabled"": true, ""homeFactionId"": ""MG-FACTION-003"", ""homeFactionName"": ""Olympian"", ""eligiblePoolIds"": [""MG-CROSS-RUN-IN-001"", ""MG-CROSS-RUN-IN-002"", ""MG-CROSS-RUN-IN-004"", ""MG-CROSS-RUN-IN-005"", ""MG-CROSS-RUN-IN-006"", ""MG-CROSS-RUN-IN-007""], ""recommendedPoolIds"": [""MG-CROSS-RUN-IN-005"", ""MG-CROSS-RUN-IN-006""], ""rule"": ""Run-ins must have a lore-valid reason: border conflict, Gate pressure, pursuit, oath, contract, trial, defense, corruption response, or event escalation. Never generic faction mixing."", ""oneAvatarVsManyUse"": ""Run-ins add enemy role pressure around the lone Avatar without creating ally units or squad play.""}","{""sourceFactionId"": ""MG-FACTION-003"", ""sourceFactionName"": ""Olympian"", ""sourceRealm"": ""The Celestial Heights of Olympus"", ""sourceCultureRule"": ""source culture humans later copied as Greek myth"", ""preserve"": [""established faction identity"", ""Mythos Gates mythology"", ""Gates and Codex systems"", ""one player-controlled Avatar combat"", ""mobile UE5 zone structure""], ""forbid"": [""replacement factions"", ""generic corridor dungeon conversion"", ""PC-first combat assumptions"", ""generic monster filler"", ""lore rewrites""]}"
"MG-F03-E-C04-M13","Elite: Contest the Apollo Sun-Clarity Gallery: Relic Detour","MG-FACTION-003","","1","1","MG-MAP-004","{""loop"": [""Explore"", ""Encounter"", ""1 Deity vs. Multiple Enemies"", ""Victory"", ""Rewards"", ""Upgrade Deity"", ""Explore Further""], ""forbidden"": [""squad combat"", ""team formations"", ""multiple player-controlled Avatars"", ""ally positioning"", ""team turns""], ""readableRule"": ""Legacy schema label says Deity, current fiction label says Deity: exactly one playable god or goddess is controlled in standard battle."", ""playerControlledAvatars"": 1}","{""enabled"": true, ""homeFactionId"": ""MG-FACTION-003"", ""homeFactionName"": ""Olympian"", ""eligiblePoolIds"": [""MG-CROSS-RUN-IN-001"", ""MG-CROSS-RUN-IN-002"", ""MG-CROSS-RUN-IN-004"", ""MG-CROSS-RUN-IN-005"", ""MG-CROSS-RUN-IN-006"", ""MG-CROSS-RUN-IN-007""], ""recommendedPoolIds"": [""MG-CROSS-RUN-IN-007"", ""MG-CROSS-RUN-IN-001""], ""rule"": ""Run-ins must have a lore-valid reason: border conflict, Gate pressure, pursuit, oath, contract, trial, defense, corruption response, or event escalation. Never generic faction mixing."", ""oneAvatarVsManyUse"": ""Run-ins add enemy role pressure around the lone Avatar without creating ally units or squad play.""}","{""sourceFactionId"": ""MG-FACTION-003"", ""sourceFactionName"": ""Olympian"", ""sourceRealm"": ""The Celestial Heights of Olympus"", ""sourceCultureRule"": ""source culture humans later copied as Greek myth"", ""preserve"": [""established faction identity"", ""Mythos Gates mythology"", ""Gates and Codex systems"", ""one player-controlled Avatar combat"", ""mobile UE5 zone structure""], ""forbid"": [""replacement factions"", ""generic corridor dungeon conversion"", ""PC-first combat assumptions"", ""generic monster filler"", ""lore rewrites""]}"
"MG-F03-E-C04-M14","Elite: Foresee the Apollo Sun-Clarity Gallery: Hidden Cache","MG-FACTION-003","","1","1","MG-MAP-004","{""loop"": [""Explore"", ""Encounter"", ""1 Deity vs. Multiple Enemies"", ""Victory"", ""Rewards"", ""Upgrade Deity"", ""Explore Further""], ""forbidden"": [""squad combat"", ""team formations"", ""multiple player-controlled Avatars"", ""ally positioning"", ""team turns""], ""readableRule"": ""Legacy schema label says Deity, current fiction label says Deity: exactly one playable god or goddess is controlled in standard battle."", ""playerControlledAvatars"": 1}","{""enabled"": true, ""homeFactionId"": ""MG-FACTION-003"", ""homeFactionName"": ""Olympian"", ""eligiblePoolIds"": [""MG-CROSS-RUN-IN-001"", ""MG-CROSS-RUN-IN-002"", ""MG-CROSS-RUN-IN-004"", ""MG-CROSS-RUN-IN-005"", ""MG-CROSS-RUN-IN-006"", ""MG-CROSS-RUN-IN-007""], ""recommendedPoolIds"": [""MG-CROSS-RUN-IN-001"", ""MG-CROSS-RUN-IN-002""], ""rule"": ""Run-ins must have a lore-valid reason: border conflict, Gate pressure, pursuit, oath, contract, trial, defense, corruption response, or event escalation. Never generic faction mixing."", ""oneAvatarVsManyUse"": ""Run-ins add enemy role pressure around the lone Avatar without creating ally units or squad play.""}","{""sourceFactionId"": ""MG-FACTION-003"", ""sourceFactionName"": ""Olympian"", ""sourceRealm"": ""The Celestial Heights of Olympus"", ""sourceCultureRule"": ""source culture humans later copied as Greek myth"", ""preserve"": [""established faction identity"", ""Mythos Gates mythology"", ""Gates and Codex systems"", ""one player-controlled Avatar combat"", ""mobile UE5 zone structure""], ""forbid"": [""replacement factions"", ""generic corridor dungeon conversion"", ""PC-first combat assumptions"", ""generic monster filler"", ""lore rewrites""]}"
"MG-F03-E-C04-M15","Elite: Defy the Artemis Wild Threshold: Boss Threshold","MG-FACTION-003","","1","1","MG-MAP-004","{""loop"": [""Explore"", ""Encounter"", ""1 Deity vs. Multiple Enemies"", ""Victory"", ""Rewards"", ""Upgrade Deity"", ""Explore Further""], ""forbidden"": [""squad combat"", ""team formations"", ""multiple player-controlled Avatars"", ""ally positioning"", ""team turns""], ""readableRule"": ""Legacy schema label says Deity, current fiction label says Deity: exactly one playable god or goddess is controlled in standard battle."", ""playerControlledAvatars"": 1}","{""enabled"": true, ""homeFactionId"": ""MG-FACTION-003"", ""homeFactionName"": ""Olympian"", ""eligiblePoolIds"": [""MG-CROSS-RUN-IN-001"", ""MG-CROSS-RUN-IN-002"", ""MG-CROSS-RUN-IN-004"", ""MG-CROSS-RUN-IN-005"", ""MG-CROSS-RUN-IN-006"", ""MG-CROSS-RUN-IN-007""], ""recommendedPoolIds"": [""MG-CROSS-RUN-IN-002"", ""MG-CROSS-RUN-IN-004""], ""rule"": ""Run-ins must have a lore-valid reason: border conflict, Gate pressure, pursuit, oath, contract, trial, defense, corruption response, or event escalation. Never generic faction mixing."", ""oneAvatarVsManyUse"": ""Run-ins add enemy role pressure around the lone Avatar without creating ally units or squad play.""}","{""sourceFactionId"": ""MG-FACTION-003"", ""sourceFactionName"": ""Olympian"", ""sourceRealm"": ""The Celestial Heights of Olympus"", ""sourceCultureRule"": ""source culture humans later copied as Greek myth"", ""preserve"": [""established faction identity"", ""Mythos Gates mythology"", ""Gates and Codex systems"", ""one player-controlled Avatar combat"", ""mobile UE5 zone structure""], ""forbid"": [""replacement factions"", ""generic corridor dungeon conversion"", ""PC-first combat assumptions"", ""generic monster filler"", ""lore rewrites""]}"
"MG-F03-E-C04-M16","Elite: Crown the Artemis Wild Threshold: Final Approach","MG-FACTION-003","","1","1","MG-MAP-004","{""loop"": [""Explore"", ""Encounter"", ""1 Deity vs. Multiple Enemies"", ""Victory"", ""Rewards"", ""Upgrade Deity"", ""Explore Further""], ""forbidden"": [""squad combat"", ""team formations"", ""multiple player-controlled Avatars"", ""ally positioning"", ""team turns""], ""readableRule"": ""Legacy schema label says Deity, current fiction label says Deity: exactly one playable god or goddess is controlled in standard battle."", ""playerControlledAvatars"": 1}","{""enabled"": true, ""homeFactionId"": ""MG-FACTION-003"", ""homeFactionName"": ""Olympian"", ""eligiblePoolIds"": [""MG-CROSS-RUN-IN-001"", ""MG-CROSS-RUN-IN-002"", ""MG-CROSS-RUN-IN-004"", ""MG-CROSS-RUN-IN-005"", ""MG-CROSS-RUN-IN-006"", ""MG-CROSS-RUN-IN-007""], ""recommendedPoolIds"": [""MG-CROSS-RUN-IN-004"", ""MG-CROSS-RUN-IN-005""], ""rule"": ""Run-ins must have a lore-valid reason: border conflict, Gate pressure, pursuit, oath, contract, trial, defense, corruption response, or event escalation. Never generic faction mixing."", ""oneAvatarVsManyUse"": ""Run-ins add enemy role pressure around the lone Avatar without creating ally units or squad play.""}","{""sourceFactionId"": ""MG-FACTION-003"", ""sourceFactionName"": ""Olympian"", ""sourceRealm"": ""The Celestial Heights of Olympus"", ""sourceCultureRule"": ""source culture humans later copied as Greek myth"", ""preserve"": [""established faction identity"", ""Mythos Gates mythology"", ""Gates and Codex systems"", ""one player-controlled Avatar combat"", ""mobile UE5 zone structure""], ""forbid"": [""replacement factions"", ""generic corridor dungeon conversion"", ""PC-first combat assumptions"", ""generic monster filler"", ""lore rewrites""]}"
"MG-F03-E-C05-M17","Elite: Contest the Artemis Wild Threshold: Antechamber Seal","MG-FACTION-003","","1","1","MG-MAP-004","{""loop"": [""Explore"", ""Encounter"", ""1 Deity vs. Multiple Enemies"", ""Victory"", ""Rewards"", ""Upgrade Deity"", ""Explore Further""], ""forbidden"": [""squad combat"", ""team formations"", ""multiple player-controlled Avatars"", ""ally positioning"", ""team turns""], ""readableRule"": ""Legacy schema label says Deity, current fiction label says Deity: exactly one playable god or goddess is controlled in standard battle."", ""playerControlledAvatars"": 1}","{""enabled"": true, ""homeFactionId"": ""MG-FACTION-003"", ""homeFactionName"": ""Olympian"", ""eligiblePoolIds"": [""MG-CROSS-RUN-IN-001"", ""MG-CROSS-RUN-IN-002"", ""MG-CROSS-RUN-IN-004"", ""MG-CROSS-RUN-IN-005"", ""MG-CROSS-RUN-IN-006"", ""MG-CROSS-RUN-IN-007""], ""recommendedPoolIds"": [""MG-CROSS-RUN-IN-006"", ""MG-CROSS-RUN-IN-007""], ""rule"": ""Run-ins must have a lore-valid reason: border conflict, Gate pressure, pursuit, oath, contract, trial, defense, corruption response, or event escalation. Never generic faction mixing."", ""oneAvatarVsManyUse"": ""Run-ins add enemy role pressure around the lone Avatar without creating ally units or squad play.""}","{""sourceFactionId"": ""MG-FACTION-003"", ""sourceFactionName"": ""Olympian"", ""sourceRealm"": ""The Celestial Heights of Olympus"", ""sourceCultureRule"": ""source culture humans later copied as Greek myth"", ""preserve"": [""established faction identity"", ""Mythos Gates mythology"", ""Gates and Codex systems"", ""one player-controlled Avatar combat"", ""mobile UE5 zone structure""], ""forbid"": [""replacement factions"", ""generic corridor dungeon conversion"", ""PC-first combat assumptions"", ""generic monster filler"", ""lore rewrites""]}"
"MG-F03-E-C05-M18","Elite: Foresee the Thunder Tribunal Acropolis: Ascension Seal","MG-FACTION-003","","1","1","MG-MAP-004","{""loop"": [""Explore"", ""Encounter"", ""1 Deity vs. Multiple Enemies"", ""Victory"", ""Rewards"", ""Upgrade Deity"", ""Explore Further""], ""forbidden"": [""squad combat"", ""team formations"", ""multiple player-controlled Avatars"", ""ally positioning"", ""team turns""], ""readableRule"": ""Legacy schema label says Deity, current fiction label says Deity: exactly one playable god or goddess is controlled in standard battle."", ""playerControlledAvatars"": 1}","{""enabled"": true, ""homeFactionId"": ""MG-FACTION-003"", ""homeFactionName"": ""Olympian"", ""eligiblePoolIds"": [""MG-CROSS-RUN-IN-001"", ""MG-CROSS-RUN-IN-002"", ""MG-CROSS-RUN-IN-004"", ""MG-CROSS-RUN-IN-005"", ""MG-CROSS-RUN-IN-006"", ""MG-CROSS-RUN-IN-007""], ""recommendedPoolIds"": [""MG-CROSS-RUN-IN-007"", ""MG-CROSS-RUN-IN-001""], ""rule"": ""Run-ins must have a lore-valid reason: border conflict, Gate pressure, pursuit, oath, contract, trial, defense, corruption response, or event escalation. Never generic faction mixing."", ""oneAvatarVsManyUse"": ""Run-ins add enemy role pressure around the lone Avatar without creating ally units or squad play.""}","{""sourceFactionId"": ""MG-FACTION-003"", ""sourceFactionName"": ""Olympian"", ""sourceRealm"": ""The Celestial Heights of Olympus"", ""sourceCultureRule"": ""source culture humans later copied as Greek myth"", ""preserve"": [""established faction identity"", ""Mythos Gates mythology"", ""Gates and Codex systems"", ""one player-controlled Avatar combat"", ""mobile UE5 zone structure""], ""forbid"": [""replacement factions"", ""generic corridor dungeon conversion"", ""PC-first combat assumptions"", ""generic monster filler"", ""lore rewrites""]}"
"MG-F03-E-C05-M19","Elite: Defy the Thunder Tribunal Acropolis: Boss Chamber","MG-FACTION-003","","1","1","MG-MAP-004","{""loop"": [""Explore"", ""Encounter"", ""1 Deity vs. Multiple Enemies"", ""Victory"", ""Rewards"", ""Upgrade Deity"", ""Explore Further""], ""forbidden"": [""squad combat"", ""team formations"", ""multiple player-controlled Avatars"", ""ally positioning"", ""team turns""], ""readableRule"": ""Legacy schema label says Deity, current fiction label says Deity: exactly one playable god or goddess is controlled in standard battle."", ""playerControlledAvatars"": 1}","{""enabled"": true, ""homeFactionId"": ""MG-FACTION-003"", ""homeFactionName"": ""Olympian"", ""eligiblePoolIds"": [""MG-CROSS-RUN-IN-001"", ""MG-CROSS-RUN-IN-002"", ""MG-CROSS-RUN-IN-004"", ""MG-CROSS-RUN-IN-005"", ""MG-CROSS-RUN-IN-006"", ""MG-CROSS-RUN-IN-007""], ""recommendedPoolIds"": [""MG-CROSS-RUN-IN-001"", ""MG-CROSS-RUN-IN-002""], ""rule"": ""Run-ins must have a lore-valid reason: border conflict, Gate pressure, pursuit, oath, contract, trial, defense, corruption response, or event escalation. Never generic faction mixing."", ""oneAvatarVsManyUse"": ""Run-ins add enemy role pressure around the lone Avatar without creating ally units or squad play.""}","{""sourceFactionId"": ""MG-FACTION-003"", ""sourceFactionName"": ""Olympian"", ""sourceRealm"": ""The Celestial Heights of Olympus"", ""sourceCultureRule"": ""source culture humans later copied as Greek myth"", ""preserve"": [""established faction identity"", ""Mythos Gates mythology"", ""Gates and Codex systems"", ""one player-controlled Avatar combat"", ""mobile UE5 zone structure""], ""forbid"": [""replacement factions"", ""generic corridor dungeon conversion"", ""PC-first combat assumptions"", ""generic monster filler"", ""lore rewrites""]}"
"MG-F03-E-C05-M20","Elite: Crown the Thunder Tribunal Acropolis: Gate Verdict","MG-FACTION-003","","1","1","MG-MAP-004","{""loop"": [""Explore"", ""Encounter"", ""1 Deity vs. Multiple Enemies"", ""Victory"", ""Rewards"", ""Upgrade Deity"", ""Explore Further""], ""forbidden"": [""squad combat"", ""team formations"", ""multiple player-controlled Avatars"", ""ally positioning"", ""team turns""], ""readableRule"": ""Legacy schema label says Deity, current fiction label says Deity: exactly one playable god or goddess is controlled in standard battle."", ""playerControlledAvatars"": 1}","{""enabled"": true, ""homeFactionId"": ""MG-FACTION-003"", ""homeFactionName"": ""Olympian"", ""eligiblePoolIds"": [""MG-CROSS-RUN-IN-001"", ""MG-CROSS-RUN-IN-002"", ""MG-CROSS-RUN-IN-004"", ""MG-CROSS-RUN-IN-005"", ""MG-CROSS-RUN-IN-006"", ""MG-CROSS-RUN-IN-007""], ""recommendedPoolIds"": [""MG-CROSS-RUN-IN-002"", ""MG-CROSS-RUN-IN-004""], ""rule"": ""Run-ins must have a lore-valid reason: border conflict, Gate pressure, pursuit, oath, contract, trial, defense, corruption response, or event escalation. Never generic faction mixing."", ""oneAvatarVsManyUse"": ""Run-ins add enemy role pressure around the lone Avatar without creating ally units or squad play.""}","{""sourceFactionId"": ""MG-FACTION-003"", ""sourceFactionName"": ""Olympian"", ""sourceRealm"": ""The Celestial Heights of Olympus"", ""sourceCultureRule"": ""source culture humans later copied as Greek myth"", ""preserve"": [""established faction identity"", ""Mythos Gates mythology"", ""Gates and Codex systems"", ""one player-controlled Avatar combat"", ""mobile UE5 zone structure""], ""forbid"": [""replacement factions"", ""generic corridor dungeon conversion"", ""PC-first combat assumptions"", ""generic monster filler"", ""lore rewrites""]}"
"MG-F04-C01-M01","Purify the Purification Stream Threshold: First Crossing","MG-FACTION-004","","1","1","MG-MAP-009","{""loop"": [""Explore"", ""Encounter"", ""1 Deity vs. Multiple Enemies"", ""Victory"", ""Rewards"", ""Upgrade Deity"", ""Explore Further""], ""forbidden"": [""squad combat"", ""team formations"", ""multiple player-controlled Avatars"", ""ally positioning"", ""team turns""], ""readableRule"": ""Legacy schema label says Deity, current fiction label says Deity: exactly one playable god or goddess is controlled in standard battle."", ""playerControlledAvatars"": 1}","{""enabled"": true, ""homeFactionId"": ""MG-FACTION-004"", ""homeFactionName"": ""Kami"", ""eligiblePoolIds"": [""MG-CROSS-RUN-IN-001"", ""MG-CROSS-RUN-IN-002"", ""MG-CROSS-RUN-IN-003"", ""MG-CROSS-RUN-IN-005"", ""MG-CROSS-RUN-IN-006"", ""MG-CROSS-RUN-IN-007""], ""recommendedPoolIds"": [""MG-CROSS-RUN-IN-003"", ""MG-CROSS-RUN-IN-005""], ""rule"": ""Run-ins must have a lore-valid reason: border conflict, Gate pressure, pursuit, oath, contract, trial, defense, corruption response, or event escalation. Never generic faction mixing."", ""oneAvatarVsManyUse"": ""Run-ins add enemy role pressure around the lone Avatar without creating ally units or squad play.""}","{""sourceFactionId"": ""MG-FACTION-004"", ""sourceFactionName"": ""Kami"", ""sourceRealm"": ""The Sacred Kingdoms"", ""sourceCultureRule"": ""source culture humans later copied as Japanese myth and Shinto shrine lore"", ""preserve"": [""established faction identity"", ""Mythos Gates mythology"", ""Gates and Codex systems"", ""one player-controlled Avatar combat"", ""mobile UE5 zone structure""], ""forbid"": [""replacement factions"", ""generic corridor dungeon conversion"", ""PC-first combat assumptions"", ""generic monster filler"", ""lore rewrites""]}"
"MG-F04-C01-M02","Reflect the Purification Stream Threshold: Name at the Gate","MG-FACTION-004","","1","1","MG-MAP-010","{""loop"": [""Explore"", ""Encounter"", ""1 Deity vs. Multiple Enemies"", ""Victory"", ""Rewards"", ""Upgrade Deity"", ""Explore Further""], ""forbidden"": [""squad combat"", ""team formations"", ""multiple player-controlled Avatars"", ""ally positioning"", ""team turns""], ""readableRule"": ""Legacy schema label says Deity, current fiction label says Deity: exactly one playable god or goddess is controlled in standard battle."", ""playerControlledAvatars"": 1}","{""enabled"": true, ""homeFactionId"": ""MG-FACTION-004"", ""homeFactionName"": ""Kami"", ""eligiblePoolIds"": [""MG-CROSS-RUN-IN-001"", ""MG-CROSS-RUN-IN-002"", ""MG-CROSS-RUN-IN-003"", ""MG-CROSS-RUN-IN-005"", ""MG-CROSS-RUN-IN-006"", ""MG-CROSS-RUN-IN-007""], ""recommendedPoolIds"": [""MG-CROSS-RUN-IN-005"", ""MG-CROSS-RUN-IN-006""], ""rule"": ""Run-ins must have a lore-valid reason: border conflict, Gate pressure, pursuit, oath, contract, trial, defense, corruption response, or event escalation. Never generic faction mixing."", ""oneAvatarVsManyUse"": ""Run-ins add enemy role pressure around the lone Avatar without creating ally units or squad play.""}","{""sourceFactionId"": ""MG-FACTION-004"", ""sourceFactionName"": ""Kami"", ""sourceRealm"": ""The Sacred Kingdoms"", ""sourceCultureRule"": ""source culture humans later copied as Japanese myth and Shinto shrine lore"", ""preserve"": [""established faction identity"", ""Mythos Gates mythology"", ""Gates and Codex systems"", ""one player-controlled Avatar combat"", ""mobile UE5 zone structure""], ""forbid"": [""replacement factions"", ""generic corridor dungeon conversion"", ""PC-first combat assumptions"", ""generic monster filler"", ""lore rewrites""]}"
"MG-F04-C01-M03","Reroute the Foxfire Torii Road: Forward Claim","MG-FACTION-004","","1","1","MG-MAP-009","{""loop"": [""Explore"", ""Encounter"", ""1 Deity vs. Multiple Enemies"", ""Victory"", ""Rewards"", ""Upgrade Deity"", ""Explore Further""], ""forbidden"": [""squad combat"", ""team formations"", ""multiple player-controlled Avatars"", ""ally positioning"", ""team turns""], ""readableRule"": ""Legacy schema label says Deity, current fiction label says Deity: exactly one playable god or goddess is controlled in standard battle."", ""playerControlledAvatars"": 1}","{""enabled"": true, ""homeFactionId"": ""MG-FACTION-004"", ""homeFactionName"": ""Kami"", ""eligiblePoolIds"": [""MG-CROSS-RUN-IN-001"", ""MG-CROSS-RUN-IN-002"", ""MG-CROSS-RUN-IN-003"", ""MG-CROSS-RUN-IN-005"", ""MG-CROSS-RUN-IN-006"", ""MG-CROSS-RUN-IN-007""], ""recommendedPoolIds"": [""MG-CROSS-RUN-IN-006"", ""MG-CROSS-RUN-IN-007""], ""rule"": ""Run-ins must have a lore-valid reason: border conflict, Gate pressure, pursuit, oath, contract, trial, defense, corruption response, or event escalation. Never generic faction mixing."", ""oneAvatarVsManyUse"": ""Run-ins add enemy role pressure around the lone Avatar without creating ally units or squad play.""}","{""sourceFactionId"": ""MG-FACTION-004"", ""sourceFactionName"": ""Kami"", ""sourceRealm"": ""The Sacred Kingdoms"", ""sourceCultureRule"": ""source culture humans later copied as Japanese myth and Shinto shrine lore"", ""preserve"": [""established faction identity"", ""Mythos Gates mythology"", ""Gates and Codex systems"", ""one player-controlled Avatar combat"", ""mobile UE5 zone structure""], ""forbid"": [""replacement factions"", ""generic corridor dungeon conversion"", ""PC-first combat assumptions"", ""generic monster filler"", ""lore rewrites""]}"
"MG-F04-C01-M04","Unmask the Foxfire Torii Road: Outer Line","MG-FACTION-004","","1","1","MG-MAP-010","{""loop"": [""Explore"", ""Encounter"", ""1 Deity vs. Multiple Enemies"", ""Victory"", ""Rewards"", ""Upgrade Deity"", ""Explore Further""], ""forbidden"": [""squad combat"", ""team formations"", ""multiple player-controlled Avatars"", ""ally positioning"", ""team turns""], ""readableRule"": ""Legacy schema label says Deity, current fiction label says Deity: exactly one playable god or goddess is controlled in standard battle."", ""playerControlledAvatars"": 1}","{""enabled"": true, ""homeFactionId"": ""MG-FACTION-004"", ""homeFactionName"": ""Kami"", ""eligiblePoolIds"": [""MG-CROSS-RUN-IN-001"", ""MG-CROSS-RUN-IN-002"", ""MG-CROSS-RUN-IN-003"", ""MG-CROSS-RUN-IN-005"", ""MG-CROSS-RUN-IN-006"", ""MG-CROSS-RUN-IN-007""], ""recommendedPoolIds"": [""MG-CROSS-RUN-IN-007"", ""MG-CROSS-RUN-IN-001""], ""rule"": ""Run-ins must have a lore-valid reason: border conflict, Gate pressure, pursuit, oath, contract, trial, defense, corruption response, or event escalation. Never generic faction mixing."", ""oneAvatarVsManyUse"": ""Run-ins add enemy role pressure around the lone Avatar without creating ally units or squad play.""}","{""sourceFactionId"": ""MG-FACTION-004"", ""sourceFactionName"": ""Kami"", ""sourceRealm"": ""The Sacred Kingdoms"", ""sourceCultureRule"": ""source culture humans later copied as Japanese myth and Shinto shrine lore"", ""preserve"": [""established faction identity"", ""Mythos Gates mythology"", ""Gates and Codex systems"", ""one player-controlled Avatar combat"", ""mobile UE5 zone structure""], ""forbid"": [""replacement factions"", ""generic corridor dungeon conversion"", ""PC-first combat assumptions"", ""generic monster filler"", ""lore rewrites""]}"
"MG-F04-C02-M05","Purify the Foxfire Torii Road: Pressure Break","MG-FACTION-004","","1","1","MG-MAP-010","{""loop"": [""Explore"", ""Encounter"", ""1 Deity vs. Multiple Enemies"", ""Victory"", ""Rewards"", ""Upgrade Deity"", ""Explore Further""], ""forbidden"": [""squad combat"", ""team formations"", ""multiple player-controlled Avatars"", ""ally positioning"", ""team turns""], ""readableRule"": ""Legacy schema label says Deity, current fiction label says Deity: exactly one playable god or goddess is controlled in standard battle."", ""playerControlledAvatars"": 1}","{""enabled"": true, ""homeFactionId"": ""MG-FACTION-004"", ""homeFactionName"": ""Kami"", ""eligiblePoolIds"": [""MG-CROSS-RUN-IN-001"", ""MG-CROSS-RUN-IN-002"", ""MG-CROSS-RUN-IN-003"", ""MG-CROSS-RUN-IN-005"", ""MG-CROSS-RUN-IN-006"", ""MG-CROSS-RUN-IN-007""], ""recommendedPoolIds"": [""MG-CROSS-RUN-IN-002"", ""MG-CROSS-RUN-IN-003""], ""rule"": ""Run-ins must have a lore-valid reason: border conflict, Gate pressure, pursuit, oath, contract, trial, defense, corruption response, or event escalation. Never generic faction mixing."", ""oneAvatarVsManyUse"": ""Run-ins add enemy role pressure around the lone Avatar without creating ally units or squad play.""}","{""sourceFactionId"": ""MG-FACTION-004"", ""sourceFactionName"": ""Kami"", ""sourceRealm"": ""The Sacred Kingdoms"", ""sourceCultureRule"": ""source culture humans later copied as Japanese myth and Shinto shrine lore"", ""preserve"": [""established faction identity"", ""Mythos Gates mythology"", ""Gates and Codex systems"", ""one player-controlled Avatar combat"", ""mobile UE5 zone structure""], ""forbid"": [""replacement factions"", ""generic corridor dungeon conversion"", ""PC-first combat assumptions"", ""generic monster filler"", ""lore rewrites""]}"
"MG-F04-C02-M06","Reflect the Cedar Root Ambush Bend: Trial Mechanism","MG-FACTION-004","","1","1","MG-MAP-009","{""loop"": [""Explore"", ""Encounter"", ""1 Deity vs. Multiple Enemies"", ""Victory"", ""Rewards"", ""Upgrade Deity"", ""Explore Further""], ""forbidden"": [""squad combat"", ""team formations"", ""multiple player-controlled Avatars"", ""ally positioning"", ""team turns""], ""readableRule"": ""Legacy schema label says Deity, current fiction label says Deity: exactly one playable god or goddess is controlled in standard battle."", ""playerControlledAvatars"": 1}","{""enabled"": true, ""homeFactionId"": ""MG-FACTION-004"", ""homeFactionName"": ""Kami"", ""eligiblePoolIds"": [""MG-CROSS-RUN-IN-001"", ""MG-CROSS-RUN-IN-002"", ""MG-CROSS-RUN-IN-003"", ""MG-CROSS-RUN-IN-005"", ""MG-CROSS-RUN-IN-006"", ""MG-CROSS-RUN-IN-007""], ""recommendedPoolIds"": [""MG-CROSS-RUN-IN-003"", ""MG-CROSS-RUN-IN-005""], ""rule"": ""Run-ins must have a lore-valid reason: border conflict, Gate pressure, pursuit, oath, contract, trial, defense, corruption response, or event escalation. Never generic faction mixing."", ""oneAvatarVsManyUse"": ""Run-ins add enemy role pressure around the lone Avatar without creating ally units or squad play.""}","{""sourceFactionId"": ""MG-FACTION-004"", ""sourceFactionName"": ""Kami"", ""sourceRealm"": ""The Sacred Kingdoms"", ""sourceCultureRule"": ""source culture humans later copied as Japanese myth and Shinto shrine lore"", ""preserve"": [""established faction identity"", ""Mythos Gates mythology"", ""Gates and Codex systems"", ""one player-controlled Avatar combat"", ""mobile UE5 zone structure""], ""forbid"": [""replacement factions"", ""generic corridor dungeon conversion"", ""PC-first combat assumptions"", ""generic monster filler"", ""lore rewrites""]}"
"MG-F04-C02-M07","Reroute the Cedar Root Ambush Bend: Hazard Reading","MG-FACTION-004","","1","1","MG-MAP-010","{""loop"": [""Explore"", ""Encounter"", ""1 Deity vs. Multiple Enemies"", ""Victory"", ""Rewards"", ""Upgrade Deity"", ""Explore Further""], ""forbidden"": [""squad combat"", ""team formations"", ""multiple player-controlled Avatars"", ""ally positioning"", ""team turns""], ""readableRule"": ""Legacy schema label says Deity, current fiction label says Deity: exactly one playable god or goddess is controlled in standard battle."", ""playerControlledAvatars"": 1}","{""enabled"": true, ""homeFactionId"": ""MG-FACTION-004"", ""homeFactionName"": ""Kami"", ""eligiblePoolIds"": [""MG-CROSS-RUN-IN-001"", ""MG-CROSS-RUN-IN-002"", ""MG-CROSS-RUN-IN-003"", ""MG-CROSS-RUN-IN-005"", ""MG-CROSS-RUN-IN-006"", ""MG-CROSS-RUN-IN-007""], ""recommendedPoolIds"": [""MG-CROSS-RUN-IN-005"", ""MG-CROSS-RUN-IN-006""], ""rule"": ""Run-ins must have a lore-valid reason: border conflict, Gate pressure, pursuit, oath, contract, trial, defense, corruption response, or event escalation. Never generic faction mixing."", ""oneAvatarVsManyUse"": ""Run-ins add enemy role pressure around the lone Avatar without creating ally units or squad play.""}","{""sourceFactionId"": ""MG-FACTION-004"", ""sourceFactionName"": ""Kami"", ""sourceRealm"": ""The Sacred Kingdoms"", ""sourceCultureRule"": ""source culture humans later copied as Japanese myth and Shinto shrine lore"", ""preserve"": [""established faction identity"", ""Mythos Gates mythology"", ""Gates and Codex systems"", ""one player-controlled Avatar combat"", ""mobile UE5 zone structure""], ""forbid"": [""replacement factions"", ""generic corridor dungeon conversion"", ""PC-first combat assumptions"", ""generic monster filler"", ""lore rewrites""]}"
"MG-F04-C02-M08","Unmask the Cedar Root Ambush Bend: Lughching Law","MG-FACTION-004","","1","1","MG-MAP-009","{""loop"": [""Explore"", ""Encounter"", ""1 Deity vs. Multiple Enemies"", ""Victory"", ""Rewards"", ""Upgrade Deity"", ""Explore Further""], ""forbidden"": [""squad combat"", ""team formations"", ""multiple player-controlled Avatars"", ""ally positioning"", ""team turns""], ""readableRule"": ""Legacy schema label says Deity, current fiction label says Deity: exactly one playable god or goddess is controlled in standard battle."", ""playerControlledAvatars"": 1}","{""enabled"": true, ""homeFactionId"": ""MG-FACTION-004"", ""homeFactionName"": ""Kami"", ""eligiblePoolIds"": [""MG-CROSS-RUN-IN-001"", ""MG-CROSS-RUN-IN-002"", ""MG-CROSS-RUN-IN-003"", ""MG-CROSS-RUN-IN-005"", ""MG-CROSS-RUN-IN-006"", ""MG-CROSS-RUN-IN-007""], ""recommendedPoolIds"": [""MG-CROSS-RUN-IN-006"", ""MG-CROSS-RUN-IN-007""], ""rule"": ""Run-ins must have a lore-valid reason: border conflict, Gate pressure, pursuit, oath, contract, trial, defense, corruption response, or event escalation. Never generic faction mixing."", ""oneAvatarVsManyUse"": ""Run-ins add enemy role pressure around the lone Avatar without creating ally units or squad play.""}","{""sourceFactionId"": ""MG-FACTION-004"", ""sourceFactionName"": ""Kami"", ""sourceRealm"": ""The Sacred Kingdoms"", ""sourceCultureRule"": ""source culture humans later copied as Japanese myth and Shinto shrine lore"", ""preserve"": [""established faction identity"", ""Mythos Gates mythology"", ""Gates and Codex systems"", ""one player-controlled Avatar combat"", ""mobile UE5 zone structure""], ""forbid"": [""replacement factions"", ""generic corridor dungeon conversion"", ""PC-first combat assumptions"", ""generic monster filler"", ""lore rewrites""]}"
"MG-F04-C03-M09","Purify the Mirror Lake Sanctum: Key Verdict","MG-FACTION-004","","1","1","MG-MAP-009","{""loop"": [""Explore"", ""Encounter"", ""1 Deity vs. Multiple Enemies"", ""Victory"", ""Rewards"", ""Upgrade Deity"", ""Explore Further""], ""forbidden"": [""squad combat"", ""team formations"", ""multiple player-controlled Avatars"", ""ally positioning"", ""team turns""], ""readableRule"": ""Legacy schema label says Deity, current fiction label says Deity: exactly one playable god or goddess is controlled in standard battle."", ""playerControlledAvatars"": 1}","{""enabled"": true, ""homeFactionId"": ""MG-FACTION-004"", ""homeFactionName"": ""Kami"", ""eligiblePoolIds"": [""MG-CROSS-RUN-IN-001"", ""MG-CROSS-RUN-IN-002"", ""MG-CROSS-RUN-IN-003"", ""MG-CROSS-RUN-IN-005"", ""MG-CROSS-RUN-IN-006"", ""MG-CROSS-RUN-IN-007""], ""recommendedPoolIds"": [""MG-CROSS-RUN-IN-001"", ""MG-CROSS-RUN-IN-002""], ""rule"": ""Run-ins must have a lore-valid reason: border conflict, Gate pressure, pursuit, oath, contract, trial, defense, corruption response, or event escalation. Never generic faction mixing."", ""oneAvatarVsManyUse"": ""Run-ins add enemy role pressure around the lone Avatar without creating ally units or squad play.""}","{""sourceFactionId"": ""MG-FACTION-004"", ""sourceFactionName"": ""Kami"", ""sourceRealm"": ""The Sacred Kingdoms"", ""sourceCultureRule"": ""source culture humans later copied as Japanese myth and Shinto shrine lore"", ""preserve"": [""established faction identity"", ""Mythos Gates mythology"", ""Gates and Codex systems"", ""one player-controlled Avatar combat"", ""mobile UE5 zone structure""], ""forbid"": [""replacement factions"", ""generic corridor dungeon conversion"", ""PC-first combat assumptions"", ""generic monster filler"", ""lore rewrites""]}"
"MG-F04-C03-M10","Reflect the Mirror Lake Sanctum: Elite Lock","MG-FACTION-004","","1","1","MG-MAP-010","{""loop"": [""Explore"", ""Encounter"", ""1 Deity vs. Multiple Enemies"", ""Victory"", ""Rewards"", ""Upgrade Deity"", ""Explore Further""], ""forbidden"": [""squad combat"", ""team formations"", ""multiple player-controlled Avatars"", ""ally positioning"", ""team turns""], ""readableRule"": ""Legacy schema label says Deity, current fiction label says Deity: exactly one playable god or goddess is controlled in standard battle."", ""playerControlledAvatars"": 1}","{""enabled"": true, ""homeFactionId"": ""MG-FACTION-004"", ""homeFactionName"": ""Kami"", ""eligiblePoolIds"": [""MG-CROSS-RUN-IN-001"", ""MG-CROSS-RUN-IN-002"", ""MG-CROSS-RUN-IN-003"", ""MG-CROSS-RUN-IN-005"", ""MG-CROSS-RUN-IN-006"", ""MG-CROSS-RUN-IN-007""], ""recommendedPoolIds"": [""MG-CROSS-RUN-IN-002"", ""MG-CROSS-RUN-IN-003""], ""rule"": ""Run-ins must have a lore-valid reason: border conflict, Gate pressure, pursuit, oath, contract, trial, defense, corruption response, or event escalation. Never generic faction mixing."", ""oneAvatarVsManyUse"": ""Run-ins add enemy role pressure around the lone Avatar without creating ally units or squad play.""}","{""sourceFactionId"": ""MG-FACTION-004"", ""sourceFactionName"": ""Kami"", ""sourceRealm"": ""The Sacred Kingdoms"", ""sourceCultureRule"": ""source culture humans later copied as Japanese myth and Shinto shrine lore"", ""preserve"": [""established faction identity"", ""Mythos Gates mythology"", ""Gates and Codex systems"", ""one player-controlled Avatar combat"", ""mobile UE5 zone structure""], ""forbid"": [""replacement factions"", ""generic corridor dungeon conversion"", ""PC-first combat assumptions"", ""generic monster filler"", ""lore rewrites""]}"
"MG-F04-C03-M11","Reroute the Mirror Lake Sanctum: Warden Duel","MG-FACTION-004","","1","1","MG-MAP-009","{""loop"": [""Explore"", ""Encounter"", ""1 Deity vs. Multiple Enemies"", ""Victory"", ""Rewards"", ""Upgrade Deity"", ""Explore Further""], ""forbidden"": [""squad combat"", ""team formations"", ""multiple player-controlled Avatars"", ""ally positioning"", ""team turns""], ""readableRule"": ""Legacy schema label says Deity, current fiction label says Deity: exactly one playable god or goddess is controlled in standard battle."", ""playerControlledAvatars"": 1}","{""enabled"": true, ""homeFactionId"": ""MG-FACTION-004"", ""homeFactionName"": ""Kami"", ""eligiblePoolIds"": [""MG-CROSS-RUN-IN-001"", ""MG-CROSS-RUN-IN-002"", ""MG-CROSS-RUN-IN-003"", ""MG-CROSS-RUN-IN-005"", ""MG-CROSS-RUN-IN-006"", ""MG-CROSS-RUN-IN-007""], ""recommendedPoolIds"": [""MG-CROSS-RUN-IN-003"", ""MG-CROSS-RUN-IN-005""], ""rule"": ""Run-ins must have a lore-valid reason: border conflict, Gate pressure, pursuit, oath, contract, trial, defense, corruption response, or event escalation. Never generic faction mixing."", ""oneAvatarVsManyUse"": ""Run-ins add enemy role pressure around the lone Avatar without creating ally units or squad play.""}","{""sourceFactionId"": ""MG-FACTION-004"", ""sourceFactionName"": ""Kami"", ""sourceRealm"": ""The Sacred Kingdoms"", ""sourceCultureRule"": ""source culture humans later copied as Japanese myth and Shinto shrine lore"", ""preserve"": [""established faction identity"", ""Mythos Gates mythology"", ""Gates and Codex systems"", ""one player-controlled Avatar combat"", ""mobile UE5 zone structure""], ""forbid"": [""replacement factions"", ""generic corridor dungeon conversion"", ""PC-first combat assumptions"", ""generic monster filler"", ""lore rewrites""]}"
"MG-F04-C03-M12","Unmask the Inari Rice Court Storehouse: Lore Price","MG-FACTION-004","","1","1","MG-MAP-010","{""loop"": [""Explore"", ""Encounter"", ""1 Deity vs. Multiple Enemies"", ""Victory"", ""Rewards"", ""Upgrade Deity"", ""Explore Further""], ""forbidden"": [""squad combat"", ""team formations"", ""multiple player-controlled Avatars"", ""ally positioning"", ""team turns""], ""readableRule"": ""Legacy schema label says Deity, current fiction label says Deity: exactly one playable god or goddess is controlled in standard battle."", ""playerControlledAvatars"": 1}","{""enabled"": true, ""homeFactionId"": ""MG-FACTION-004"", ""homeFactionName"": ""Kami"", ""eligiblePoolIds"": [""MG-CROSS-RUN-IN-001"", ""MG-CROSS-RUN-IN-002"", ""MG-CROSS-RUN-IN-003"", ""MG-CROSS-RUN-IN-005"", ""MG-CROSS-RUN-IN-006"", ""MG-CROSS-RUN-IN-007""], ""recommendedPoolIds"": [""MG-CROSS-RUN-IN-005"", ""MG-CROSS-RUN-IN-006""], ""rule"": ""Run-ins must have a lore-valid reason: border conflict, Gate pressure, pursuit, oath, contract, trial, defense, corruption response, or event escalation. Never generic faction mixing."", ""oneAvatarVsManyUse"": ""Run-ins add enemy role pressure around the lone Avatar without creating ally units or squad play.""}","{""sourceFactionId"": ""MG-FACTION-004"", ""sourceFactionName"": ""Kami"", ""sourceRealm"": ""The Sacred Kingdoms"", ""sourceCultureRule"": ""source culture humans later copied as Japanese myth and Shinto shrine lore"", ""preserve"": [""established faction identity"", ""Mythos Gates mythology"", ""Gates and Codex systems"", ""one player-controlled Avatar combat"", ""mobile UE5 zone structure""], ""forbid"": [""replacement factions"", ""generic corridor dungeon conversion"", ""PC-first combat assumptions"", ""generic monster filler"", ""lore rewrites""]}"
"MG-F04-C04-M13","Purify the Inari Rice Court Storehouse: Relic Detour","MG-FACTION-004","","1","1","MG-MAP-010","{""loop"": [""Explore"", ""Encounter"", ""1 Deity vs. Multiple Enemies"", ""Victory"", ""Rewards"", ""Upgrade Deity"", ""Explore Further""], ""forbidden"": [""squad combat"", ""team formations"", ""multiple player-controlled Avatars"", ""ally positioning"", ""team turns""], ""readableRule"": ""Legacy schema label says Deity, current fiction label says Deity: exactly one playable god or goddess is controlled in standard battle."", ""playerControlledAvatars"": 1}","{""enabled"": true, ""homeFactionId"": ""MG-FACTION-004"", ""homeFactionName"": ""Kami"", ""eligiblePoolIds"": [""MG-CROSS-RUN-IN-001"", ""MG-CROSS-RUN-IN-002"", ""MG-CROSS-RUN-IN-003"", ""MG-CROSS-RUN-IN-005"", ""MG-CROSS-RUN-IN-006"", ""MG-CROSS-RUN-IN-007""], ""recommendedPoolIds"": [""MG-CROSS-RUN-IN-007"", ""MG-CROSS-RUN-IN-001""], ""rule"": ""Run-ins must have a lore-valid reason: border conflict, Gate pressure, pursuit, oath, contract, trial, defense, corruption response, or event escalation. Never generic faction mixing."", ""oneAvatarVsManyUse"": ""Run-ins add enemy role pressure around the lone Avatar without creating ally units or squad play.""}","{""sourceFactionId"": ""MG-FACTION-004"", ""sourceFactionName"": ""Kami"", ""sourceRealm"": ""The Sacred Kingdoms"", ""sourceCultureRule"": ""source culture humans later copied as Japanese myth and Shinto shrine lore"", ""preserve"": [""established faction identity"", ""Mythos Gates mythology"", ""Gates and Codex systems"", ""one player-controlled Avatar combat"", ""mobile UE5 zone structure""], ""forbid"": [""replacement factions"", ""generic corridor dungeon conversion"", ""PC-first combat assumptions"", ""generic monster filler"", ""lore rewrites""]}"
"MG-F04-C04-M14","Reflect the Inari Rice Court Storehouse: Hidden Cache","MG-FACTION-004","","1","1","MG-MAP-009","{""loop"": [""Explore"", ""Encounter"", ""1 Deity vs. Multiple Enemies"", ""Victory"", ""Rewards"", ""Upgrade Deity"", ""Explore Further""], ""forbidden"": [""squad combat"", ""team formations"", ""multiple player-controlled Avatars"", ""ally positioning"", ""team turns""], ""readableRule"": ""Legacy schema label says Deity, current fiction label says Deity: exactly one playable god or goddess is controlled in standard battle."", ""playerControlledAvatars"": 1}","{""enabled"": true, ""homeFactionId"": ""MG-FACTION-004"", ""homeFactionName"": ""Kami"", ""eligiblePoolIds"": [""MG-CROSS-RUN-IN-001"", ""MG-CROSS-RUN-IN-002"", ""MG-CROSS-RUN-IN-003"", ""MG-CROSS-RUN-IN-005"", ""MG-CROSS-RUN-IN-006"", ""MG-CROSS-RUN-IN-007""], ""recommendedPoolIds"": [""MG-CROSS-RUN-IN-001"", ""MG-CROSS-RUN-IN-002""], ""rule"": ""Run-ins must have a lore-valid reason: border conflict, Gate pressure, pursuit, oath, contract, trial, defense, corruption response, or event escalation. Never generic faction mixing."", ""oneAvatarVsManyUse"": ""Run-ins add enemy role pressure around the lone Avatar without creating ally units or squad play.""}","{""sourceFactionId"": ""MG-FACTION-004"", ""sourceFactionName"": ""Kami"", ""sourceRealm"": ""The Sacred Kingdoms"", ""sourceCultureRule"": ""source culture humans later copied as Japanese myth and Shinto shrine lore"", ""preserve"": [""established faction identity"", ""Mythos Gates mythology"", ""Gates and Codex systems"", ""one player-controlled Avatar combat"", ""mobile UE5 zone structure""], ""forbid"": [""replacement factions"", ""generic corridor dungeon conversion"", ""PC-first combat assumptions"", ""generic monster filler"", ""lore rewrites""]}"
"MG-F04-C04-M15","Reroute the Tengu Storm-Cedar Peak: Boss Threshold","MG-FACTION-004","","1","1","MG-MAP-010","{""loop"": [""Explore"", ""Encounter"", ""1 Deity vs. Multiple Enemies"", ""Victory"", ""Rewards"", ""Upgrade Deity"", ""Explore Further""], ""forbidden"": [""squad combat"", ""team formations"", ""multiple player-controlled Avatars"", ""ally positioning"", ""team turns""], ""readableRule"": ""Legacy schema label says Deity, current fiction label says Deity: exactly one playable god or goddess is controlled in standard battle."", ""playerControlledAvatars"": 1}","{""enabled"": true, ""homeFactionId"": ""MG-FACTION-004"", ""homeFactionName"": ""Kami"", ""eligiblePoolIds"": [""MG-CROSS-RUN-IN-001"", ""MG-CROSS-RUN-IN-002"", ""MG-CROSS-RUN-IN-003"", ""MG-CROSS-RUN-IN-005"", ""MG-CROSS-RUN-IN-006"", ""MG-CROSS-RUN-IN-007""], ""recommendedPoolIds"": [""MG-CROSS-RUN-IN-002"", ""MG-CROSS-RUN-IN-003""], ""rule"": ""Run-ins must have a lore-valid reason: border conflict, Gate pressure, pursuit, oath, contract, trial, defense, corruption response, or event escalation. Never generic faction mixing."", ""oneAvatarVsManyUse"": ""Run-ins add enemy role pressure around the lone Avatar without creating ally units or squad play.""}","{""sourceFactionId"": ""MG-FACTION-004"", ""sourceFactionName"": ""Kami"", ""sourceRealm"": ""The Sacred Kingdoms"", ""sourceCultureRule"": ""source culture humans later copied as Japanese myth and Shinto shrine lore"", ""preserve"": [""established faction identity"", ""Mythos Gates mythology"", ""Gates and Codex systems"", ""one player-controlled Avatar combat"", ""mobile UE5 zone structure""], ""forbid"": [""replacement factions"", ""generic corridor dungeon conversion"", ""PC-first combat assumptions"", ""generic monster filler"", ""lore rewrites""]}"
"MG-F04-C04-M16","Unmask the Tengu Storm-Cedar Peak: Final Approach","MG-FACTION-004","","1","1","MG-MAP-009","{""loop"": [""Explore"", ""Encounter"", ""1 Deity vs. Multiple Enemies"", ""Victory"", ""Rewards"", ""Upgrade Deity"", ""Explore Further""], ""forbidden"": [""squad combat"", ""team formations"", ""multiple player-controlled Avatars"", ""ally positioning"", ""team turns""], ""readableRule"": ""Legacy schema label says Deity, current fiction label says Deity: exactly one playable god or goddess is controlled in standard battle."", ""playerControlledAvatars"": 1}","{""enabled"": true, ""homeFactionId"": ""MG-FACTION-004"", ""homeFactionName"": ""Kami"", ""eligiblePoolIds"": [""MG-CROSS-RUN-IN-001"", ""MG-CROSS-RUN-IN-002"", ""MG-CROSS-RUN-IN-003"", ""MG-CROSS-RUN-IN-005"", ""MG-CROSS-RUN-IN-006"", ""MG-CROSS-RUN-IN-007""], ""recommendedPoolIds"": [""MG-CROSS-RUN-IN-003"", ""MG-CROSS-RUN-IN-005""], ""rule"": ""Run-ins must have a lore-valid reason: border conflict, Gate pressure, pursuit, oath, contract, trial, defense, corruption response, or event escalation. Never generic faction mixing."", ""oneAvatarVsManyUse"": ""Run-ins add enemy role pressure around the lone Avatar without creating ally units or squad play.""}","{""sourceFactionId"": ""MG-FACTION-004"", ""sourceFactionName"": ""Kami"", ""sourceRealm"": ""The Sacred Kingdoms"", ""sourceCultureRule"": ""source culture humans later copied as Japanese myth and Shinto shrine lore"", ""preserve"": [""established faction identity"", ""Mythos Gates mythology"", ""Gates and Codex systems"", ""one player-controlled Avatar combat"", ""mobile UE5 zone structure""], ""forbid"": [""replacement factions"", ""generic corridor dungeon conversion"", ""PC-first combat assumptions"", ""generic monster filler"", ""lore rewrites""]}"
"MG-F04-C05-M17","Purify the Tengu Storm-Cedar Peak: Antechamber Seal","MG-FACTION-004","","1","1","MG-MAP-009","{""loop"": [""Explore"", ""Encounter"", ""1 Deity vs. Multiple Enemies"", ""Victory"", ""Rewards"", ""Upgrade Deity"", ""Explore Further""], ""forbidden"": [""squad combat"", ""team formations"", ""multiple player-controlled Avatars"", ""ally positioning"", ""team turns""], ""readableRule"": ""Legacy schema label says Deity, current fiction label says Deity: exactly one playable god or goddess is controlled in standard battle."", ""playerControlledAvatars"": 1}","{""enabled"": true, ""homeFactionId"": ""MG-FACTION-004"", ""homeFactionName"": ""Kami"", ""eligiblePoolIds"": [""MG-CROSS-RUN-IN-001"", ""MG-CROSS-RUN-IN-002"", ""MG-CROSS-RUN-IN-003"", ""MG-CROSS-RUN-IN-005"", ""MG-CROSS-RUN-IN-006"", ""MG-CROSS-RUN-IN-007""], ""recommendedPoolIds"": [""MG-CROSS-RUN-IN-006"", ""MG-CROSS-RUN-IN-007""], ""rule"": ""Run-ins must have a lore-valid reason: border conflict, Gate pressure, pursuit, oath, contract, trial, defense, corruption response, or event escalation. Never generic faction mixing."", ""oneAvatarVsManyUse"": ""Run-ins add enemy role pressure around the lone Avatar without creating ally units or squad play.""}","{""sourceFactionId"": ""MG-FACTION-004"", ""sourceFactionName"": ""Kami"", ""sourceRealm"": ""The Sacred Kingdoms"", ""sourceCultureRule"": ""source culture humans later copied as Japanese myth and Shinto shrine lore"", ""preserve"": [""established faction identity"", ""Mythos Gates mythology"", ""Gates and Codex systems"", ""one player-controlled Avatar combat"", ""mobile UE5 zone structure""], ""forbid"": [""replacement factions"", ""generic corridor dungeon conversion"", ""PC-first combat assumptions"", ""generic monster filler"", ""lore rewrites""]}"
"MG-F04-C05-M18","Reflect the Moon-Mirror Boss Shrine: Ascension Seal","MG-FACTION-004","","1","1","MG-MAP-010","{""loop"": [""Explore"", ""Encounter"", ""1 Deity vs. Multiple Enemies"", ""Victory"", ""Rewards"", ""Upgrade Deity"", ""Explore Further""], ""forbidden"": [""squad combat"", ""team formations"", ""multiple player-controlled Avatars"", ""ally positioning"", ""team turns""], ""readableRule"": ""Legacy schema label says Deity, current fiction label says Deity: exactly one playable god or goddess is controlled in standard battle."", ""playerControlledAvatars"": 1}","{""enabled"": true, ""homeFactionId"": ""MG-FACTION-004"", ""homeFactionName"": ""Kami"", ""eligiblePoolIds"": [""MG-CROSS-RUN-IN-001"", ""MG-CROSS-RUN-IN-002"", ""MG-CROSS-RUN-IN-003"", ""MG-CROSS-RUN-IN-005"", ""MG-CROSS-RUN-IN-006"", ""MG-CROSS-RUN-IN-007""], ""recommendedPoolIds"": [""MG-CROSS-RUN-IN-007"", ""MG-CROSS-RUN-IN-001""], ""rule"": ""Run-ins must have a lore-valid reason: border conflict, Gate pressure, pursuit, oath, contract, trial, defense, corruption response, or event escalation. Never generic faction mixing."", ""oneAvatarVsManyUse"": ""Run-ins add enemy role pressure around the lone Avatar without creating ally units or squad play.""}","{""sourceFactionId"": ""MG-FACTION-004"", ""sourceFactionName"": ""Kami"", ""sourceRealm"": ""The Sacred Kingdoms"", ""sourceCultureRule"": ""source culture humans later copied as Japanese myth and Shinto shrine lore"", ""preserve"": [""established faction identity"", ""Mythos Gates mythology"", ""Gates and Codex systems"", ""one player-controlled Avatar combat"", ""mobile UE5 zone structure""], ""forbid"": [""replacement factions"", ""generic corridor dungeon conversion"", ""PC-first combat assumptions"", ""generic monster filler"", ""lore rewrites""]}"
"MG-F04-C05-M19","Reroute the Moon-Mirror Boss Shrine: Boss Chamber","MG-FACTION-004","","1","1","MG-MAP-009","{""loop"": [""Explore"", ""Encounter"", ""1 Deity vs. Multiple Enemies"", ""Victory"", ""Rewards"", ""Upgrade Deity"", ""Explore Further""], ""forbidden"": [""squad combat"", ""team formations"", ""multiple player-controlled Avatars"", ""ally positioning"", ""team turns""], ""readableRule"": ""Legacy schema label says Deity, current fiction label says Deity: exactly one playable god or goddess is controlled in standard battle."", ""playerControlledAvatars"": 1}","{""enabled"": true, ""homeFactionId"": ""MG-FACTION-004"", ""homeFactionName"": ""Kami"", ""eligiblePoolIds"": [""MG-CROSS-RUN-IN-001"", ""MG-CROSS-RUN-IN-002"", ""MG-CROSS-RUN-IN-003"", ""MG-CROSS-RUN-IN-005"", ""MG-CROSS-RUN-IN-006"", ""MG-CROSS-RUN-IN-007""], ""recommendedPoolIds"": [""MG-CROSS-RUN-IN-001"", ""MG-CROSS-RUN-IN-002""], ""rule"": ""Run-ins must have a lore-valid reason: border conflict, Gate pressure, pursuit, oath, contract, trial, defense, corruption response, or event escalation. Never generic faction mixing."", ""oneAvatarVsManyUse"": ""Run-ins add enemy role pressure around the lone Avatar without creating ally units or squad play.""}","{""sourceFactionId"": ""MG-FACTION-004"", ""sourceFactionName"": ""Kami"", ""sourceRealm"": ""The Sacred Kingdoms"", ""sourceCultureRule"": ""source culture humans later copied as Japanese myth and Shinto shrine lore"", ""preserve"": [""established faction identity"", ""Mythos Gates mythology"", ""Gates and Codex systems"", ""one player-controlled Avatar combat"", ""mobile UE5 zone structure""], ""forbid"": [""replacement factions"", ""generic corridor dungeon conversion"", ""PC-first combat assumptions"", ""generic monster filler"", ""lore rewrites""]}"
"MG-F04-C05-M20","Unmask the Moon-Mirror Boss Shrine: Gate Verdict","MG-FACTION-004","","1","1","MG-MAP-010","{""loop"": [""Explore"", ""Encounter"", ""1 Deity vs. Multiple Enemies"", ""Victory"", ""Rewards"", ""Upgrade Deity"", ""Explore Further""], ""forbidden"": [""squad combat"", ""team formations"", ""multiple player-controlled Avatars"", ""ally positioning"", ""team turns""], ""readableRule"": ""Legacy schema label says Deity, current fiction label says Deity: exactly one playable god or goddess is controlled in standard battle."", ""playerControlledAvatars"": 1}","{""enabled"": true, ""homeFactionId"": ""MG-FACTION-004"", ""homeFactionName"": ""Kami"", ""eligiblePoolIds"": [""MG-CROSS-RUN-IN-001"", ""MG-CROSS-RUN-IN-002"", ""MG-CROSS-RUN-IN-003"", ""MG-CROSS-RUN-IN-005"", ""MG-CROSS-RUN-IN-006"", ""MG-CROSS-RUN-IN-007""], ""recommendedPoolIds"": [""MG-CROSS-RUN-IN-002"", ""MG-CROSS-RUN-IN-003""], ""rule"": ""Run-ins must have a lore-valid reason: border conflict, Gate pressure, pursuit, oath, contract, trial, defense, corruption response, or event escalation. Never generic faction mixing."", ""oneAvatarVsManyUse"": ""Run-ins add enemy role pressure around the lone Avatar without creating ally units or squad play.""}","{""sourceFactionId"": ""MG-FACTION-004"", ""sourceFactionName"": ""Kami"", ""sourceRealm"": ""The Sacred Kingdoms"", ""sourceCultureRule"": ""source culture humans later copied as Japanese myth and Shinto shrine lore"", ""preserve"": [""established faction identity"", ""Mythos Gates mythology"", ""Gates and Codex systems"", ""one player-controlled Avatar combat"", ""mobile UE5 zone structure""], ""forbid"": [""replacement factions"", ""generic corridor dungeon conversion"", ""PC-first combat assumptions"", ""generic monster filler"", ""lore rewrites""]}"
"MG-F04-E-C01-M01","Elite: Purify the Purification Stream Threshold: First Crossing","MG-FACTION-004","","1","1","MG-MAP-009","{""loop"": [""Explore"", ""Encounter"", ""1 Deity vs. Multiple Enemies"", ""Victory"", ""Rewards"", ""Upgrade Deity"", ""Explore Further""], ""forbidden"": [""squad combat"", ""team formations"", ""multiple player-controlled Avatars"", ""ally positioning"", ""team turns""], ""readableRule"": ""Legacy schema label says Deity, current fiction label says Deity: exactly one playable god or goddess is controlled in standard battle."", ""playerControlledAvatars"": 1}","{""enabled"": true, ""homeFactionId"": ""MG-FACTION-004"", ""homeFactionName"": ""Kami"", ""eligiblePoolIds"": [""MG-CROSS-RUN-IN-001"", ""MG-CROSS-RUN-IN-002"", ""MG-CROSS-RUN-IN-003"", ""MG-CROSS-RUN-IN-005"", ""MG-CROSS-RUN-IN-006"", ""MG-CROSS-RUN-IN-007""], ""recommendedPoolIds"": [""MG-CROSS-RUN-IN-003"", ""MG-CROSS-RUN-IN-005""], ""rule"": ""Run-ins must have a lore-valid reason: border conflict, Gate pressure, pursuit, oath, contract, trial, defense, corruption response, or event escalation. Never generic faction mixing."", ""oneAvatarVsManyUse"": ""Run-ins add enemy role pressure around the lone Avatar without creating ally units or squad play.""}","{""sourceFactionId"": ""MG-FACTION-004"", ""sourceFactionName"": ""Kami"", ""sourceRealm"": ""The Sacred Kingdoms"", ""sourceCultureRule"": ""source culture humans later copied as Japanese myth and Shinto shrine lore"", ""preserve"": [""established faction identity"", ""Mythos Gates mythology"", ""Gates and Codex systems"", ""one player-controlled Avatar combat"", ""mobile UE5 zone structure""], ""forbid"": [""replacement factions"", ""generic corridor dungeon conversion"", ""PC-first combat assumptions"", ""generic monster filler"", ""lore rewrites""]}"
"MG-F04-E-C01-M02","Elite: Reflect the Purification Stream Threshold: Name at the Gate","MG-FACTION-004","","1","1","MG-MAP-010","{""loop"": [""Explore"", ""Encounter"", ""1 Deity vs. Multiple Enemies"", ""Victory"", ""Rewards"", ""Upgrade Deity"", ""Explore Further""], ""forbidden"": [""squad combat"", ""team formations"", ""multiple player-controlled Avatars"", ""ally positioning"", ""team turns""], ""readableRule"": ""Legacy schema label says Deity, current fiction label says Deity: exactly one playable god or goddess is controlled in standard battle."", ""playerControlledAvatars"": 1}","{""enabled"": true, ""homeFactionId"": ""MG-FACTION-004"", ""homeFactionName"": ""Kami"", ""eligiblePoolIds"": [""MG-CROSS-RUN-IN-001"", ""MG-CROSS-RUN-IN-002"", ""MG-CROSS-RUN-IN-003"", ""MG-CROSS-RUN-IN-005"", ""MG-CROSS-RUN-IN-006"", ""MG-CROSS-RUN-IN-007""], ""recommendedPoolIds"": [""MG-CROSS-RUN-IN-005"", ""MG-CROSS-RUN-IN-006""], ""rule"": ""Run-ins must have a lore-valid reason: border conflict, Gate pressure, pursuit, oath, contract, trial, defense, corruption response, or event escalation. Never generic faction mixing."", ""oneAvatarVsManyUse"": ""Run-ins add enemy role pressure around the lone Avatar without creating ally units or squad play.""}","{""sourceFactionId"": ""MG-FACTION-004"", ""sourceFactionName"": ""Kami"", ""sourceRealm"": ""The Sacred Kingdoms"", ""sourceCultureRule"": ""source culture humans later copied as Japanese myth and Shinto shrine lore"", ""preserve"": [""established faction identity"", ""Mythos Gates mythology"", ""Gates and Codex systems"", ""one player-controlled Avatar combat"", ""mobile UE5 zone structure""], ""forbid"": [""replacement factions"", ""generic corridor dungeon conversion"", ""PC-first combat assumptions"", ""generic monster filler"", ""lore rewrites""]}"
"MG-F04-E-C01-M03","Elite: Reroute the Foxfire Torii Road: Forward Claim","MG-FACTION-004","","1","1","MG-MAP-009","{""loop"": [""Explore"", ""Encounter"", ""1 Deity vs. Multiple Enemies"", ""Victory"", ""Rewards"", ""Upgrade Deity"", ""Explore Further""], ""forbidden"": [""squad combat"", ""team formations"", ""multiple player-controlled Avatars"", ""ally positioning"", ""team turns""], ""readableRule"": ""Legacy schema label says Deity, current fiction label says Deity: exactly one playable god or goddess is controlled in standard battle."", ""playerControlledAvatars"": 1}","{""enabled"": true, ""homeFactionId"": ""MG-FACTION-004"", ""homeFactionName"": ""Kami"", ""eligiblePoolIds"": [""MG-CROSS-RUN-IN-001"", ""MG-CROSS-RUN-IN-002"", ""MG-CROSS-RUN-IN-003"", ""MG-CROSS-RUN-IN-005"", ""MG-CROSS-RUN-IN-006"", ""MG-CROSS-RUN-IN-007""], ""recommendedPoolIds"": [""MG-CROSS-RUN-IN-006"", ""MG-CROSS-RUN-IN-007""], ""rule"": ""Run-ins must have a lore-valid reason: border conflict, Gate pressure, pursuit, oath, contract, trial, defense, corruption response, or event escalation. Never generic faction mixing."", ""oneAvatarVsManyUse"": ""Run-ins add enemy role pressure around the lone Avatar without creating ally units or squad play.""}","{""sourceFactionId"": ""MG-FACTION-004"", ""sourceFactionName"": ""Kami"", ""sourceRealm"": ""The Sacred Kingdoms"", ""sourceCultureRule"": ""source culture humans later copied as Japanese myth and Shinto shrine lore"", ""preserve"": [""established faction identity"", ""Mythos Gates mythology"", ""Gates and Codex systems"", ""one player-controlled Avatar combat"", ""mobile UE5 zone structure""], ""forbid"": [""replacement factions"", ""generic corridor dungeon conversion"", ""PC-first combat assumptions"", ""generic monster filler"", ""lore rewrites""]}"
"MG-F04-E-C01-M04","Elite: Unmask the Foxfire Torii Road: Outer Line","MG-FACTION-004","","1","1","MG-MAP-010","{""loop"": [""Explore"", ""Encounter"", ""1 Deity vs. Multiple Enemies"", ""Victory"", ""Rewards"", ""Upgrade Deity"", ""Explore Further""], ""forbidden"": [""squad combat"", ""team formations"", ""multiple player-controlled Avatars"", ""ally positioning"", ""team turns""], ""readableRule"": ""Legacy schema label says Deity, current fiction label says Deity: exactly one playable god or goddess is controlled in standard battle."", ""playerControlledAvatars"": 1}","{""enabled"": true, ""homeFactionId"": ""MG-FACTION-004"", ""homeFactionName"": ""Kami"", ""eligiblePoolIds"": [""MG-CROSS-RUN-IN-001"", ""MG-CROSS-RUN-IN-002"", ""MG-CROSS-RUN-IN-003"", ""MG-CROSS-RUN-IN-005"", ""MG-CROSS-RUN-IN-006"", ""MG-CROSS-RUN-IN-007""], ""recommendedPoolIds"": [""MG-CROSS-RUN-IN-007"", ""MG-CROSS-RUN-IN-001""], ""rule"": ""Run-ins must have a lore-valid reason: border conflict, Gate pressure, pursuit, oath, contract, trial, defense, corruption response, or event escalation. Never generic faction mixing."", ""oneAvatarVsManyUse"": ""Run-ins add enemy role pressure around the lone Avatar without creating ally units or squad play.""}","{""sourceFactionId"": ""MG-FACTION-004"", ""sourceFactionName"": ""Kami"", ""sourceRealm"": ""The Sacred Kingdoms"", ""sourceCultureRule"": ""source culture humans later copied as Japanese myth and Shinto shrine lore"", ""preserve"": [""established faction identity"", ""Mythos Gates mythology"", ""Gates and Codex systems"", ""one player-controlled Avatar combat"", ""mobile UE5 zone structure""], ""forbid"": [""replacement factions"", ""generic corridor dungeon conversion"", ""PC-first combat assumptions"", ""generic monster filler"", ""lore rewrites""]}"
"MG-F04-E-C02-M05","Elite: Purify the Foxfire Torii Road: Pressure Break","MG-FACTION-004","","1","1","MG-MAP-010","{""loop"": [""Explore"", ""Encounter"", ""1 Deity vs. Multiple Enemies"", ""Victory"", ""Rewards"", ""Upgrade Deity"", ""Explore Further""], ""forbidden"": [""squad combat"", ""team formations"", ""multiple player-controlled Avatars"", ""ally positioning"", ""team turns""], ""readableRule"": ""Legacy schema label says Deity, current fiction label says Deity: exactly one playable god or goddess is controlled in standard battle."", ""playerControlledAvatars"": 1}","{""enabled"": true, ""homeFactionId"": ""MG-FACTION-004"", ""homeFactionName"": ""Kami"", ""eligiblePoolIds"": [""MG-CROSS-RUN-IN-001"", ""MG-CROSS-RUN-IN-002"", ""MG-CROSS-RUN-IN-003"", ""MG-CROSS-RUN-IN-005"", ""MG-CROSS-RUN-IN-006"", ""MG-CROSS-RUN-IN-007""], ""recommendedPoolIds"": [""MG-CROSS-RUN-IN-002"", ""MG-CROSS-RUN-IN-003""], ""rule"": ""Run-ins must have a lore-valid reason: border conflict, Gate pressure, pursuit, oath, contract, trial, defense, corruption response, or event escalation. Never generic faction mixing."", ""oneAvatarVsManyUse"": ""Run-ins add enemy role pressure around the lone Avatar without creating ally units or squad play.""}","{""sourceFactionId"": ""MG-FACTION-004"", ""sourceFactionName"": ""Kami"", ""sourceRealm"": ""The Sacred Kingdoms"", ""sourceCultureRule"": ""source culture humans later copied as Japanese myth and Shinto shrine lore"", ""preserve"": [""established faction identity"", ""Mythos Gates mythology"", ""Gates and Codex systems"", ""one player-controlled Avatar combat"", ""mobile UE5 zone structure""], ""forbid"": [""replacement factions"", ""generic corridor dungeon conversion"", ""PC-first combat assumptions"", ""generic monster filler"", ""lore rewrites""]}"
"MG-F04-E-C02-M06","Elite: Reflect the Cedar Root Ambush Bend: Trial Mechanism","MG-FACTION-004","","1","1","MG-MAP-009","{""loop"": [""Explore"", ""Encounter"", ""1 Deity vs. Multiple Enemies"", ""Victory"", ""Rewards"", ""Upgrade Deity"", ""Explore Further""], ""forbidden"": [""squad combat"", ""team formations"", ""multiple player-controlled Avatars"", ""ally positioning"", ""team turns""], ""readableRule"": ""Legacy schema label says Deity, current fiction label says Deity: exactly one playable god or goddess is controlled in standard battle."", ""playerControlledAvatars"": 1}","{""enabled"": true, ""homeFactionId"": ""MG-FACTION-004"", ""homeFactionName"": ""Kami"", ""eligiblePoolIds"": [""MG-CROSS-RUN-IN-001"", ""MG-CROSS-RUN-IN-002"", ""MG-CROSS-RUN-IN-003"", ""MG-CROSS-RUN-IN-005"", ""MG-CROSS-RUN-IN-006"", ""MG-CROSS-RUN-IN-007""], ""recommendedPoolIds"": [""MG-CROSS-RUN-IN-003"", ""MG-CROSS-RUN-IN-005""], ""rule"": ""Run-ins must have a lore-valid reason: border conflict, Gate pressure, pursuit, oath, contract, trial, defense, corruption response, or event escalation. Never generic faction mixing."", ""oneAvatarVsManyUse"": ""Run-ins add enemy role pressure around the lone Avatar without creating ally units or squad play.""}","{""sourceFactionId"": ""MG-FACTION-004"", ""sourceFactionName"": ""Kami"", ""sourceRealm"": ""The Sacred Kingdoms"", ""sourceCultureRule"": ""source culture humans later copied as Japanese myth and Shinto shrine lore"", ""preserve"": [""established faction identity"", ""Mythos Gates mythology"", ""Gates and Codex systems"", ""one player-controlled Avatar combat"", ""mobile UE5 zone structure""], ""forbid"": [""replacement factions"", ""generic corridor dungeon conversion"", ""PC-first combat assumptions"", ""generic monster filler"", ""lore rewrites""]}"
"MG-F04-E-C02-M07","Elite: Reroute the Cedar Root Ambush Bend: Hazard Reading","MG-FACTION-004","","1","1","MG-MAP-010","{""loop"": [""Explore"", ""Encounter"", ""1 Deity vs. Multiple Enemies"", ""Victory"", ""Rewards"", ""Upgrade Deity"", ""Explore Further""], ""forbidden"": [""squad combat"", ""team formations"", ""multiple player-controlled Avatars"", ""ally positioning"", ""team turns""], ""readableRule"": ""Legacy schema label says Deity, current fiction label says Deity: exactly one playable god or goddess is controlled in standard battle."", ""playerControlledAvatars"": 1}","{""enabled"": true, ""homeFactionId"": ""MG-FACTION-004"", ""homeFactionName"": ""Kami"", ""eligiblePoolIds"": [""MG-CROSS-RUN-IN-001"", ""MG-CROSS-RUN-IN-002"", ""MG-CROSS-RUN-IN-003"", ""MG-CROSS-RUN-IN-005"", ""MG-CROSS-RUN-IN-006"", ""MG-CROSS-RUN-IN-007""], ""recommendedPoolIds"": [""MG-CROSS-RUN-IN-005"", ""MG-CROSS-RUN-IN-006""], ""rule"": ""Run-ins must have a lore-valid reason: border conflict, Gate pressure, pursuit, oath, contract, trial, defense, corruption response, or event escalation. Never generic faction mixing."", ""oneAvatarVsManyUse"": ""Run-ins add enemy role pressure around the lone Avatar without creating ally units or squad play.""}","{""sourceFactionId"": ""MG-FACTION-004"", ""sourceFactionName"": ""Kami"", ""sourceRealm"": ""The Sacred Kingdoms"", ""sourceCultureRule"": ""source culture humans later copied as Japanese myth and Shinto shrine lore"", ""preserve"": [""established faction identity"", ""Mythos Gates mythology"", ""Gates and Codex systems"", ""one player-controlled Avatar combat"", ""mobile UE5 zone structure""], ""forbid"": [""replacement factions"", ""generic corridor dungeon conversion"", ""PC-first combat assumptions"", ""generic monster filler"", ""lore rewrites""]}"
"MG-F04-E-C02-M08","Elite: Unmask the Cedar Root Ambush Bend: Lughching Law","MG-FACTION-004","","1","1","MG-MAP-009","{""loop"": [""Explore"", ""Encounter"", ""1 Deity vs. Multiple Enemies"", ""Victory"", ""Rewards"", ""Upgrade Deity"", ""Explore Further""], ""forbidden"": [""squad combat"", ""team formations"", ""multiple player-controlled Avatars"", ""ally positioning"", ""team turns""], ""readableRule"": ""Legacy schema label says Deity, current fiction label says Deity: exactly one playable god or goddess is controlled in standard battle."", ""playerControlledAvatars"": 1}","{""enabled"": true, ""homeFactionId"": ""MG-FACTION-004"", ""homeFactionName"": ""Kami"", ""eligiblePoolIds"": [""MG-CROSS-RUN-IN-001"", ""MG-CROSS-RUN-IN-002"", ""MG-CROSS-RUN-IN-003"", ""MG-CROSS-RUN-IN-005"", ""MG-CROSS-RUN-IN-006"", ""MG-CROSS-RUN-IN-007""], ""recommendedPoolIds"": [""MG-CROSS-RUN-IN-006"", ""MG-CROSS-RUN-IN-007""], ""rule"": ""Run-ins must have a lore-valid reason: border conflict, Gate pressure, pursuit, oath, contract, trial, defense, corruption response, or event escalation. Never generic faction mixing."", ""oneAvatarVsManyUse"": ""Run-ins add enemy role pressure around the lone Avatar without creating ally units or squad play.""}","{""sourceFactionId"": ""MG-FACTION-004"", ""sourceFactionName"": ""Kami"", ""sourceRealm"": ""The Sacred Kingdoms"", ""sourceCultureRule"": ""source culture humans later copied as Japanese myth and Shinto shrine lore"", ""preserve"": [""established faction identity"", ""Mythos Gates mythology"", ""Gates and Codex systems"", ""one player-controlled Avatar combat"", ""mobile UE5 zone structure""], ""forbid"": [""replacement factions"", ""generic corridor dungeon conversion"", ""PC-first combat assumptions"", ""generic monster filler"", ""lore rewrites""]}"
"MG-F04-E-C03-M09","Elite: Purify the Mirror Lake Sanctum: Key Verdict","MG-FACTION-004","","1","1","MG-MAP-009","{""loop"": [""Explore"", ""Encounter"", ""1 Deity vs. Multiple Enemies"", ""Victory"", ""Rewards"", ""Upgrade Deity"", ""Explore Further""], ""forbidden"": [""squad combat"", ""team formations"", ""multiple player-controlled Avatars"", ""ally positioning"", ""team turns""], ""readableRule"": ""Legacy schema label says Deity, current fiction label says Deity: exactly one playable god or goddess is controlled in standard battle."", ""playerControlledAvatars"": 1}","{""enabled"": true, ""homeFactionId"": ""MG-FACTION-004"", ""homeFactionName"": ""Kami"", ""eligiblePoolIds"": [""MG-CROSS-RUN-IN-001"", ""MG-CROSS-RUN-IN-002"", ""MG-CROSS-RUN-IN-003"", ""MG-CROSS-RUN-IN-005"", ""MG-CROSS-RUN-IN-006"", ""MG-CROSS-RUN-IN-007""], ""recommendedPoolIds"": [""MG-CROSS-RUN-IN-001"", ""MG-CROSS-RUN-IN-002""], ""rule"": ""Run-ins must have a lore-valid reason: border conflict, Gate pressure, pursuit, oath, contract, trial, defense, corruption response, or event escalation. Never generic faction mixing."", ""oneAvatarVsManyUse"": ""Run-ins add enemy role pressure around the lone Avatar without creating ally units or squad play.""}","{""sourceFactionId"": ""MG-FACTION-004"", ""sourceFactionName"": ""Kami"", ""sourceRealm"": ""The Sacred Kingdoms"", ""sourceCultureRule"": ""source culture humans later copied as Japanese myth and Shinto shrine lore"", ""preserve"": [""established faction identity"", ""Mythos Gates mythology"", ""Gates and Codex systems"", ""one player-controlled Avatar combat"", ""mobile UE5 zone structure""], ""forbid"": [""replacement factions"", ""generic corridor dungeon conversion"", ""PC-first combat assumptions"", ""generic monster filler"", ""lore rewrites""]}"
"MG-F04-E-C03-M10","Elite: Reflect the Mirror Lake Sanctum: Elite Lock","MG-FACTION-004","","1","1","MG-MAP-010","{""loop"": [""Explore"", ""Encounter"", ""1 Deity vs. Multiple Enemies"", ""Victory"", ""Rewards"", ""Upgrade Deity"", ""Explore Further""], ""forbidden"": [""squad combat"", ""team formations"", ""multiple player-controlled Avatars"", ""ally positioning"", ""team turns""], ""readableRule"": ""Legacy schema label says Deity, current fiction label says Deity: exactly one playable god or goddess is controlled in standard battle."", ""playerControlledAvatars"": 1}","{""enabled"": true, ""homeFactionId"": ""MG-FACTION-004"", ""homeFactionName"": ""Kami"", ""eligiblePoolIds"": [""MG-CROSS-RUN-IN-001"", ""MG-CROSS-RUN-IN-002"", ""MG-CROSS-RUN-IN-003"", ""MG-CROSS-RUN-IN-005"", ""MG-CROSS-RUN-IN-006"", ""MG-CROSS-RUN-IN-007""], ""recommendedPoolIds"": [""MG-CROSS-RUN-IN-002"", ""MG-CROSS-RUN-IN-003""], ""rule"": ""Run-ins must have a lore-valid reason: border conflict, Gate pressure, pursuit, oath, contract, trial, defense, corruption response, or event escalation. Never generic faction mixing."", ""oneAvatarVsManyUse"": ""Run-ins add enemy role pressure around the lone Avatar without creating ally units or squad play.""}","{""sourceFactionId"": ""MG-FACTION-004"", ""sourceFactionName"": ""Kami"", ""sourceRealm"": ""The Sacred Kingdoms"", ""sourceCultureRule"": ""source culture humans later copied as Japanese myth and Shinto shrine lore"", ""preserve"": [""established faction identity"", ""Mythos Gates mythology"", ""Gates and Codex systems"", ""one player-controlled Avatar combat"", ""mobile UE5 zone structure""], ""forbid"": [""replacement factions"", ""generic corridor dungeon conversion"", ""PC-first combat assumptions"", ""generic monster filler"", ""lore rewrites""]}"
"MG-F04-E-C03-M11","Elite: Reroute the Mirror Lake Sanctum: Warden Duel","MG-FACTION-004","","1","1","MG-MAP-009","{""loop"": [""Explore"", ""Encounter"", ""1 Deity vs. Multiple Enemies"", ""Victory"", ""Rewards"", ""Upgrade Deity"", ""Explore Further""], ""forbidden"": [""squad combat"", ""team formations"", ""multiple player-controlled Avatars"", ""ally positioning"", ""team turns""], ""readableRule"": ""Legacy schema label says Deity, current fiction label says Deity: exactly one playable god or goddess is controlled in standard battle."", ""playerControlledAvatars"": 1}","{""enabled"": true, ""homeFactionId"": ""MG-FACTION-004"", ""homeFactionName"": ""Kami"", ""eligiblePoolIds"": [""MG-CROSS-RUN-IN-001"", ""MG-CROSS-RUN-IN-002"", ""MG-CROSS-RUN-IN-003"", ""MG-CROSS-RUN-IN-005"", ""MG-CROSS-RUN-IN-006"", ""MG-CROSS-RUN-IN-007""], ""recommendedPoolIds"": [""MG-CROSS-RUN-IN-003"", ""MG-CROSS-RUN-IN-005""], ""rule"": ""Run-ins must have a lore-valid reason: border conflict, Gate pressure, pursuit, oath, contract, trial, defense, corruption response, or event escalation. Never generic faction mixing."", ""oneAvatarVsManyUse"": ""Run-ins add enemy role pressure around the lone Avatar without creating ally units or squad play.""}","{""sourceFactionId"": ""MG-FACTION-004"", ""sourceFactionName"": ""Kami"", ""sourceRealm"": ""The Sacred Kingdoms"", ""sourceCultureRule"": ""source culture humans later copied as Japanese myth and Shinto shrine lore"", ""preserve"": [""established faction identity"", ""Mythos Gates mythology"", ""Gates and Codex systems"", ""one player-controlled Avatar combat"", ""mobile UE5 zone structure""], ""forbid"": [""replacement factions"", ""generic corridor dungeon conversion"", ""PC-first combat assumptions"", ""generic monster filler"", ""lore rewrites""]}"
"MG-F04-E-C03-M12","Elite: Unmask the Inari Rice Court Storehouse: Lore Price","MG-FACTION-004","","1","1","MG-MAP-010","{""loop"": [""Explore"", ""Encounter"", ""1 Deity vs. Multiple Enemies"", ""Victory"", ""Rewards"", ""Upgrade Deity"", ""Explore Further""], ""forbidden"": [""squad combat"", ""team formations"", ""multiple player-controlled Avatars"", ""ally positioning"", ""team turns""], ""readableRule"": ""Legacy schema label says Deity, current fiction label says Deity: exactly one playable god or goddess is controlled in standard battle."", ""playerControlledAvatars"": 1}","{""enabled"": true, ""homeFactionId"": ""MG-FACTION-004"", ""homeFactionName"": ""Kami"", ""eligiblePoolIds"": [""MG-CROSS-RUN-IN-001"", ""MG-CROSS-RUN-IN-002"", ""MG-CROSS-RUN-IN-003"", ""MG-CROSS-RUN-IN-005"", ""MG-CROSS-RUN-IN-006"", ""MG-CROSS-RUN-IN-007""], ""recommendedPoolIds"": [""MG-CROSS-RUN-IN-005"", ""MG-CROSS-RUN-IN-006""], ""rule"": ""Run-ins must have a lore-valid reason: border conflict, Gate pressure, pursuit, oath, contract, trial, defense, corruption response, or event escalation. Never generic faction mixing."", ""oneAvatarVsManyUse"": ""Run-ins add enemy role pressure around the lone Avatar without creating ally units or squad play.""}","{""sourceFactionId"": ""MG-FACTION-004"", ""sourceFactionName"": ""Kami"", ""sourceRealm"": ""The Sacred Kingdoms"", ""sourceCultureRule"": ""source culture humans later copied as Japanese myth and Shinto shrine lore"", ""preserve"": [""established faction identity"", ""Mythos Gates mythology"", ""Gates and Codex systems"", ""one player-controlled Avatar combat"", ""mobile UE5 zone structure""], ""forbid"": [""replacement factions"", ""generic corridor dungeon conversion"", ""PC-first combat assumptions"", ""generic monster filler"", ""lore rewrites""]}"
"MG-F04-E-C04-M13","Elite: Purify the Inari Rice Court Storehouse: Relic Detour","MG-FACTION-004","","1","1","MG-MAP-010","{""loop"": [""Explore"", ""Encounter"", ""1 Deity vs. Multiple Enemies"", ""Victory"", ""Rewards"", ""Upgrade Deity"", ""Explore Further""], ""forbidden"": [""squad combat"", ""team formations"", ""multiple player-controlled Avatars"", ""ally positioning"", ""team turns""], ""readableRule"": ""Legacy schema label says Deity, current fiction label says Deity: exactly one playable god or goddess is controlled in standard battle."", ""playerControlledAvatars"": 1}","{""enabled"": true, ""homeFactionId"": ""MG-FACTION-004"", ""homeFactionName"": ""Kami"", ""eligiblePoolIds"": [""MG-CROSS-RUN-IN-001"", ""MG-CROSS-RUN-IN-002"", ""MG-CROSS-RUN-IN-003"", ""MG-CROSS-RUN-IN-005"", ""MG-CROSS-RUN-IN-006"", ""MG-CROSS-RUN-IN-007""], ""recommendedPoolIds"": [""MG-CROSS-RUN-IN-007"", ""MG-CROSS-RUN-IN-001""], ""rule"": ""Run-ins must have a lore-valid reason: border conflict, Gate pressure, pursuit, oath, contract, trial, defense, corruption response, or event escalation. Never generic faction mixing."", ""oneAvatarVsManyUse"": ""Run-ins add enemy role pressure around the lone Avatar without creating ally units or squad play.""}","{""sourceFactionId"": ""MG-FACTION-004"", ""sourceFactionName"": ""Kami"", ""sourceRealm"": ""The Sacred Kingdoms"", ""sourceCultureRule"": ""source culture humans later copied as Japanese myth and Shinto shrine lore"", ""preserve"": [""established faction identity"", ""Mythos Gates mythology"", ""Gates and Codex systems"", ""one player-controlled Avatar combat"", ""mobile UE5 zone structure""], ""forbid"": [""replacement factions"", ""generic corridor dungeon conversion"", ""PC-first combat assumptions"", ""generic monster filler"", ""lore rewrites""]}"
"MG-F04-E-C04-M14","Elite: Reflect the Inari Rice Court Storehouse: Hidden Cache","MG-FACTION-004","","1","1","MG-MAP-009","{""loop"": [""Explore"", ""Encounter"", ""1 Deity vs. Multiple Enemies"", ""Victory"", ""Rewards"", ""Upgrade Deity"", ""Explore Further""], ""forbidden"": [""squad combat"", ""team formations"", ""multiple player-controlled Avatars"", ""ally positioning"", ""team turns""], ""readableRule"": ""Legacy schema label says Deity, current fiction label says Deity: exactly one playable god or goddess is controlled in standard battle."", ""playerControlledAvatars"": 1}","{""enabled"": true, ""homeFactionId"": ""MG-FACTION-004"", ""homeFactionName"": ""Kami"", ""eligiblePoolIds"": [""MG-CROSS-RUN-IN-001"", ""MG-CROSS-RUN-IN-002"", ""MG-CROSS-RUN-IN-003"", ""MG-CROSS-RUN-IN-005"", ""MG-CROSS-RUN-IN-006"", ""MG-CROSS-RUN-IN-007""], ""recommendedPoolIds"": [""MG-CROSS-RUN-IN-001"", ""MG-CROSS-RUN-IN-002""], ""rule"": ""Run-ins must have a lore-valid reason: border conflict, Gate pressure, pursuit, oath, contract, trial, defense, corruption response, or event escalation. Never generic faction mixing."", ""oneAvatarVsManyUse"": ""Run-ins add enemy role pressure around the lone Avatar without creating ally units or squad play.""}","{""sourceFactionId"": ""MG-FACTION-004"", ""sourceFactionName"": ""Kami"", ""sourceRealm"": ""The Sacred Kingdoms"", ""sourceCultureRule"": ""source culture humans later copied as Japanese myth and Shinto shrine lore"", ""preserve"": [""established faction identity"", ""Mythos Gates mythology"", ""Gates and Codex systems"", ""one player-controlled Avatar combat"", ""mobile UE5 zone structure""], ""forbid"": [""replacement factions"", ""generic corridor dungeon conversion"", ""PC-first combat assumptions"", ""generic monster filler"", ""lore rewrites""]}"
"MG-F04-E-C04-M15","Elite: Reroute the Tengu Storm-Cedar Peak: Boss Threshold","MG-FACTION-004","","1","1","MG-MAP-010","{""loop"": [""Explore"", ""Encounter"", ""1 Deity vs. Multiple Enemies"", ""Victory"", ""Rewards"", ""Upgrade Deity"", ""Explore Further""], ""forbidden"": [""squad combat"", ""team formations"", ""multiple player-controlled Avatars"", ""ally positioning"", ""team turns""], ""readableRule"": ""Legacy schema label says Deity, current fiction label says Deity: exactly one playable god or goddess is controlled in standard battle."", ""playerControlledAvatars"": 1}","{""enabled"": true, ""homeFactionId"": ""MG-FACTION-004"", ""homeFactionName"": ""Kami"", ""eligiblePoolIds"": [""MG-CROSS-RUN-IN-001"", ""MG-CROSS-RUN-IN-002"", ""MG-CROSS-RUN-IN-003"", ""MG-CROSS-RUN-IN-005"", ""MG-CROSS-RUN-IN-006"", ""MG-CROSS-RUN-IN-007""], ""recommendedPoolIds"": [""MG-CROSS-RUN-IN-002"", ""MG-CROSS-RUN-IN-003""], ""rule"": ""Run-ins must have a lore-valid reason: border conflict, Gate pressure, pursuit, oath, contract, trial, defense, corruption response, or event escalation. Never generic faction mixing."", ""oneAvatarVsManyUse"": ""Run-ins add enemy role pressure around the lone Avatar without creating ally units or squad play.""}","{""sourceFactionId"": ""MG-FACTION-004"", ""sourceFactionName"": ""Kami"", ""sourceRealm"": ""The Sacred Kingdoms"", ""sourceCultureRule"": ""source culture humans later copied as Japanese myth and Shinto shrine lore"", ""preserve"": [""established faction identity"", ""Mythos Gates mythology"", ""Gates and Codex systems"", ""one player-controlled Avatar combat"", ""mobile UE5 zone structure""], ""forbid"": [""replacement factions"", ""generic corridor dungeon conversion"", ""PC-first combat assumptions"", ""generic monster filler"", ""lore rewrites""]}"
"MG-F04-E-C04-M16","Elite: Unmask the Tengu Storm-Cedar Peak: Final Approach","MG-FACTION-004","","1","1","MG-MAP-009","{""loop"": [""Explore"", ""Encounter"", ""1 Deity vs. Multiple Enemies"", ""Victory"", ""Rewards"", ""Upgrade Deity"", ""Explore Further""], ""forbidden"": [""squad combat"", ""team formations"", ""multiple player-controlled Avatars"", ""ally positioning"", ""team turns""], ""readableRule"": ""Legacy schema label says Deity, current fiction label says Deity: exactly one playable god or goddess is controlled in standard battle."", ""playerControlledAvatars"": 1}","{""enabled"": true, ""homeFactionId"": ""MG-FACTION-004"", ""homeFactionName"": ""Kami"", ""eligiblePoolIds"": [""MG-CROSS-RUN-IN-001"", ""MG-CROSS-RUN-IN-002"", ""MG-CROSS-RUN-IN-003"", ""MG-CROSS-RUN-IN-005"", ""MG-CROSS-RUN-IN-006"", ""MG-CROSS-RUN-IN-007""], ""recommendedPoolIds"": [""MG-CROSS-RUN-IN-003"", ""MG-CROSS-RUN-IN-005""], ""rule"": ""Run-ins must have a lore-valid reason: border conflict, Gate pressure, pursuit, oath, contract, trial, defense, corruption response, or event escalation. Never generic faction mixing."", ""oneAvatarVsManyUse"": ""Run-ins add enemy role pressure around the lone Avatar without creating ally units or squad play.""}","{""sourceFactionId"": ""MG-FACTION-004"", ""sourceFactionName"": ""Kami"", ""sourceRealm"": ""The Sacred Kingdoms"", ""sourceCultureRule"": ""source culture humans later copied as Japanese myth and Shinto shrine lore"", ""preserve"": [""established faction identity"", ""Mythos Gates mythology"", ""Gates and Codex systems"", ""one player-controlled Avatar combat"", ""mobile UE5 zone structure""], ""forbid"": [""replacement factions"", ""generic corridor dungeon conversion"", ""PC-first combat assumptions"", ""generic monster filler"", ""lore rewrites""]}"
"MG-F04-E-C05-M17","Elite: Purify the Tengu Storm-Cedar Peak: Antechamber Seal","MG-FACTION-004","","1","1","MG-MAP-009","{""loop"": [""Explore"", ""Encounter"", ""1 Deity vs. Multiple Enemies"", ""Victory"", ""Rewards"", ""Upgrade Deity"", ""Explore Further""], ""forbidden"": [""squad combat"", ""team formations"", ""multiple player-controlled Avatars"", ""ally positioning"", ""team turns""], ""readableRule"": ""Legacy schema label says Deity, current fiction label says Deity: exactly one playable god or goddess is controlled in standard battle."", ""playerControlledAvatars"": 1}","{""enabled"": true, ""homeFactionId"": ""MG-FACTION-004"", ""homeFactionName"": ""Kami"", ""eligiblePoolIds"": [""MG-CROSS-RUN-IN-001"", ""MG-CROSS-RUN-IN-002"", ""MG-CROSS-RUN-IN-003"", ""MG-CROSS-RUN-IN-005"", ""MG-CROSS-RUN-IN-006"", ""MG-CROSS-RUN-IN-007""], ""recommendedPoolIds"": [""MG-CROSS-RUN-IN-006"", ""MG-CROSS-RUN-IN-007""], ""rule"": ""Run-ins must have a lore-valid reason: border conflict, Gate pressure, pursuit, oath, contract, trial, defense, corruption response, or event escalation. Never generic faction mixing."", ""oneAvatarVsManyUse"": ""Run-ins add enemy role pressure around the lone Avatar without creating ally units or squad play.""}","{""sourceFactionId"": ""MG-FACTION-004"", ""sourceFactionName"": ""Kami"", ""sourceRealm"": ""The Sacred Kingdoms"", ""sourceCultureRule"": ""source culture humans later copied as Japanese myth and Shinto shrine lore"", ""preserve"": [""established faction identity"", ""Mythos Gates mythology"", ""Gates and Codex systems"", ""one player-controlled Avatar combat"", ""mobile UE5 zone structure""], ""forbid"": [""replacement factions"", ""generic corridor dungeon conversion"", ""PC-first combat assumptions"", ""generic monster filler"", ""lore rewrites""]}"
"MG-F04-E-C05-M18","Elite: Reflect the Moon-Mirror Boss Shrine: Ascension Seal","MG-FACTION-004","","1","1","MG-MAP-010","{""loop"": [""Explore"", ""Encounter"", ""1 Deity vs. Multiple Enemies"", ""Victory"", ""Rewards"", ""Upgrade Deity"", ""Explore Further""], ""forbidden"": [""squad combat"", ""team formations"", ""multiple player-controlled Avatars"", ""ally positioning"", ""team turns""], ""readableRule"": ""Legacy schema label says Deity, current fiction label says Deity: exactly one playable god or goddess is controlled in standard battle."", ""playerControlledAvatars"": 1}","{""enabled"": true, ""homeFactionId"": ""MG-FACTION-004"", ""homeFactionName"": ""Kami"", ""eligiblePoolIds"": [""MG-CROSS-RUN-IN-001"", ""MG-CROSS-RUN-IN-002"", ""MG-CROSS-RUN-IN-003"", ""MG-CROSS-RUN-IN-005"", ""MG-CROSS-RUN-IN-006"", ""MG-CROSS-RUN-IN-007""], ""recommendedPoolIds"": [""MG-CROSS-RUN-IN-007"", ""MG-CROSS-RUN-IN-001""], ""rule"": ""Run-ins must have a lore-valid reason: border conflict, Gate pressure, pursuit, oath, contract, trial, defense, corruption response, or event escalation. Never generic faction mixing."", ""oneAvatarVsManyUse"": ""Run-ins add enemy role pressure around the lone Avatar without creating ally units or squad play.""}","{""sourceFactionId"": ""MG-FACTION-004"", ""sourceFactionName"": ""Kami"", ""sourceRealm"": ""The Sacred Kingdoms"", ""sourceCultureRule"": ""source culture humans later copied as Japanese myth and Shinto shrine lore"", ""preserve"": [""established faction identity"", ""Mythos Gates mythology"", ""Gates and Codex systems"", ""one player-controlled Avatar combat"", ""mobile UE5 zone structure""], ""forbid"": [""replacement factions"", ""generic corridor dungeon conversion"", ""PC-first combat assumptions"", ""generic monster filler"", ""lore rewrites""]}"
"MG-F04-E-C05-M19","Elite: Reroute the Moon-Mirror Boss Shrine: Boss Chamber","MG-FACTION-004","","1","1","MG-MAP-009","{""loop"": [""Explore"", ""Encounter"", ""1 Deity vs. Multiple Enemies"", ""Victory"", ""Rewards"", ""Upgrade Deity"", ""Explore Further""], ""forbidden"": [""squad combat"", ""team formations"", ""multiple player-controlled Avatars"", ""ally positioning"", ""team turns""], ""readableRule"": ""Legacy schema label says Deity, current fiction label says Deity: exactly one playable god or goddess is controlled in standard battle."", ""playerControlledAvatars"": 1}","{""enabled"": true, ""homeFactionId"": ""MG-FACTION-004"", ""homeFactionName"": ""Kami"", ""eligiblePoolIds"": [""MG-CROSS-RUN-IN-001"", ""MG-CROSS-RUN-IN-002"", ""MG-CROSS-RUN-IN-003"", ""MG-CROSS-RUN-IN-005"", ""MG-CROSS-RUN-IN-006"", ""MG-CROSS-RUN-IN-007""], ""recommendedPoolIds"": [""MG-CROSS-RUN-IN-001"", ""MG-CROSS-RUN-IN-002""], ""rule"": ""Run-ins must have a lore-valid reason: border conflict, Gate pressure, pursuit, oath, contract, trial, defense, corruption response, or event escalation. Never generic faction mixing."", ""oneAvatarVsManyUse"": ""Run-ins add enemy role pressure around the lone Avatar without creating ally units or squad play.""}","{""sourceFactionId"": ""MG-FACTION-004"", ""sourceFactionName"": ""Kami"", ""sourceRealm"": ""The Sacred Kingdoms"", ""sourceCultureRule"": ""source culture humans later copied as Japanese myth and Shinto shrine lore"", ""preserve"": [""established faction identity"", ""Mythos Gates mythology"", ""Gates and Codex systems"", ""one player-controlled Avatar combat"", ""mobile UE5 zone structure""], ""forbid"": [""replacement factions"", ""generic corridor dungeon conversion"", ""PC-first combat assumptions"", ""generic monster filler"", ""lore rewrites""]}"
"MG-F04-E-C05-M20","Elite: Unmask the Moon-Mirror Boss Shrine: Gate Verdict","MG-FACTION-004","","1","1","MG-MAP-010","{""loop"": [""Explore"", ""Encounter"", ""1 Deity vs. Multiple Enemies"", ""Victory"", ""Rewards"", ""Upgrade Deity"", ""Explore Further""], ""forbidden"": [""squad combat"", ""team formations"", ""multiple player-controlled Avatars"", ""ally positioning"", ""team turns""], ""readableRule"": ""Legacy schema label says Deity, current fiction label says Deity: exactly one playable god or goddess is controlled in standard battle."", ""playerControlledAvatars"": 1}","{""enabled"": true, ""homeFactionId"": ""MG-FACTION-004"", ""homeFactionName"": ""Kami"", ""eligiblePoolIds"": [""MG-CROSS-RUN-IN-001"", ""MG-CROSS-RUN-IN-002"", ""MG-CROSS-RUN-IN-003"", ""MG-CROSS-RUN-IN-005"", ""MG-CROSS-RUN-IN-006"", ""MG-CROSS-RUN-IN-007""], ""recommendedPoolIds"": [""MG-CROSS-RUN-IN-002"", ""MG-CROSS-RUN-IN-003""], ""rule"": ""Run-ins must have a lore-valid reason: border conflict, Gate pressure, pursuit, oath, contract, trial, defense, corruption response, or event escalation. Never generic faction mixing."", ""oneAvatarVsManyUse"": ""Run-ins add enemy role pressure around the lone Avatar without creating ally units or squad play.""}","{""sourceFactionId"": ""MG-FACTION-004"", ""sourceFactionName"": ""Kami"", ""sourceRealm"": ""The Sacred Kingdoms"", ""sourceCultureRule"": ""source culture humans later copied as Japanese myth and Shinto shrine lore"", ""preserve"": [""established faction identity"", ""Mythos Gates mythology"", ""Gates and Codex systems"", ""one player-controlled Avatar combat"", ""mobile UE5 zone structure""], ""forbid"": [""replacement factions"", ""generic corridor dungeon conversion"", ""PC-first combat assumptions"", ""generic monster filler"", ""lore rewrites""]}"
"MG-F05-C01-M01","Promise the Silver-Root Court: First Crossing","MG-FACTION-005","","1","1","MG-MAP-005","{""loop"": [""Explore"", ""Encounter"", ""1 Deity vs. Multiple Enemies"", ""Victory"", ""Rewards"", ""Upgrade Deity"", ""Explore Further""], ""forbidden"": [""squad combat"", ""team formations"", ""multiple player-controlled Avatars"", ""ally positioning"", ""team turns""], ""readableRule"": ""Legacy schema label says Deity, current fiction label says Deity: exactly one playable god or goddess is controlled in standard battle."", ""playerControlledAvatars"": 1}","{""enabled"": true, ""homeFactionId"": ""MG-FACTION-005"", ""homeFactionName"": ""Tuatha"", ""eligiblePoolIds"": [""MG-CROSS-RUN-IN-001"", ""MG-CROSS-RUN-IN-002"", ""MG-CROSS-RUN-IN-003"", ""MG-CROSS-RUN-IN-004"", ""MG-CROSS-RUN-IN-006"", ""MG-CROSS-RUN-IN-007""], ""recommendedPoolIds"": [""MG-CROSS-RUN-IN-003"", ""MG-CROSS-RUN-IN-004""], ""rule"": ""Run-ins must have a lore-valid reason: border conflict, Gate pressure, pursuit, oath, contract, trial, defense, corruption response, or event escalation. Never generic faction mixing."", ""oneAvatarVsManyUse"": ""Run-ins add enemy role pressure around the lone Avatar without creating ally units or squad play.""}","{""sourceFactionId"": ""MG-FACTION-005"", ""sourceFactionName"": ""Tuatha"", ""sourceRealm"": ""Avalora"", ""sourceCultureRule"": ""source culture humans later copied as Celtic and Irish fae myth"", ""preserve"": [""established faction identity"", ""Mythos Gates mythology"", ""Gates and Codex systems"", ""one player-controlled Avatar combat"", ""mobile UE5 zone structure""], ""forbid"": [""replacement factions"", ""generic corridor dungeon conversion"", ""PC-first combat assumptions"", ""generic monster filler"", ""lore rewrites""]}"
"MG-F05-C01-M02","Remember the Silver-Root Court: Name at the Gate","MG-FACTION-005","","1","1","MG-MAP-005","{""loop"": [""Explore"", ""Encounter"", ""1 Deity vs. Multiple Enemies"", ""Victory"", ""Rewards"", ""Upgrade Deity"", ""Explore Further""], ""forbidden"": [""squad combat"", ""team formations"", ""multiple player-controlled Avatars"", ""ally positioning"", ""team turns""], ""readableRule"": ""Legacy schema label says Deity, current fiction label says Deity: exactly one playable god or goddess is controlled in standard battle."", ""playerControlledAvatars"": 1}","{""enabled"": true, ""homeFactionId"": ""MG-FACTION-005"", ""homeFactionName"": ""Tuatha"", ""eligiblePoolIds"": [""MG-CROSS-RUN-IN-001"", ""MG-CROSS-RUN-IN-002"", ""MG-CROSS-RUN-IN-003"", ""MG-CROSS-RUN-IN-004"", ""MG-CROSS-RUN-IN-006"", ""MG-CROSS-RUN-IN-007""], ""recommendedPoolIds"": [""MG-CROSS-RUN-IN-004"", ""MG-CROSS-RUN-IN-006""], ""rule"": ""Run-ins must have a lore-valid reason: border conflict, Gate pressure, pursuit, oath, contract, trial, defense, corruption response, or event escalation. Never generic faction mixing."", ""oneAvatarVsManyUse"": ""Run-ins add enemy role pressure around the lone Avatar without creating ally units or squad play.""}","{""sourceFactionId"": ""MG-FACTION-005"", ""sourceFactionName"": ""Tuatha"", ""sourceRealm"": ""Avalora"", ""sourceCultureRule"": ""source culture humans later copied as Celtic and Irish fae myth"", ""preserve"": [""established faction identity"", ""Mythos Gates mythology"", ""Gates and Codex systems"", ""one player-controlled Avatar combat"", ""mobile UE5 zone structure""], ""forbid"": [""replacement factions"", ""generic corridor dungeon conversion"", ""PC-first combat assumptions"", ""generic monster filler"", ""lore rewrites""]}"
"MG-F05-C01-M03","Bleed the Sídhe Mound Descent: Forward Claim","MG-FACTION-005","","1","1","MG-MAP-005","{""loop"": [""Explore"", ""Encounter"", ""1 Deity vs. Multiple Enemies"", ""Victory"", ""Rewards"", ""Upgrade Deity"", ""Explore Further""], ""forbidden"": [""squad combat"", ""team formations"", ""multiple player-controlled Avatars"", ""ally positioning"", ""team turns""], ""readableRule"": ""Legacy schema label says Deity, current fiction label says Deity: exactly one playable god or goddess is controlled in standard battle."", ""playerControlledAvatars"": 1}","{""enabled"": true, ""homeFactionId"": ""MG-FACTION-005"", ""homeFactionName"": ""Tuatha"", ""eligiblePoolIds"": [""MG-CROSS-RUN-IN-001"", ""MG-CROSS-RUN-IN-002"", ""MG-CROSS-RUN-IN-003"", ""MG-CROSS-RUN-IN-004"", ""MG-CROSS-RUN-IN-006"", ""MG-CROSS-RUN-IN-007""], ""recommendedPoolIds"": [""MG-CROSS-RUN-IN-006"", ""MG-CROSS-RUN-IN-007""], ""rule"": ""Run-ins must have a lore-valid reason: border conflict, Gate pressure, pursuit, oath, contract, trial, defense, corruption response, or event escalation. Never generic faction mixing."", ""oneAvatarVsManyUse"": ""Run-ins add enemy role pressure around the lone Avatar without creating ally units or squad play.""}","{""sourceFactionId"": ""MG-FACTION-005"", ""sourceFactionName"": ""Tuatha"", ""sourceRealm"": ""Avalora"", ""sourceCultureRule"": ""source culture humans later copied as Celtic and Irish fae myth"", ""preserve"": [""established faction identity"", ""Mythos Gates mythology"", ""Gates and Codex systems"", ""one player-controlled Avatar combat"", ""mobile UE5 zone structure""], ""forbid"": [""replacement factions"", ""generic corridor dungeon conversion"", ""PC-first combat assumptions"", ""generic monster filler"", ""lore rewrites""]}"
"MG-F05-C01-M04","Claim the Sídhe Mound Descent: Outer Line","MG-FACTION-005","","1","1","MG-MAP-005","{""loop"": [""Explore"", ""Encounter"", ""1 Deity vs. Multiple Enemies"", ""Victory"", ""Rewards"", ""Upgrade Deity"", ""Explore Further""], ""forbidden"": [""squad combat"", ""team formations"", ""multiple player-controlled Avatars"", ""ally positioning"", ""team turns""], ""readableRule"": ""Legacy schema label says Deity, current fiction label says Deity: exactly one playable god or goddess is controlled in standard battle."", ""playerControlledAvatars"": 1}","{""enabled"": true, ""homeFactionId"": ""MG-FACTION-005"", ""homeFactionName"": ""Tuatha"", ""eligiblePoolIds"": [""MG-CROSS-RUN-IN-001"", ""MG-CROSS-RUN-IN-002"", ""MG-CROSS-RUN-IN-003"", ""MG-CROSS-RUN-IN-004"", ""MG-CROSS-RUN-IN-006"", ""MG-CROSS-RUN-IN-007""], ""recommendedPoolIds"": [""MG-CROSS-RUN-IN-007"", ""MG-CROSS-RUN-IN-001""], ""rule"": ""Run-ins must have a lore-valid reason: border conflict, Gate pressure, pursuit, oath, contract, trial, defense, corruption response, or event escalation. Never generic faction mixing."", ""oneAvatarVsManyUse"": ""Run-ins add enemy role pressure around the lone Avatar without creating ally units or squad play.""}","{""sourceFactionId"": ""MG-FACTION-005"", ""sourceFactionName"": ""Tuatha"", ""sourceRealm"": ""Avalora"", ""sourceCultureRule"": ""source culture humans later copied as Celtic and Irish fae myth"", ""preserve"": [""established faction identity"", ""Mythos Gates mythology"", ""Gates and Codex systems"", ""one player-controlled Avatar combat"", ""mobile UE5 zone structure""], ""forbid"": [""replacement factions"", ""generic corridor dungeon conversion"", ""PC-first combat assumptions"", ""generic monster filler"", ""lore rewrites""]}"
"MG-F05-C02-M05","Promise the Sídhe Mound Descent: Pressure Break","MG-FACTION-005","","1","1","MG-MAP-005","{""loop"": [""Explore"", ""Encounter"", ""1 Deity vs. Multiple Enemies"", ""Victory"", ""Rewards"", ""Upgrade Deity"", ""Explore Further""], ""forbidden"": [""squad combat"", ""team formations"", ""multiple player-controlled Avatars"", ""ally positioning"", ""team turns""], ""readableRule"": ""Legacy schema label says Deity, current fiction label says Deity: exactly one playable god or goddess is controlled in standard battle."", ""playerControlledAvatars"": 1}","{""enabled"": true, ""homeFactionId"": ""MG-FACTION-005"", ""homeFactionName"": ""Tuatha"", ""eligiblePoolIds"": [""MG-CROSS-RUN-IN-001"", ""MG-CROSS-RUN-IN-002"", ""MG-CROSS-RUN-IN-003"", ""MG-CROSS-RUN-IN-004"", ""MG-CROSS-RUN-IN-006"", ""MG-CROSS-RUN-IN-007""], ""recommendedPoolIds"": [""MG-CROSS-RUN-IN-002"", ""MG-CROSS-RUN-IN-003""], ""rule"": ""Run-ins must have a lore-valid reason: border conflict, Gate pressure, pursuit, oath, contract, trial, defense, corruption response, or event escalation. Never generic faction mixing."", ""oneAvatarVsManyUse"": ""Run-ins add enemy role pressure around the lone Avatar without creating ally units or squad play.""}","{""sourceFactionId"": ""MG-FACTION-005"", ""sourceFactionName"": ""Tuatha"", ""sourceRealm"": ""Avalora"", ""sourceCultureRule"": ""source culture humans later copied as Celtic and Irish fae myth"", ""preserve"": [""established faction identity"", ""Mythos Gates mythology"", ""Gates and Codex systems"", ""one player-controlled Avatar combat"", ""mobile UE5 zone structure""], ""forbid"": [""replacement factions"", ""generic corridor dungeon conversion"", ""PC-first combat assumptions"", ""generic monster filler"", ""lore rewrites""]}"
"MG-F05-C02-M06","Remember the Geas Thorn Corridor: Trial Mechanism","MG-FACTION-005","","1","1","MG-MAP-005","{""loop"": [""Explore"", ""Encounter"", ""1 Deity vs. Multiple Enemies"", ""Victory"", ""Rewards"", ""Upgrade Deity"", ""Explore Further""], ""forbidden"": [""squad combat"", ""team formations"", ""multiple player-controlled Avatars"", ""ally positioning"", ""team turns""], ""readableRule"": ""Legacy schema label says Deity, current fiction label says Deity: exactly one playable god or goddess is controlled in standard battle."", ""playerControlledAvatars"": 1}","{""enabled"": true, ""homeFactionId"": ""MG-FACTION-005"", ""homeFactionName"": ""Tuatha"", ""eligiblePoolIds"": [""MG-CROSS-RUN-IN-001"", ""MG-CROSS-RUN-IN-002"", ""MG-CROSS-RUN-IN-003"", ""MG-CROSS-RUN-IN-004"", ""MG-CROSS-RUN-IN-006"", ""MG-CROSS-RUN-IN-007""], ""recommendedPoolIds"": [""MG-CROSS-RUN-IN-003"", ""MG-CROSS-RUN-IN-004""], ""rule"": ""Run-ins must have a lore-valid reason: border conflict, Gate pressure, pursuit, oath, contract, trial, defense, corruption response, or event escalation. Never generic faction mixing."", ""oneAvatarVsManyUse"": ""Run-ins add enemy role pressure around the lone Avatar without creating ally units or squad play.""}","{""sourceFactionId"": ""MG-FACTION-005"", ""sourceFactionName"": ""Tuatha"", ""sourceRealm"": ""Avalora"", ""sourceCultureRule"": ""source culture humans later copied as Celtic and Irish fae myth"", ""preserve"": [""established faction identity"", ""Mythos Gates mythology"", ""Gates and Codex systems"", ""one player-controlled Avatar combat"", ""mobile UE5 zone structure""], ""forbid"": [""replacement factions"", ""generic corridor dungeon conversion"", ""PC-first combat assumptions"", ""generic monster filler"", ""lore rewrites""]}"
"MG-F05-C02-M07","Bleed the Geas Thorn Corridor: Hazard Reading","MG-FACTION-005","","1","1","MG-MAP-005","{""loop"": [""Explore"", ""Encounter"", ""1 Deity vs. Multiple Enemies"", ""Victory"", ""Rewards"", ""Upgrade Deity"", ""Explore Further""], ""forbidden"": [""squad combat"", ""team formations"", ""multiple player-controlled Avatars"", ""ally positioning"", ""team turns""], ""readableRule"": ""Legacy schema label says Deity, current fiction label says Deity: exactly one playable god or goddess is controlled in standard battle."", ""playerControlledAvatars"": 1}","{""enabled"": true, ""homeFactionId"": ""MG-FACTION-005"", ""homeFactionName"": ""Tuatha"", ""eligiblePoolIds"": [""MG-CROSS-RUN-IN-001"", ""MG-CROSS-RUN-IN-002"", ""MG-CROSS-RUN-IN-003"", ""MG-CROSS-RUN-IN-004"", ""MG-CROSS-RUN-IN-006"", ""MG-CROSS-RUN-IN-007""], ""recommendedPoolIds"": [""MG-CROSS-RUN-IN-004"", ""MG-CROSS-RUN-IN-006""], ""rule"": ""Run-ins must have a lore-valid reason: border conflict, Gate pressure, pursuit, oath, contract, trial, defense, corruption response, or event escalation. Never generic faction mixing."", ""oneAvatarVsManyUse"": ""Run-ins add enemy role pressure around the lone Avatar without creating ally units or squad play.""}","{""sourceFactionId"": ""MG-FACTION-005"", ""sourceFactionName"": ""Tuatha"", ""sourceRealm"": ""Avalora"", ""sourceCultureRule"": ""source culture humans later copied as Celtic and Irish fae myth"", ""preserve"": [""established faction identity"", ""Mythos Gates mythology"", ""Gates and Codex systems"", ""one player-controlled Avatar combat"", ""mobile UE5 zone structure""], ""forbid"": [""replacement factions"", ""generic corridor dungeon conversion"", ""PC-first combat assumptions"", ""generic monster filler"", ""lore rewrites""]}"
"MG-F05-C02-M08","Claim the Geas Thorn Corridor: Lughching Law","MG-FACTION-005","","1","1","MG-MAP-005","{""loop"": [""Explore"", ""Encounter"", ""1 Deity vs. Multiple Enemies"", ""Victory"", ""Rewards"", ""Upgrade Deity"", ""Explore Further""], ""forbidden"": [""squad combat"", ""team formations"", ""multiple player-controlled Avatars"", ""ally positioning"", ""team turns""], ""readableRule"": ""Legacy schema label says Deity, current fiction label says Deity: exactly one playable god or goddess is controlled in standard battle."", ""playerControlledAvatars"": 1}","{""enabled"": true, ""homeFactionId"": ""MG-FACTION-005"", ""homeFactionName"": ""Tuatha"", ""eligiblePoolIds"": [""MG-CROSS-RUN-IN-001"", ""MG-CROSS-RUN-IN-002"", ""MG-CROSS-RUN-IN-003"", ""MG-CROSS-RUN-IN-004"", ""MG-CROSS-RUN-IN-006"", ""MG-CROSS-RUN-IN-007""], ""recommendedPoolIds"": [""MG-CROSS-RUN-IN-006"", ""MG-CROSS-RUN-IN-007""], ""rule"": ""Run-ins must have a lore-valid reason: border conflict, Gate pressure, pursuit, oath, contract, trial, defense, corruption response, or event escalation. Never generic faction mixing."", ""oneAvatarVsManyUse"": ""Run-ins add enemy role pressure around the lone Avatar without creating ally units or squad play.""}","{""sourceFactionId"": ""MG-FACTION-005"", ""sourceFactionName"": ""Tuatha"", ""sourceRealm"": ""Avalora"", ""sourceCultureRule"": ""source culture humans later copied as Celtic and Irish fae myth"", ""preserve"": [""established faction identity"", ""Mythos Gates mythology"", ""Gates and Codex systems"", ""one player-controlled Avatar combat"", ""mobile UE5 zone structure""], ""forbid"": [""replacement factions"", ""generic corridor dungeon conversion"", ""PC-first combat assumptions"", ""generic monster filler"", ""lore rewrites""]}"
"MG-F05-C03-M09","Promise the Tír na nÓg Mirror Meadow: Key Verdict","MG-FACTION-005","","1","1","MG-MAP-005","{""loop"": [""Explore"", ""Encounter"", ""1 Deity vs. Multiple Enemies"", ""Victory"", ""Rewards"", ""Upgrade Deity"", ""Explore Further""], ""forbidden"": [""squad combat"", ""team formations"", ""multiple player-controlled Avatars"", ""ally positioning"", ""team turns""], ""readableRule"": ""Legacy schema label says Deity, current fiction label says Deity: exactly one playable god or goddess is controlled in standard battle."", ""playerControlledAvatars"": 1}","{""enabled"": true, ""homeFactionId"": ""MG-FACTION-005"", ""homeFactionName"": ""Tuatha"", ""eligiblePoolIds"": [""MG-CROSS-RUN-IN-001"", ""MG-CROSS-RUN-IN-002"", ""MG-CROSS-RUN-IN-003"", ""MG-CROSS-RUN-IN-004"", ""MG-CROSS-RUN-IN-006"", ""MG-CROSS-RUN-IN-007""], ""recommendedPoolIds"": [""MG-CROSS-RUN-IN-001"", ""MG-CROSS-RUN-IN-002""], ""rule"": ""Run-ins must have a lore-valid reason: border conflict, Gate pressure, pursuit, oath, contract, trial, defense, corruption response, or event escalation. Never generic faction mixing."", ""oneAvatarVsManyUse"": ""Run-ins add enemy role pressure around the lone Avatar without creating ally units or squad play.""}","{""sourceFactionId"": ""MG-FACTION-005"", ""sourceFactionName"": ""Tuatha"", ""sourceRealm"": ""Avalora"", ""sourceCultureRule"": ""source culture humans later copied as Celtic and Irish fae myth"", ""preserve"": [""established faction identity"", ""Mythos Gates mythology"", ""Gates and Codex systems"", ""one player-controlled Avatar combat"", ""mobile UE5 zone structure""], ""forbid"": [""replacement factions"", ""generic corridor dungeon conversion"", ""PC-first combat assumptions"", ""generic monster filler"", ""lore rewrites""]}"
"MG-F05-C03-M10","Remember the Tír na nÓg Mirror Meadow: Elite Lock","MG-FACTION-005","","1","1","MG-MAP-005","{""loop"": [""Explore"", ""Encounter"", ""1 Deity vs. Multiple Enemies"", ""Victory"", ""Rewards"", ""Upgrade Deity"", ""Explore Further""], ""forbidden"": [""squad combat"", ""team formations"", ""multiple player-controlled Avatars"", ""ally positioning"", ""team turns""], ""readableRule"": ""Legacy schema label says Deity, current fiction label says Deity: exactly one playable god or goddess is controlled in standard battle."", ""playerControlledAvatars"": 1}","{""enabled"": true, ""homeFactionId"": ""MG-FACTION-005"", ""homeFactionName"": ""Tuatha"", ""eligiblePoolIds"": [""MG-CROSS-RUN-IN-001"", ""MG-CROSS-RUN-IN-002"", ""MG-CROSS-RUN-IN-003"", ""MG-CROSS-RUN-IN-004"", ""MG-CROSS-RUN-IN-006"", ""MG-CROSS-RUN-IN-007""], ""recommendedPoolIds"": [""MG-CROSS-RUN-IN-002"", ""MG-CROSS-RUN-IN-003""], ""rule"": ""Run-ins must have a lore-valid reason: border conflict, Gate pressure, pursuit, oath, contract, trial, defense, corruption response, or event escalation. Never generic faction mixing."", ""oneAvatarVsManyUse"": ""Run-ins add enemy role pressure around the lone Avatar without creating ally units or squad play.""}","{""sourceFactionId"": ""MG-FACTION-005"", ""sourceFactionName"": ""Tuatha"", ""sourceRealm"": ""Avalora"", ""sourceCultureRule"": ""source culture humans later copied as Celtic and Irish fae myth"", ""preserve"": [""established faction identity"", ""Mythos Gates mythology"", ""Gates and Codex systems"", ""one player-controlled Avatar combat"", ""mobile UE5 zone structure""], ""forbid"": [""replacement factions"", ""generic corridor dungeon conversion"", ""PC-first combat assumptions"", ""generic monster filler"", ""lore rewrites""]}"
"MG-F05-C03-M11","Bleed the Tír na nÓg Mirror Meadow: Warden Duel","MG-FACTION-005","","1","1","MG-MAP-005","{""loop"": [""Explore"", ""Encounter"", ""1 Deity vs. Multiple Enemies"", ""Victory"", ""Rewards"", ""Upgrade Deity"", ""Explore Further""], ""forbidden"": [""squad combat"", ""team formations"", ""multiple player-controlled Avatars"", ""ally positioning"", ""team turns""], ""readableRule"": ""Legacy schema label says Deity, current fiction label says Deity: exactly one playable god or goddess is controlled in standard battle."", ""playerControlledAvatars"": 1}","{""enabled"": true, ""homeFactionId"": ""MG-FACTION-005"", ""homeFactionName"": ""Tuatha"", ""eligiblePoolIds"": [""MG-CROSS-RUN-IN-001"", ""MG-CROSS-RUN-IN-002"", ""MG-CROSS-RUN-IN-003"", ""MG-CROSS-RUN-IN-004"", ""MG-CROSS-RUN-IN-006"", ""MG-CROSS-RUN-IN-007""], ""recommendedPoolIds"": [""MG-CROSS-RUN-IN-003"", ""MG-CROSS-RUN-IN-004""], ""rule"": ""Run-ins must have a lore-valid reason: border conflict, Gate pressure, pursuit, oath, contract, trial, defense, corruption response, or event escalation. Never generic faction mixing."", ""oneAvatarVsManyUse"": ""Run-ins add enemy role pressure around the lone Avatar without creating ally units or squad play.""}","{""sourceFactionId"": ""MG-FACTION-005"", ""sourceFactionName"": ""Tuatha"", ""sourceRealm"": ""Avalora"", ""sourceCultureRule"": ""source culture humans later copied as Celtic and Irish fae myth"", ""preserve"": [""established faction identity"", ""Mythos Gates mythology"", ""Gates and Codex systems"", ""one player-controlled Avatar combat"", ""mobile UE5 zone structure""], ""forbid"": [""replacement factions"", ""generic corridor dungeon conversion"", ""PC-first combat assumptions"", ""generic monster filler"", ""lore rewrites""]}"
"MG-F05-C03-M12","Claim the Cauldron Memory Grove: Lore Price","MG-FACTION-005","","1","1","MG-MAP-005","{""loop"": [""Explore"", ""Encounter"", ""1 Deity vs. Multiple Enemies"", ""Victory"", ""Rewards"", ""Upgrade Deity"", ""Explore Further""], ""forbidden"": [""squad combat"", ""team formations"", ""multiple player-controlled Avatars"", ""ally positioning"", ""team turns""], ""readableRule"": ""Legacy schema label says Deity, current fiction label says Deity: exactly one playable god or goddess is controlled in standard battle."", ""playerControlledAvatars"": 1}","{""enabled"": true, ""homeFactionId"": ""MG-FACTION-005"", ""homeFactionName"": ""Tuatha"", ""eligiblePoolIds"": [""MG-CROSS-RUN-IN-001"", ""MG-CROSS-RUN-IN-002"", ""MG-CROSS-RUN-IN-003"", ""MG-CROSS-RUN-IN-004"", ""MG-CROSS-RUN-IN-006"", ""MG-CROSS-RUN-IN-007""], ""recommendedPoolIds"": [""MG-CROSS-RUN-IN-004"", ""MG-CROSS-RUN-IN-006""], ""rule"": ""Run-ins must have a lore-valid reason: border conflict, Gate pressure, pursuit, oath, contract, trial, defense, corruption response, or event escalation. Never generic faction mixing."", ""oneAvatarVsManyUse"": ""Run-ins add enemy role pressure around the lone Avatar without creating ally units or squad play.""}","{""sourceFactionId"": ""MG-FACTION-005"", ""sourceFactionName"": ""Tuatha"", ""sourceRealm"": ""Avalora"", ""sourceCultureRule"": ""source culture humans later copied as Celtic and Irish fae myth"", ""preserve"": [""established faction identity"", ""Mythos Gates mythology"", ""Gates and Codex systems"", ""one player-controlled Avatar combat"", ""mobile UE5 zone structure""], ""forbid"": [""replacement factions"", ""generic corridor dungeon conversion"", ""PC-first combat assumptions"", ""generic monster filler"", ""lore rewrites""]}"
"MG-F05-C04-M13","Promise the Cauldron Memory Grove: Relic Detour","MG-FACTION-005","","1","1","MG-MAP-005","{""loop"": [""Explore"", ""Encounter"", ""1 Deity vs. Multiple Enemies"", ""Victory"", ""Rewards"", ""Upgrade Deity"", ""Explore Further""], ""forbidden"": [""squad combat"", ""team formations"", ""multiple player-controlled Avatars"", ""ally positioning"", ""team turns""], ""readableRule"": ""Legacy schema label says Deity, current fiction label says Deity: exactly one playable god or goddess is controlled in standard battle."", ""playerControlledAvatars"": 1}","{""enabled"": true, ""homeFactionId"": ""MG-FACTION-005"", ""homeFactionName"": ""Tuatha"", ""eligiblePoolIds"": [""MG-CROSS-RUN-IN-001"", ""MG-CROSS-RUN-IN-002"", ""MG-CROSS-RUN-IN-003"", ""MG-CROSS-RUN-IN-004"", ""MG-CROSS-RUN-IN-006"", ""MG-CROSS-RUN-IN-007""], ""recommendedPoolIds"": [""MG-CROSS-RUN-IN-007"", ""MG-CROSS-RUN-IN-001""], ""rule"": ""Run-ins must have a lore-valid reason: border conflict, Gate pressure, pursuit, oath, contract, trial, defense, corruption response, or event escalation. Never generic faction mixing."", ""oneAvatarVsManyUse"": ""Run-ins add enemy role pressure around the lone Avatar without creating ally units or squad play.""}","{""sourceFactionId"": ""MG-FACTION-005"", ""sourceFactionName"": ""Tuatha"", ""sourceRealm"": ""Avalora"", ""sourceCultureRule"": ""source culture humans later copied as Celtic and Irish fae myth"", ""preserve"": [""established faction identity"", ""Mythos Gates mythology"", ""Gates and Codex systems"", ""one player-controlled Avatar combat"", ""mobile UE5 zone structure""], ""forbid"": [""replacement factions"", ""generic corridor dungeon conversion"", ""PC-first combat assumptions"", ""generic monster filler"", ""lore rewrites""]}"
"MG-F05-C04-M14","Remember the Cauldron Memory Grove: Hidden Cache","MG-FACTION-005","","1","1","MG-MAP-005","{""loop"": [""Explore"", ""Encounter"", ""1 Deity vs. Multiple Enemies"", ""Victory"", ""Rewards"", ""Upgrade Deity"", ""Explore Further""], ""forbidden"": [""squad combat"", ""team formations"", ""multiple player-controlled Avatars"", ""ally positioning"", ""team turns""], ""readableRule"": ""Legacy schema label says Deity, current fiction label says Deity: exactly one playable god or goddess is controlled in standard battle."", ""playerControlledAvatars"": 1}","{""enabled"": true, ""homeFactionId"": ""MG-FACTION-005"", ""homeFactionName"": ""Tuatha"", ""eligiblePoolIds"": [""MG-CROSS-RUN-IN-001"", ""MG-CROSS-RUN-IN-002"", ""MG-CROSS-RUN-IN-003"", ""MG-CROSS-RUN-IN-004"", ""MG-CROSS-RUN-IN-006"", ""MG-CROSS-RUN-IN-007""], ""recommendedPoolIds"": [""MG-CROSS-RUN-IN-001"", ""MG-CROSS-RUN-IN-002""], ""rule"": ""Run-ins must have a lore-valid reason: border conflict, Gate pressure, pursuit, oath, contract, trial, defense, corruption response, or event escalation. Never generic faction mixing."", ""oneAvatarVsManyUse"": ""Run-ins add enemy role pressure around the lone Avatar without creating ally units or squad play.""}","{""sourceFactionId"": ""MG-FACTION-005"", ""sourceFactionName"": ""Tuatha"", ""sourceRealm"": ""Avalora"", ""sourceCultureRule"": ""source culture humans later copied as Celtic and Irish fae myth"", ""preserve"": [""established faction identity"", ""Mythos Gates mythology"", ""Gates and Codex systems"", ""one player-controlled Avatar combat"", ""mobile UE5 zone structure""], ""forbid"": [""replacement factions"", ""generic corridor dungeon conversion"", ""PC-first combat assumptions"", ""generic monster filler"", ""lore rewrites""]}"
"MG-F05-C04-M15","Bleed the Morrigan Crow Battlefield: Boss Threshold","MG-FACTION-005","","1","1","MG-MAP-005","{""loop"": [""Explore"", ""Encounter"", ""1 Deity vs. Multiple Enemies"", ""Victory"", ""Rewards"", ""Upgrade Deity"", ""Explore Further""], ""forbidden"": [""squad combat"", ""team formations"", ""multiple player-controlled Avatars"", ""ally positioning"", ""team turns""], ""readableRule"": ""Legacy schema label says Deity, current fiction label says Deity: exactly one playable god or goddess is controlled in standard battle."", ""playerControlledAvatars"": 1}","{""enabled"": true, ""homeFactionId"": ""MG-FACTION-005"", ""homeFactionName"": ""Tuatha"", ""eligiblePoolIds"": [""MG-CROSS-RUN-IN-001"", ""MG-CROSS-RUN-IN-002"", ""MG-CROSS-RUN-IN-003"", ""MG-CROSS-RUN-IN-004"", ""MG-CROSS-RUN-IN-006"", ""MG-CROSS-RUN-IN-007""], ""recommendedPoolIds"": [""MG-CROSS-RUN-IN-002"", ""MG-CROSS-RUN-IN-003""], ""rule"": ""Run-ins must have a lore-valid reason: border conflict, Gate pressure, pursuit, oath, contract, trial, defense, corruption response, or event escalation. Never generic faction mixing."", ""oneAvatarVsManyUse"": ""Run-ins add enemy role pressure around the lone Avatar without creating ally units or squad play.""}","{""sourceFactionId"": ""MG-FACTION-005"", ""sourceFactionName"": ""Tuatha"", ""sourceRealm"": ""Avalora"", ""sourceCultureRule"": ""source culture humans later copied as Celtic and Irish fae myth"", ""preserve"": [""established faction identity"", ""Mythos Gates mythology"", ""Gates and Codex systems"", ""one player-controlled Avatar combat"", ""mobile UE5 zone structure""], ""forbid"": [""replacement factions"", ""generic corridor dungeon conversion"", ""PC-first combat assumptions"", ""generic monster filler"", ""lore rewrites""]}"
"MG-F05-C04-M16","Claim the Morrigan Crow Battlefield: Final Approach","MG-FACTION-005","","1","1","MG-MAP-005","{""loop"": [""Explore"", ""Encounter"", ""1 Deity vs. Multiple Enemies"", ""Victory"", ""Rewards"", ""Upgrade Deity"", ""Explore Further""], ""forbidden"": [""squad combat"", ""team formations"", ""multiple player-controlled Avatars"", ""ally positioning"", ""team turns""], ""readableRule"": ""Legacy schema label says Deity, current fiction label says Deity: exactly one playable god or goddess is controlled in standard battle."", ""playerControlledAvatars"": 1}","{""enabled"": true, ""homeFactionId"": ""MG-FACTION-005"", ""homeFactionName"": ""Tuatha"", ""eligiblePoolIds"": [""MG-CROSS-RUN-IN-001"", ""MG-CROSS-RUN-IN-002"", ""MG-CROSS-RUN-IN-003"", ""MG-CROSS-RUN-IN-004"", ""MG-CROSS-RUN-IN-006"", ""MG-CROSS-RUN-IN-007""], ""recommendedPoolIds"": [""MG-CROSS-RUN-IN-003"", ""MG-CROSS-RUN-IN-004""], ""rule"": ""Run-ins must have a lore-valid reason: border conflict, Gate pressure, pursuit, oath, contract, trial, defense, corruption response, or event escalation. Never generic faction mixing."", ""oneAvatarVsManyUse"": ""Run-ins add enemy role pressure around the lone Avatar without creating ally units or squad play.""}","{""sourceFactionId"": ""MG-FACTION-005"", ""sourceFactionName"": ""Tuatha"", ""sourceRealm"": ""Avalora"", ""sourceCultureRule"": ""source culture humans later copied as Celtic and Irish fae myth"", ""preserve"": [""established faction identity"", ""Mythos Gates mythology"", ""Gates and Codex systems"", ""one player-controlled Avatar combat"", ""mobile UE5 zone structure""], ""forbid"": [""replacement factions"", ""generic corridor dungeon conversion"", ""PC-first combat assumptions"", ""generic monster filler"", ""lore rewrites""]}"
"MG-F05-C05-M17","Promise the Morrigan Crow Battlefield: Antechamber Seal","MG-FACTION-005","","1","1","MG-MAP-005","{""loop"": [""Explore"", ""Encounter"", ""1 Deity vs. Multiple Enemies"", ""Victory"", ""Rewards"", ""Upgrade Deity"", ""Explore Further""], ""forbidden"": [""squad combat"", ""team formations"", ""multiple player-controlled Avatars"", ""ally positioning"", ""team turns""], ""readableRule"": ""Legacy schema label says Deity, current fiction label says Deity: exactly one playable god or goddess is controlled in standard battle."", ""playerControlledAvatars"": 1}","{""enabled"": true, ""homeFactionId"": ""MG-FACTION-005"", ""homeFactionName"": ""Tuatha"", ""eligiblePoolIds"": [""MG-CROSS-RUN-IN-001"", ""MG-CROSS-RUN-IN-002"", ""MG-CROSS-RUN-IN-003"", ""MG-CROSS-RUN-IN-004"", ""MG-CROSS-RUN-IN-006"", ""MG-CROSS-RUN-IN-007""], ""recommendedPoolIds"": [""MG-CROSS-RUN-IN-006"", ""MG-CROSS-RUN-IN-007""], ""rule"": ""Run-ins must have a lore-valid reason: border conflict, Gate pressure, pursuit, oath, contract, trial, defense, corruption response, or event escalation. Never generic faction mixing."", ""oneAvatarVsManyUse"": ""Run-ins add enemy role pressure around the lone Avatar without creating ally units or squad play.""}","{""sourceFactionId"": ""MG-FACTION-005"", ""sourceFactionName"": ""Tuatha"", ""sourceRealm"": ""Avalora"", ""sourceCultureRule"": ""source culture humans later copied as Celtic and Irish fae myth"", ""preserve"": [""established faction identity"", ""Mythos Gates mythology"", ""Gates and Codex systems"", ""one player-controlled Avatar combat"", ""mobile UE5 zone structure""], ""forbid"": [""replacement factions"", ""generic corridor dungeon conversion"", ""PC-first combat assumptions"", ""generic monster filler"", ""lore rewrites""]}"
"MG-F05-C05-M18","Remember the Crow-Crowned Boss Mound: Ascension Seal","MG-FACTION-005","","1","1","MG-MAP-005","{""loop"": [""Explore"", ""Encounter"", ""1 Deity vs. Multiple Enemies"", ""Victory"", ""Rewards"", ""Upgrade Deity"", ""Explore Further""], ""forbidden"": [""squad combat"", ""team formations"", ""multiple player-controlled Avatars"", ""ally positioning"", ""team turns""], ""readableRule"": ""Legacy schema label says Deity, current fiction label says Deity: exactly one playable god or goddess is controlled in standard battle."", ""playerControlledAvatars"": 1}","{""enabled"": true, ""homeFactionId"": ""MG-FACTION-005"", ""homeFactionName"": ""Tuatha"", ""eligiblePoolIds"": [""MG-CROSS-RUN-IN-001"", ""MG-CROSS-RUN-IN-002"", ""MG-CROSS-RUN-IN-003"", ""MG-CROSS-RUN-IN-004"", ""MG-CROSS-RUN-IN-006"", ""MG-CROSS-RUN-IN-007""], ""recommendedPoolIds"": [""MG-CROSS-RUN-IN-007"", ""MG-CROSS-RUN-IN-001""], ""rule"": ""Run-ins must have a lore-valid reason: border conflict, Gate pressure, pursuit, oath, contract, trial, defense, corruption response, or event escalation. Never generic faction mixing."", ""oneAvatarVsManyUse"": ""Run-ins add enemy role pressure around the lone Avatar without creating ally units or squad play.""}","{""sourceFactionId"": ""MG-FACTION-005"", ""sourceFactionName"": ""Tuatha"", ""sourceRealm"": ""Avalora"", ""sourceCultureRule"": ""source culture humans later copied as Celtic and Irish fae myth"", ""preserve"": [""established faction identity"", ""Mythos Gates mythology"", ""Gates and Codex systems"", ""one player-controlled Avatar combat"", ""mobile UE5 zone structure""], ""forbid"": [""replacement factions"", ""generic corridor dungeon conversion"", ""PC-first combat assumptions"", ""generic monster filler"", ""lore rewrites""]}"
"MG-F05-C05-M19","Bleed the Crow-Crowned Boss Mound: Boss Chamber","MG-FACTION-005","","1","1","MG-MAP-005","{""loop"": [""Explore"", ""Encounter"", ""1 Deity vs. Multiple Enemies"", ""Victory"", ""Rewards"", ""Upgrade Deity"", ""Explore Further""], ""forbidden"": [""squad combat"", ""team formations"", ""multiple player-controlled Avatars"", ""ally positioning"", ""team turns""], ""readableRule"": ""Legacy schema label says Deity, current fiction label says Deity: exactly one playable god or goddess is controlled in standard battle."", ""playerControlledAvatars"": 1}","{""enabled"": true, ""homeFactionId"": ""MG-FACTION-005"", ""homeFactionName"": ""Tuatha"", ""eligiblePoolIds"": [""MG-CROSS-RUN-IN-001"", ""MG-CROSS-RUN-IN-002"", ""MG-CROSS-RUN-IN-003"", ""MG-CROSS-RUN-IN-004"", ""MG-CROSS-RUN-IN-006"", ""MG-CROSS-RUN-IN-007""], ""recommendedPoolIds"": [""MG-CROSS-RUN-IN-001"", ""MG-CROSS-RUN-IN-002""], ""rule"": ""Run-ins must have a lore-valid reason: border conflict, Gate pressure, pursuit, oath, contract, trial, defense, corruption response, or event escalation. Never generic faction mixing."", ""oneAvatarVsManyUse"": ""Run-ins add enemy role pressure around the lone Avatar without creating ally units or squad play.""}","{""sourceFactionId"": ""MG-FACTION-005"", ""sourceFactionName"": ""Tuatha"", ""sourceRealm"": ""Avalora"", ""sourceCultureRule"": ""source culture humans later copied as Celtic and Irish fae myth"", ""preserve"": [""established faction identity"", ""Mythos Gates mythology"", ""Gates and Codex systems"", ""one player-controlled Avatar combat"", ""mobile UE5 zone structure""], ""forbid"": [""replacement factions"", ""generic corridor dungeon conversion"", ""PC-first combat assumptions"", ""generic monster filler"", ""lore rewrites""]}"
"MG-F05-C05-M20","Claim the Crow-Crowned Boss Mound: Gate Verdict","MG-FACTION-005","","1","1","MG-MAP-005","{""loop"": [""Explore"", ""Encounter"", ""1 Deity vs. Multiple Enemies"", ""Victory"", ""Rewards"", ""Upgrade Deity"", ""Explore Further""], ""forbidden"": [""squad combat"", ""team formations"", ""multiple player-controlled Avatars"", ""ally positioning"", ""team turns""], ""readableRule"": ""Legacy schema label says Deity, current fiction label says Deity: exactly one playable god or goddess is controlled in standard battle."", ""playerControlledAvatars"": 1}","{""enabled"": true, ""homeFactionId"": ""MG-FACTION-005"", ""homeFactionName"": ""Tuatha"", ""eligiblePoolIds"": [""MG-CROSS-RUN-IN-001"", ""MG-CROSS-RUN-IN-002"", ""MG-CROSS-RUN-IN-003"", ""MG-CROSS-RUN-IN-004"", ""MG-CROSS-RUN-IN-006"", ""MG-CROSS-RUN-IN-007""], ""recommendedPoolIds"": [""MG-CROSS-RUN-IN-002"", ""MG-CROSS-RUN-IN-003""], ""rule"": ""Run-ins must have a lore-valid reason: border conflict, Gate pressure, pursuit, oath, contract, trial, defense, corruption response, or event escalation. Never generic faction mixing."", ""oneAvatarVsManyUse"": ""Run-ins add enemy role pressure around the lone Avatar without creating ally units or squad play.""}","{""sourceFactionId"": ""MG-FACTION-005"", ""sourceFactionName"": ""Tuatha"", ""sourceRealm"": ""Avalora"", ""sourceCultureRule"": ""source culture humans later copied as Celtic and Irish fae myth"", ""preserve"": [""established faction identity"", ""Mythos Gates mythology"", ""Gates and Codex systems"", ""one player-controlled Avatar combat"", ""mobile UE5 zone structure""], ""forbid"": [""replacement factions"", ""generic corridor dungeon conversion"", ""PC-first combat assumptions"", ""generic monster filler"", ""lore rewrites""]}"
"MG-F05-E-C01-M01","Elite: Promise the Silver-Root Court: First Crossing","MG-FACTION-005","","1","1","MG-MAP-005","{""loop"": [""Explore"", ""Encounter"", ""1 Deity vs. Multiple Enemies"", ""Victory"", ""Rewards"", ""Upgrade Deity"", ""Explore Further""], ""forbidden"": [""squad combat"", ""team formations"", ""multiple player-controlled Avatars"", ""ally positioning"", ""team turns""], ""readableRule"": ""Legacy schema label says Deity, current fiction label says Deity: exactly one playable god or goddess is controlled in standard battle."", ""playerControlledAvatars"": 1}","{""enabled"": true, ""homeFactionId"": ""MG-FACTION-005"", ""homeFactionName"": ""Tuatha"", ""eligiblePoolIds"": [""MG-CROSS-RUN-IN-001"", ""MG-CROSS-RUN-IN-002"", ""MG-CROSS-RUN-IN-003"", ""MG-CROSS-RUN-IN-004"", ""MG-CROSS-RUN-IN-006"", ""MG-CROSS-RUN-IN-007""], ""recommendedPoolIds"": [""MG-CROSS-RUN-IN-003"", ""MG-CROSS-RUN-IN-004""], ""rule"": ""Run-ins must have a lore-valid reason: border conflict, Gate pressure, pursuit, oath, contract, trial, defense, corruption response, or event escalation. Never generic faction mixing."", ""oneAvatarVsManyUse"": ""Run-ins add enemy role pressure around the lone Avatar without creating ally units or squad play.""}","{""sourceFactionId"": ""MG-FACTION-005"", ""sourceFactionName"": ""Tuatha"", ""sourceRealm"": ""Avalora"", ""sourceCultureRule"": ""source culture humans later copied as Celtic and Irish fae myth"", ""preserve"": [""established faction identity"", ""Mythos Gates mythology"", ""Gates and Codex systems"", ""one player-controlled Avatar combat"", ""mobile UE5 zone structure""], ""forbid"": [""replacement factions"", ""generic corridor dungeon conversion"", ""PC-first combat assumptions"", ""generic monster filler"", ""lore rewrites""]}"
"MG-F05-E-C01-M02","Elite: Remember the Silver-Root Court: Name at the Gate","MG-FACTION-005","","1","1","MG-MAP-005","{""loop"": [""Explore"", ""Encounter"", ""1 Deity vs. Multiple Enemies"", ""Victory"", ""Rewards"", ""Upgrade Deity"", ""Explore Further""], ""forbidden"": [""squad combat"", ""team formations"", ""multiple player-controlled Avatars"", ""ally positioning"", ""team turns""], ""readableRule"": ""Legacy schema label says Deity, current fiction label says Deity: exactly one playable god or goddess is controlled in standard battle."", ""playerControlledAvatars"": 1}","{""enabled"": true, ""homeFactionId"": ""MG-FACTION-005"", ""homeFactionName"": ""Tuatha"", ""eligiblePoolIds"": [""MG-CROSS-RUN-IN-001"", ""MG-CROSS-RUN-IN-002"", ""MG-CROSS-RUN-IN-003"", ""MG-CROSS-RUN-IN-004"", ""MG-CROSS-RUN-IN-006"", ""MG-CROSS-RUN-IN-007""], ""recommendedPoolIds"": [""MG-CROSS-RUN-IN-004"", ""MG-CROSS-RUN-IN-006""], ""rule"": ""Run-ins must have a lore-valid reason: border conflict, Gate pressure, pursuit, oath, contract, trial, defense, corruption response, or event escalation. Never generic faction mixing."", ""oneAvatarVsManyUse"": ""Run-ins add enemy role pressure around the lone Avatar without creating ally units or squad play.""}","{""sourceFactionId"": ""MG-FACTION-005"", ""sourceFactionName"": ""Tuatha"", ""sourceRealm"": ""Avalora"", ""sourceCultureRule"": ""source culture humans later copied as Celtic and Irish fae myth"", ""preserve"": [""established faction identity"", ""Mythos Gates mythology"", ""Gates and Codex systems"", ""one player-controlled Avatar combat"", ""mobile UE5 zone structure""], ""forbid"": [""replacement factions"", ""generic corridor dungeon conversion"", ""PC-first combat assumptions"", ""generic monster filler"", ""lore rewrites""]}"
"MG-F05-E-C01-M03","Elite: Bleed the Sídhe Mound Descent: Forward Claim","MG-FACTION-005","","1","1","MG-MAP-005","{""loop"": [""Explore"", ""Encounter"", ""1 Deity vs. Multiple Enemies"", ""Victory"", ""Rewards"", ""Upgrade Deity"", ""Explore Further""], ""forbidden"": [""squad combat"", ""team formations"", ""multiple player-controlled Avatars"", ""ally positioning"", ""team turns""], ""readableRule"": ""Legacy schema label says Deity, current fiction label says Deity: exactly one playable god or goddess is controlled in standard battle."", ""playerControlledAvatars"": 1}","{""enabled"": true, ""homeFactionId"": ""MG-FACTION-005"", ""homeFactionName"": ""Tuatha"", ""eligiblePoolIds"": [""MG-CROSS-RUN-IN-001"", ""MG-CROSS-RUN-IN-002"", ""MG-CROSS-RUN-IN-003"", ""MG-CROSS-RUN-IN-004"", ""MG-CROSS-RUN-IN-006"", ""MG-CROSS-RUN-IN-007""], ""recommendedPoolIds"": [""MG-CROSS-RUN-IN-006"", ""MG-CROSS-RUN-IN-007""], ""rule"": ""Run-ins must have a lore-valid reason: border conflict, Gate pressure, pursuit, oath, contract, trial, defense, corruption response, or event escalation. Never generic faction mixing."", ""oneAvatarVsManyUse"": ""Run-ins add enemy role pressure around the lone Avatar without creating ally units or squad play.""}","{""sourceFactionId"": ""MG-FACTION-005"", ""sourceFactionName"": ""Tuatha"", ""sourceRealm"": ""Avalora"", ""sourceCultureRule"": ""source culture humans later copied as Celtic and Irish fae myth"", ""preserve"": [""established faction identity"", ""Mythos Gates mythology"", ""Gates and Codex systems"", ""one player-controlled Avatar combat"", ""mobile UE5 zone structure""], ""forbid"": [""replacement factions"", ""generic corridor dungeon conversion"", ""PC-first combat assumptions"", ""generic monster filler"", ""lore rewrites""]}"
"MG-F05-E-C01-M04","Elite: Claim the Sídhe Mound Descent: Outer Line","MG-FACTION-005","","1","1","MG-MAP-005","{""loop"": [""Explore"", ""Encounter"", ""1 Deity vs. Multiple Enemies"", ""Victory"", ""Rewards"", ""Upgrade Deity"", ""Explore Further""], ""forbidden"": [""squad combat"", ""team formations"", ""multiple player-controlled Avatars"", ""ally positioning"", ""team turns""], ""readableRule"": ""Legacy schema label says Deity, current fiction label says Deity: exactly one playable god or goddess is controlled in standard battle."", ""playerControlledAvatars"": 1}","{""enabled"": true, ""homeFactionId"": ""MG-FACTION-005"", ""homeFactionName"": ""Tuatha"", ""eligiblePoolIds"": [""MG-CROSS-RUN-IN-001"", ""MG-CROSS-RUN-IN-002"", ""MG-CROSS-RUN-IN-003"", ""MG-CROSS-RUN-IN-004"", ""MG-CROSS-RUN-IN-006"", ""MG-CROSS-RUN-IN-007""], ""recommendedPoolIds"": [""MG-CROSS-RUN-IN-007"", ""MG-CROSS-RUN-IN-001""], ""rule"": ""Run-ins must have a lore-valid reason: border conflict, Gate pressure, pursuit, oath, contract, trial, defense, corruption response, or event escalation. Never generic faction mixing."", ""oneAvatarVsManyUse"": ""Run-ins add enemy role pressure around the lone Avatar without creating ally units or squad play.""}","{""sourceFactionId"": ""MG-FACTION-005"", ""sourceFactionName"": ""Tuatha"", ""sourceRealm"": ""Avalora"", ""sourceCultureRule"": ""source culture humans later copied as Celtic and Irish fae myth"", ""preserve"": [""established faction identity"", ""Mythos Gates mythology"", ""Gates and Codex systems"", ""one player-controlled Avatar combat"", ""mobile UE5 zone structure""], ""forbid"": [""replacement factions"", ""generic corridor dungeon conversion"", ""PC-first combat assumptions"", ""generic monster filler"", ""lore rewrites""]}"
"MG-F05-E-C02-M05","Elite: Promise the Sídhe Mound Descent: Pressure Break","MG-FACTION-005","","1","1","MG-MAP-005","{""loop"": [""Explore"", ""Encounter"", ""1 Deity vs. Multiple Enemies"", ""Victory"", ""Rewards"", ""Upgrade Deity"", ""Explore Further""], ""forbidden"": [""squad combat"", ""team formations"", ""multiple player-controlled Avatars"", ""ally positioning"", ""team turns""], ""readableRule"": ""Legacy schema label says Deity, current fiction label says Deity: exactly one playable god or goddess is controlled in standard battle."", ""playerControlledAvatars"": 1}","{""enabled"": true, ""homeFactionId"": ""MG-FACTION-005"", ""homeFactionName"": ""Tuatha"", ""eligiblePoolIds"": [""MG-CROSS-RUN-IN-001"", ""MG-CROSS-RUN-IN-002"", ""MG-CROSS-RUN-IN-003"", ""MG-CROSS-RUN-IN-004"", ""MG-CROSS-RUN-IN-006"", ""MG-CROSS-RUN-IN-007""], ""recommendedPoolIds"": [""MG-CROSS-RUN-IN-002"", ""MG-CROSS-RUN-IN-003""], ""rule"": ""Run-ins must have a lore-valid reason: border conflict, Gate pressure, pursuit, oath, contract, trial, defense, corruption response, or event escalation. Never generic faction mixing."", ""oneAvatarVsManyUse"": ""Run-ins add enemy role pressure around the lone Avatar without creating ally units or squad play.""}","{""sourceFactionId"": ""MG-FACTION-005"", ""sourceFactionName"": ""Tuatha"", ""sourceRealm"": ""Avalora"", ""sourceCultureRule"": ""source culture humans later copied as Celtic and Irish fae myth"", ""preserve"": [""established faction identity"", ""Mythos Gates mythology"", ""Gates and Codex systems"", ""one player-controlled Avatar combat"", ""mobile UE5 zone structure""], ""forbid"": [""replacement factions"", ""generic corridor dungeon conversion"", ""PC-first combat assumptions"", ""generic monster filler"", ""lore rewrites""]}"
"MG-F05-E-C02-M06","Elite: Remember the Geas Thorn Corridor: Trial Mechanism","MG-FACTION-005","","1","1","MG-MAP-005","{""loop"": [""Explore"", ""Encounter"", ""1 Deity vs. Multiple Enemies"", ""Victory"", ""Rewards"", ""Upgrade Deity"", ""Explore Further""], ""forbidden"": [""squad combat"", ""team formations"", ""multiple player-controlled Avatars"", ""ally positioning"", ""team turns""], ""readableRule"": ""Legacy schema label says Deity, current fiction label says Deity: exactly one playable god or goddess is controlled in standard battle."", ""playerControlledAvatars"": 1}","{""enabled"": true, ""homeFactionId"": ""MG-FACTION-005"", ""homeFactionName"": ""Tuatha"", ""eligiblePoolIds"": [""MG-CROSS-RUN-IN-001"", ""MG-CROSS-RUN-IN-002"", ""MG-CROSS-RUN-IN-003"", ""MG-CROSS-RUN-IN-004"", ""MG-CROSS-RUN-IN-006"", ""MG-CROSS-RUN-IN-007""], ""recommendedPoolIds"": [""MG-CROSS-RUN-IN-003"", ""MG-CROSS-RUN-IN-004""], ""rule"": ""Run-ins must have a lore-valid reason: border conflict, Gate pressure, pursuit, oath, contract, trial, defense, corruption response, or event escalation. Never generic faction mixing."", ""oneAvatarVsManyUse"": ""Run-ins add enemy role pressure around the lone Avatar without creating ally units or squad play.""}","{""sourceFactionId"": ""MG-FACTION-005"", ""sourceFactionName"": ""Tuatha"", ""sourceRealm"": ""Avalora"", ""sourceCultureRule"": ""source culture humans later copied as Celtic and Irish fae myth"", ""preserve"": [""established faction identity"", ""Mythos Gates mythology"", ""Gates and Codex systems"", ""one player-controlled Avatar combat"", ""mobile UE5 zone structure""], ""forbid"": [""replacement factions"", ""generic corridor dungeon conversion"", ""PC-first combat assumptions"", ""generic monster filler"", ""lore rewrites""]}"
"MG-F05-E-C02-M07","Elite: Bleed the Geas Thorn Corridor: Hazard Reading","MG-FACTION-005","","1","1","MG-MAP-005","{""loop"": [""Explore"", ""Encounter"", ""1 Deity vs. Multiple Enemies"", ""Victory"", ""Rewards"", ""Upgrade Deity"", ""Explore Further""], ""forbidden"": [""squad combat"", ""team formations"", ""multiple player-controlled Avatars"", ""ally positioning"", ""team turns""], ""readableRule"": ""Legacy schema label says Deity, current fiction label says Deity: exactly one playable god or goddess is controlled in standard battle."", ""playerControlledAvatars"": 1}","{""enabled"": true, ""homeFactionId"": ""MG-FACTION-005"", ""homeFactionName"": ""Tuatha"", ""eligiblePoolIds"": [""MG-CROSS-RUN-IN-001"", ""MG-CROSS-RUN-IN-002"", ""MG-CROSS-RUN-IN-003"", ""MG-CROSS-RUN-IN-004"", ""MG-CROSS-RUN-IN-006"", ""MG-CROSS-RUN-IN-007""], ""recommendedPoolIds"": [""MG-CROSS-RUN-IN-004"", ""MG-CROSS-RUN-IN-006""], ""rule"": ""Run-ins must have a lore-valid reason: border conflict, Gate pressure, pursuit, oath, contract, trial, defense, corruption response, or event escalation. Never generic faction mixing."", ""oneAvatarVsManyUse"": ""Run-ins add enemy role pressure around the lone Avatar without creating ally units or squad play.""}","{""sourceFactionId"": ""MG-FACTION-005"", ""sourceFactionName"": ""Tuatha"", ""sourceRealm"": ""Avalora"", ""sourceCultureRule"": ""source culture humans later copied as Celtic and Irish fae myth"", ""preserve"": [""established faction identity"", ""Mythos Gates mythology"", ""Gates and Codex systems"", ""one player-controlled Avatar combat"", ""mobile UE5 zone structure""], ""forbid"": [""replacement factions"", ""generic corridor dungeon conversion"", ""PC-first combat assumptions"", ""generic monster filler"", ""lore rewrites""]}"
"MG-F05-E-C02-M08","Elite: Claim the Geas Thorn Corridor: Lughching Law","MG-FACTION-005","","1","1","MG-MAP-005","{""loop"": [""Explore"", ""Encounter"", ""1 Deity vs. Multiple Enemies"", ""Victory"", ""Rewards"", ""Upgrade Deity"", ""Explore Further""], ""forbidden"": [""squad combat"", ""team formations"", ""multiple player-controlled Avatars"", ""ally positioning"", ""team turns""], ""readableRule"": ""Legacy schema label says Deity, current fiction label says Deity: exactly one playable god or goddess is controlled in standard battle."", ""playerControlledAvatars"": 1}","{""enabled"": true, ""homeFactionId"": ""MG-FACTION-005"", ""homeFactionName"": ""Tuatha"", ""eligiblePoolIds"": [""MG-CROSS-RUN-IN-001"", ""MG-CROSS-RUN-IN-002"", ""MG-CROSS-RUN-IN-003"", ""MG-CROSS-RUN-IN-004"", ""MG-CROSS-RUN-IN-006"", ""MG-CROSS-RUN-IN-007""], ""recommendedPoolIds"": [""MG-CROSS-RUN-IN-006"", ""MG-CROSS-RUN-IN-007""], ""rule"": ""Run-ins must have a lore-valid reason: border conflict, Gate pressure, pursuit, oath, contract, trial, defense, corruption response, or event escalation. Never generic faction mixing."", ""oneAvatarVsManyUse"": ""Run-ins add enemy role pressure around the lone Avatar without creating ally units or squad play.""}","{""sourceFactionId"": ""MG-FACTION-005"", ""sourceFactionName"": ""Tuatha"", ""sourceRealm"": ""Avalora"", ""sourceCultureRule"": ""source culture humans later copied as Celtic and Irish fae myth"", ""preserve"": [""established faction identity"", ""Mythos Gates mythology"", ""Gates and Codex systems"", ""one player-controlled Avatar combat"", ""mobile UE5 zone structure""], ""forbid"": [""replacement factions"", ""generic corridor dungeon conversion"", ""PC-first combat assumptions"", ""generic monster filler"", ""lore rewrites""]}"
"MG-F05-E-C03-M09","Elite: Promise the Tír na nÓg Mirror Meadow: Key Verdict","MG-FACTION-005","","1","1","MG-MAP-005","{""loop"": [""Explore"", ""Encounter"", ""1 Deity vs. Multiple Enemies"", ""Victory"", ""Rewards"", ""Upgrade Deity"", ""Explore Further""], ""forbidden"": [""squad combat"", ""team formations"", ""multiple player-controlled Avatars"", ""ally positioning"", ""team turns""], ""readableRule"": ""Legacy schema label says Deity, current fiction label says Deity: exactly one playable god or goddess is controlled in standard battle."", ""playerControlledAvatars"": 1}","{""enabled"": true, ""homeFactionId"": ""MG-FACTION-005"", ""homeFactionName"": ""Tuatha"", ""eligiblePoolIds"": [""MG-CROSS-RUN-IN-001"", ""MG-CROSS-RUN-IN-002"", ""MG-CROSS-RUN-IN-003"", ""MG-CROSS-RUN-IN-004"", ""MG-CROSS-RUN-IN-006"", ""MG-CROSS-RUN-IN-007""], ""recommendedPoolIds"": [""MG-CROSS-RUN-IN-001"", ""MG-CROSS-RUN-IN-002""], ""rule"": ""Run-ins must have a lore-valid reason: border conflict, Gate pressure, pursuit, oath, contract, trial, defense, corruption response, or event escalation. Never generic faction mixing."", ""oneAvatarVsManyUse"": ""Run-ins add enemy role pressure around the lone Avatar without creating ally units or squad play.""}","{""sourceFactionId"": ""MG-FACTION-005"", ""sourceFactionName"": ""Tuatha"", ""sourceRealm"": ""Avalora"", ""sourceCultureRule"": ""source culture humans later copied as Celtic and Irish fae myth"", ""preserve"": [""established faction identity"", ""Mythos Gates mythology"", ""Gates and Codex systems"", ""one player-controlled Avatar combat"", ""mobile UE5 zone structure""], ""forbid"": [""replacement factions"", ""generic corridor dungeon conversion"", ""PC-first combat assumptions"", ""generic monster filler"", ""lore rewrites""]}"
"MG-F05-E-C03-M10","Elite: Remember the Tír na nÓg Mirror Meadow: Elite Lock","MG-FACTION-005","","1","1","MG-MAP-005","{""loop"": [""Explore"", ""Encounter"", ""1 Deity vs. Multiple Enemies"", ""Victory"", ""Rewards"", ""Upgrade Deity"", ""Explore Further""], ""forbidden"": [""squad combat"", ""team formations"", ""multiple player-controlled Avatars"", ""ally positioning"", ""team turns""], ""readableRule"": ""Legacy schema label says Deity, current fiction label says Deity: exactly one playable god or goddess is controlled in standard battle."", ""playerControlledAvatars"": 1}","{""enabled"": true, ""homeFactionId"": ""MG-FACTION-005"", ""homeFactionName"": ""Tuatha"", ""eligiblePoolIds"": [""MG-CROSS-RUN-IN-001"", ""MG-CROSS-RUN-IN-002"", ""MG-CROSS-RUN-IN-003"", ""MG-CROSS-RUN-IN-004"", ""MG-CROSS-RUN-IN-006"", ""MG-CROSS-RUN-IN-007""], ""recommendedPoolIds"": [""MG-CROSS-RUN-IN-002"", ""MG-CROSS-RUN-IN-003""], ""rule"": ""Run-ins must have a lore-valid reason: border conflict, Gate pressure, pursuit, oath, contract, trial, defense, corruption response, or event escalation. Never generic faction mixing."", ""oneAvatarVsManyUse"": ""Run-ins add enemy role pressure around the lone Avatar without creating ally units or squad play.""}","{""sourceFactionId"": ""MG-FACTION-005"", ""sourceFactionName"": ""Tuatha"", ""sourceRealm"": ""Avalora"", ""sourceCultureRule"": ""source culture humans later copied as Celtic and Irish fae myth"", ""preserve"": [""established faction identity"", ""Mythos Gates mythology"", ""Gates and Codex systems"", ""one player-controlled Avatar combat"", ""mobile UE5 zone structure""], ""forbid"": [""replacement factions"", ""generic corridor dungeon conversion"", ""PC-first combat assumptions"", ""generic monster filler"", ""lore rewrites""]}"
"MG-F05-E-C03-M11","Elite: Bleed the Tír na nÓg Mirror Meadow: Warden Duel","MG-FACTION-005","","1","1","MG-MAP-005","{""loop"": [""Explore"", ""Encounter"", ""1 Deity vs. Multiple Enemies"", ""Victory"", ""Rewards"", ""Upgrade Deity"", ""Explore Further""], ""forbidden"": [""squad combat"", ""team formations"", ""multiple player-controlled Avatars"", ""ally positioning"", ""team turns""], ""readableRule"": ""Legacy schema label says Deity, current fiction label says Deity: exactly one playable god or goddess is controlled in standard battle."", ""playerControlledAvatars"": 1}","{""enabled"": true, ""homeFactionId"": ""MG-FACTION-005"", ""homeFactionName"": ""Tuatha"", ""eligiblePoolIds"": [""MG-CROSS-RUN-IN-001"", ""MG-CROSS-RUN-IN-002"", ""MG-CROSS-RUN-IN-003"", ""MG-CROSS-RUN-IN-004"", ""MG-CROSS-RUN-IN-006"", ""MG-CROSS-RUN-IN-007""], ""recommendedPoolIds"": [""MG-CROSS-RUN-IN-003"", ""MG-CROSS-RUN-IN-004""], ""rule"": ""Run-ins must have a lore-valid reason: border conflict, Gate pressure, pursuit, oath, contract, trial, defense, corruption response, or event escalation. Never generic faction mixing."", ""oneAvatarVsManyUse"": ""Run-ins add enemy role pressure around the lone Avatar without creating ally units or squad play.""}","{""sourceFactionId"": ""MG-FACTION-005"", ""sourceFactionName"": ""Tuatha"", ""sourceRealm"": ""Avalora"", ""sourceCultureRule"": ""source culture humans later copied as Celtic and Irish fae myth"", ""preserve"": [""established faction identity"", ""Mythos Gates mythology"", ""Gates and Codex systems"", ""one player-controlled Avatar combat"", ""mobile UE5 zone structure""], ""forbid"": [""replacement factions"", ""generic corridor dungeon conversion"", ""PC-first combat assumptions"", ""generic monster filler"", ""lore rewrites""]}"
"MG-F05-E-C03-M12","Elite: Claim the Cauldron Memory Grove: Lore Price","MG-FACTION-005","","1","1","MG-MAP-005","{""loop"": [""Explore"", ""Encounter"", ""1 Deity vs. Multiple Enemies"", ""Victory"", ""Rewards"", ""Upgrade Deity"", ""Explore Further""], ""forbidden"": [""squad combat"", ""team formations"", ""multiple player-controlled Avatars"", ""ally positioning"", ""team turns""], ""readableRule"": ""Legacy schema label says Deity, current fiction label says Deity: exactly one playable god or goddess is controlled in standard battle."", ""playerControlledAvatars"": 1}","{""enabled"": true, ""homeFactionId"": ""MG-FACTION-005"", ""homeFactionName"": ""Tuatha"", ""eligiblePoolIds"": [""MG-CROSS-RUN-IN-001"", ""MG-CROSS-RUN-IN-002"", ""MG-CROSS-RUN-IN-003"", ""MG-CROSS-RUN-IN-004"", ""MG-CROSS-RUN-IN-006"", ""MG-CROSS-RUN-IN-007""], ""recommendedPoolIds"": [""MG-CROSS-RUN-IN-004"", ""MG-CROSS-RUN-IN-006""], ""rule"": ""Run-ins must have a lore-valid reason: border conflict, Gate pressure, pursuit, oath, contract, trial, defense, corruption response, or event escalation. Never generic faction mixing."", ""oneAvatarVsManyUse"": ""Run-ins add enemy role pressure around the lone Avatar without creating ally units or squad play.""}","{""sourceFactionId"": ""MG-FACTION-005"", ""sourceFactionName"": ""Tuatha"", ""sourceRealm"": ""Avalora"", ""sourceCultureRule"": ""source culture humans later copied as Celtic and Irish fae myth"", ""preserve"": [""established faction identity"", ""Mythos Gates mythology"", ""Gates and Codex systems"", ""one player-controlled Avatar combat"", ""mobile UE5 zone structure""], ""forbid"": [""replacement factions"", ""generic corridor dungeon conversion"", ""PC-first combat assumptions"", ""generic monster filler"", ""lore rewrites""]}"
"MG-F05-E-C04-M13","Elite: Promise the Cauldron Memory Grove: Relic Detour","MG-FACTION-005","","1","1","MG-MAP-005","{""loop"": [""Explore"", ""Encounter"", ""1 Deity vs. Multiple Enemies"", ""Victory"", ""Rewards"", ""Upgrade Deity"", ""Explore Further""], ""forbidden"": [""squad combat"", ""team formations"", ""multiple player-controlled Avatars"", ""ally positioning"", ""team turns""], ""readableRule"": ""Legacy schema label says Deity, current fiction label says Deity: exactly one playable god or goddess is controlled in standard battle."", ""playerControlledAvatars"": 1}","{""enabled"": true, ""homeFactionId"": ""MG-FACTION-005"", ""homeFactionName"": ""Tuatha"", ""eligiblePoolIds"": [""MG-CROSS-RUN-IN-001"", ""MG-CROSS-RUN-IN-002"", ""MG-CROSS-RUN-IN-003"", ""MG-CROSS-RUN-IN-004"", ""MG-CROSS-RUN-IN-006"", ""MG-CROSS-RUN-IN-007""], ""recommendedPoolIds"": [""MG-CROSS-RUN-IN-007"", ""MG-CROSS-RUN-IN-001""], ""rule"": ""Run-ins must have a lore-valid reason: border conflict, Gate pressure, pursuit, oath, contract, trial, defense, corruption response, or event escalation. Never generic faction mixing."", ""oneAvatarVsManyUse"": ""Run-ins add enemy role pressure around the lone Avatar without creating ally units or squad play.""}","{""sourceFactionId"": ""MG-FACTION-005"", ""sourceFactionName"": ""Tuatha"", ""sourceRealm"": ""Avalora"", ""sourceCultureRule"": ""source culture humans later copied as Celtic and Irish fae myth"", ""preserve"": [""established faction identity"", ""Mythos Gates mythology"", ""Gates and Codex systems"", ""one player-controlled Avatar combat"", ""mobile UE5 zone structure""], ""forbid"": [""replacement factions"", ""generic corridor dungeon conversion"", ""PC-first combat assumptions"", ""generic monster filler"", ""lore rewrites""]}"
"MG-F05-E-C04-M14","Elite: Remember the Cauldron Memory Grove: Hidden Cache","MG-FACTION-005","","1","1","MG-MAP-005","{""loop"": [""Explore"", ""Encounter"", ""1 Deity vs. Multiple Enemies"", ""Victory"", ""Rewards"", ""Upgrade Deity"", ""Explore Further""], ""forbidden"": [""squad combat"", ""team formations"", ""multiple player-controlled Avatars"", ""ally positioning"", ""team turns""], ""readableRule"": ""Legacy schema label says Deity, current fiction label says Deity: exactly one playable god or goddess is controlled in standard battle."", ""playerControlledAvatars"": 1}","{""enabled"": true, ""homeFactionId"": ""MG-FACTION-005"", ""homeFactionName"": ""Tuatha"", ""eligiblePoolIds"": [""MG-CROSS-RUN-IN-001"", ""MG-CROSS-RUN-IN-002"", ""MG-CROSS-RUN-IN-003"", ""MG-CROSS-RUN-IN-004"", ""MG-CROSS-RUN-IN-006"", ""MG-CROSS-RUN-IN-007""], ""recommendedPoolIds"": [""MG-CROSS-RUN-IN-001"", ""MG-CROSS-RUN-IN-002""], ""rule"": ""Run-ins must have a lore-valid reason: border conflict, Gate pressure, pursuit, oath, contract, trial, defense, corruption response, or event escalation. Never generic faction mixing."", ""oneAvatarVsManyUse"": ""Run-ins add enemy role pressure around the lone Avatar without creating ally units or squad play.""}","{""sourceFactionId"": ""MG-FACTION-005"", ""sourceFactionName"": ""Tuatha"", ""sourceRealm"": ""Avalora"", ""sourceCultureRule"": ""source culture humans later copied as Celtic and Irish fae myth"", ""preserve"": [""established faction identity"", ""Mythos Gates mythology"", ""Gates and Codex systems"", ""one player-controlled Avatar combat"", ""mobile UE5 zone structure""], ""forbid"": [""replacement factions"", ""generic corridor dungeon conversion"", ""PC-first combat assumptions"", ""generic monster filler"", ""lore rewrites""]}"
"MG-F05-E-C04-M15","Elite: Bleed the Morrigan Crow Battlefield: Boss Threshold","MG-FACTION-005","","1","1","MG-MAP-005","{""loop"": [""Explore"", ""Encounter"", ""1 Deity vs. Multiple Enemies"", ""Victory"", ""Rewards"", ""Upgrade Deity"", ""Explore Further""], ""forbidden"": [""squad combat"", ""team formations"", ""multiple player-controlled Avatars"", ""ally positioning"", ""team turns""], ""readableRule"": ""Legacy schema label says Deity, current fiction label says Deity: exactly one playable god or goddess is controlled in standard battle."", ""playerControlledAvatars"": 1}","{""enabled"": true, ""homeFactionId"": ""MG-FACTION-005"", ""homeFactionName"": ""Tuatha"", ""eligiblePoolIds"": [""MG-CROSS-RUN-IN-001"", ""MG-CROSS-RUN-IN-002"", ""MG-CROSS-RUN-IN-003"", ""MG-CROSS-RUN-IN-004"", ""MG-CROSS-RUN-IN-006"", ""MG-CROSS-RUN-IN-007""], ""recommendedPoolIds"": [""MG-CROSS-RUN-IN-002"", ""MG-CROSS-RUN-IN-003""], ""rule"": ""Run-ins must have a lore-valid reason: border conflict, Gate pressure, pursuit, oath, contract, trial, defense, corruption response, or event escalation. Never generic faction mixing."", ""oneAvatarVsManyUse"": ""Run-ins add enemy role pressure around the lone Avatar without creating ally units or squad play.""}","{""sourceFactionId"": ""MG-FACTION-005"", ""sourceFactionName"": ""Tuatha"", ""sourceRealm"": ""Avalora"", ""sourceCultureRule"": ""source culture humans later copied as Celtic and Irish fae myth"", ""preserve"": [""established faction identity"", ""Mythos Gates mythology"", ""Gates and Codex systems"", ""one player-controlled Avatar combat"", ""mobile UE5 zone structure""], ""forbid"": [""replacement factions"", ""generic corridor dungeon conversion"", ""PC-first combat assumptions"", ""generic monster filler"", ""lore rewrites""]}"
"MG-F05-E-C04-M16","Elite: Claim the Morrigan Crow Battlefield: Final Approach","MG-FACTION-005","","1","1","MG-MAP-005","{""loop"": [""Explore"", ""Encounter"", ""1 Deity vs. Multiple Enemies"", ""Victory"", ""Rewards"", ""Upgrade Deity"", ""Explore Further""], ""forbidden"": [""squad combat"", ""team formations"", ""multiple player-controlled Avatars"", ""ally positioning"", ""team turns""], ""readableRule"": ""Legacy schema label says Deity, current fiction label says Deity: exactly one playable god or goddess is controlled in standard battle."", ""playerControlledAvatars"": 1}","{""enabled"": true, ""homeFactionId"": ""MG-FACTION-005"", ""homeFactionName"": ""Tuatha"", ""eligiblePoolIds"": [""MG-CROSS-RUN-IN-001"", ""MG-CROSS-RUN-IN-002"", ""MG-CROSS-RUN-IN-003"", ""MG-CROSS-RUN-IN-004"", ""MG-CROSS-RUN-IN-006"", ""MG-CROSS-RUN-IN-007""], ""recommendedPoolIds"": [""MG-CROSS-RUN-IN-003"", ""MG-CROSS-RUN-IN-004""], ""rule"": ""Run-ins must have a lore-valid reason: border conflict, Gate pressure, pursuit, oath, contract, trial, defense, corruption response, or event escalation. Never generic faction mixing."", ""oneAvatarVsManyUse"": ""Run-ins add enemy role pressure around the lone Avatar without creating ally units or squad play.""}","{""sourceFactionId"": ""MG-FACTION-005"", ""sourceFactionName"": ""Tuatha"", ""sourceRealm"": ""Avalora"", ""sourceCultureRule"": ""source culture humans later copied as Celtic and Irish fae myth"", ""preserve"": [""established faction identity"", ""Mythos Gates mythology"", ""Gates and Codex systems"", ""one player-controlled Avatar combat"", ""mobile UE5 zone structure""], ""forbid"": [""replacement factions"", ""generic corridor dungeon conversion"", ""PC-first combat assumptions"", ""generic monster filler"", ""lore rewrites""]}"
"MG-F05-E-C05-M17","Elite: Promise the Morrigan Crow Battlefield: Antechamber Seal","MG-FACTION-005","","1","1","MG-MAP-005","{""loop"": [""Explore"", ""Encounter"", ""1 Deity vs. Multiple Enemies"", ""Victory"", ""Rewards"", ""Upgrade Deity"", ""Explore Further""], ""forbidden"": [""squad combat"", ""team formations"", ""multiple player-controlled Avatars"", ""ally positioning"", ""team turns""], ""readableRule"": ""Legacy schema label says Deity, current fiction label says Deity: exactly one playable god or goddess is controlled in standard battle."", ""playerControlledAvatars"": 1}","{""enabled"": true, ""homeFactionId"": ""MG-FACTION-005"", ""homeFactionName"": ""Tuatha"", ""eligiblePoolIds"": [""MG-CROSS-RUN-IN-001"", ""MG-CROSS-RUN-IN-002"", ""MG-CROSS-RUN-IN-003"", ""MG-CROSS-RUN-IN-004"", ""MG-CROSS-RUN-IN-006"", ""MG-CROSS-RUN-IN-007""], ""recommendedPoolIds"": [""MG-CROSS-RUN-IN-006"", ""MG-CROSS-RUN-IN-007""], ""rule"": ""Run-ins must have a lore-valid reason: border conflict, Gate pressure, pursuit, oath, contract, trial, defense, corruption response, or event escalation. Never generic faction mixing."", ""oneAvatarVsManyUse"": ""Run-ins add enemy role pressure around the lone Avatar without creating ally units or squad play.""}","{""sourceFactionId"": ""MG-FACTION-005"", ""sourceFactionName"": ""Tuatha"", ""sourceRealm"": ""Avalora"", ""sourceCultureRule"": ""source culture humans later copied as Celtic and Irish fae myth"", ""preserve"": [""established faction identity"", ""Mythos Gates mythology"", ""Gates and Codex systems"", ""one player-controlled Avatar combat"", ""mobile UE5 zone structure""], ""forbid"": [""replacement factions"", ""generic corridor dungeon conversion"", ""PC-first combat assumptions"", ""generic monster filler"", ""lore rewrites""]}"
"MG-F05-E-C05-M18","Elite: Remember the Crow-Crowned Boss Mound: Ascension Seal","MG-FACTION-005","","1","1","MG-MAP-005","{""loop"": [""Explore"", ""Encounter"", ""1 Deity vs. Multiple Enemies"", ""Victory"", ""Rewards"", ""Upgrade Deity"", ""Explore Further""], ""forbidden"": [""squad combat"", ""team formations"", ""multiple player-controlled Avatars"", ""ally positioning"", ""team turns""], ""readableRule"": ""Legacy schema label says Deity, current fiction label says Deity: exactly one playable god or goddess is controlled in standard battle."", ""playerControlledAvatars"": 1}","{""enabled"": true, ""homeFactionId"": ""MG-FACTION-005"", ""homeFactionName"": ""Tuatha"", ""eligiblePoolIds"": [""MG-CROSS-RUN-IN-001"", ""MG-CROSS-RUN-IN-002"", ""MG-CROSS-RUN-IN-003"", ""MG-CROSS-RUN-IN-004"", ""MG-CROSS-RUN-IN-006"", ""MG-CROSS-RUN-IN-007""], ""recommendedPoolIds"": [""MG-CROSS-RUN-IN-007"", ""MG-CROSS-RUN-IN-001""], ""rule"": ""Run-ins must have a lore-valid reason: border conflict, Gate pressure, pursuit, oath, contract, trial, defense, corruption response, or event escalation. Never generic faction mixing."", ""oneAvatarVsManyUse"": ""Run-ins add enemy role pressure around the lone Avatar without creating ally units or squad play.""}","{""sourceFactionId"": ""MG-FACTION-005"", ""sourceFactionName"": ""Tuatha"", ""sourceRealm"": ""Avalora"", ""sourceCultureRule"": ""source culture humans later copied as Celtic and Irish fae myth"", ""preserve"": [""established faction identity"", ""Mythos Gates mythology"", ""Gates and Codex systems"", ""one player-controlled Avatar combat"", ""mobile UE5 zone structure""], ""forbid"": [""replacement factions"", ""generic corridor dungeon conversion"", ""PC-first combat assumptions"", ""generic monster filler"", ""lore rewrites""]}"
"MG-F05-E-C05-M19","Elite: Bleed the Crow-Crowned Boss Mound: Boss Chamber","MG-FACTION-005","","1","1","MG-MAP-005","{""loop"": [""Explore"", ""Encounter"", ""1 Deity vs. Multiple Enemies"", ""Victory"", ""Rewards"", ""Upgrade Deity"", ""Explore Further""], ""forbidden"": [""squad combat"", ""team formations"", ""multiple player-controlled Avatars"", ""ally positioning"", ""team turns""], ""readableRule"": ""Legacy schema label says Deity, current fiction label says Deity: exactly one playable god or goddess is controlled in standard battle."", ""playerControlledAvatars"": 1}","{""enabled"": true, ""homeFactionId"": ""MG-FACTION-005"", ""homeFactionName"": ""Tuatha"", ""eligiblePoolIds"": [""MG-CROSS-RUN-IN-001"", ""MG-CROSS-RUN-IN-002"", ""MG-CROSS-RUN-IN-003"", ""MG-CROSS-RUN-IN-004"", ""MG-CROSS-RUN-IN-006"", ""MG-CROSS-RUN-IN-007""], ""recommendedPoolIds"": [""MG-CROSS-RUN-IN-001"", ""MG-CROSS-RUN-IN-002""], ""rule"": ""Run-ins must have a lore-valid reason: border conflict, Gate pressure, pursuit, oath, contract, trial, defense, corruption response, or event escalation. Never generic faction mixing."", ""oneAvatarVsManyUse"": ""Run-ins add enemy role pressure around the lone Avatar without creating ally units or squad play.""}","{""sourceFactionId"": ""MG-FACTION-005"", ""sourceFactionName"": ""Tuatha"", ""sourceRealm"": ""Avalora"", ""sourceCultureRule"": ""source culture humans later copied as Celtic and Irish fae myth"", ""preserve"": [""established faction identity"", ""Mythos Gates mythology"", ""Gates and Codex systems"", ""one player-controlled Avatar combat"", ""mobile UE5 zone structure""], ""forbid"": [""replacement factions"", ""generic corridor dungeon conversion"", ""PC-first combat assumptions"", ""generic monster filler"", ""lore rewrites""]}"
"MG-F05-E-C05-M20","Elite: Claim the Crow-Crowned Boss Mound: Gate Verdict","MG-FACTION-005","","1","1","MG-MAP-005","{""loop"": [""Explore"", ""Encounter"", ""1 Deity vs. Multiple Enemies"", ""Victory"", ""Rewards"", ""Upgrade Deity"", ""Explore Further""], ""forbidden"": [""squad combat"", ""team formations"", ""multiple player-controlled Avatars"", ""ally positioning"", ""team turns""], ""readableRule"": ""Legacy schema label says Deity, current fiction label says Deity: exactly one playable god or goddess is controlled in standard battle."", ""playerControlledAvatars"": 1}","{""enabled"": true, ""homeFactionId"": ""MG-FACTION-005"", ""homeFactionName"": ""Tuatha"", ""eligiblePoolIds"": [""MG-CROSS-RUN-IN-001"", ""MG-CROSS-RUN-IN-002"", ""MG-CROSS-RUN-IN-003"", ""MG-CROSS-RUN-IN-004"", ""MG-CROSS-RUN-IN-006"", ""MG-CROSS-RUN-IN-007""], ""recommendedPoolIds"": [""MG-CROSS-RUN-IN-002"", ""MG-CROSS-RUN-IN-003""], ""rule"": ""Run-ins must have a lore-valid reason: border conflict, Gate pressure, pursuit, oath, contract, trial, defense, corruption response, or event escalation. Never generic faction mixing."", ""oneAvatarVsManyUse"": ""Run-ins add enemy role pressure around the lone Avatar without creating ally units or squad play.""}","{""sourceFactionId"": ""MG-FACTION-005"", ""sourceFactionName"": ""Tuatha"", ""sourceRealm"": ""Avalora"", ""sourceCultureRule"": ""source culture humans later copied as Celtic and Irish fae myth"", ""preserve"": [""established faction identity"", ""Mythos Gates mythology"", ""Gates and Codex systems"", ""one player-controlled Avatar combat"", ""mobile UE5 zone structure""], ""forbid"": [""replacement factions"", ""generic corridor dungeon conversion"", ""PC-first combat assumptions"", ""generic monster filler"", ""lore rewrites""]}"
"MG-F06-C01-M01","Answer the Choir Vault Threshold: First Crossing","MG-FACTION-006","","1","1","MG-MAP-011","{""loop"": [""Explore"", ""Encounter"", ""1 Deity vs. Multiple Enemies"", ""Victory"", ""Rewards"", ""Upgrade Deity"", ""Explore Further""], ""forbidden"": [""squad combat"", ""team formations"", ""multiple player-controlled Avatars"", ""ally positioning"", ""team turns""], ""readableRule"": ""Legacy schema label says Deity, current fiction label says Deity: exactly one playable god or goddess is controlled in standard battle."", ""playerControlledAvatars"": 1}","{""enabled"": true, ""homeFactionId"": ""MG-FACTION-006"", ""homeFactionName"": ""Empyrean"", ""eligiblePoolIds"": [""MG-CROSS-RUN-IN-001"", ""MG-CROSS-RUN-IN-002"", ""MG-CROSS-RUN-IN-003"", ""MG-CROSS-RUN-IN-004"", ""MG-CROSS-RUN-IN-005"", ""MG-CROSS-RUN-IN-007""], ""recommendedPoolIds"": [""MG-CROSS-RUN-IN-003"", ""MG-CROSS-RUN-IN-004""], ""rule"": ""Run-ins must have a lore-valid reason: border conflict, Gate pressure, pursuit, oath, contract, trial, defense, corruption response, or event escalation. Never generic faction mixing."", ""oneAvatarVsManyUse"": ""Run-ins add enemy role pressure around the lone Avatar without creating ally units or squad play.""}","{""sourceFactionId"": ""MG-FACTION-006"", ""sourceFactionName"": ""Empyrean"", ""sourceRealm"": ""The Radiant Hierarchies"", ""sourceCultureRule"": ""source culture humans later copied as angelic and heavenly lore"", ""preserve"": [""established faction identity"", ""Mythos Gates mythology"", ""Gates and Codex systems"", ""one player-controlled Avatar combat"", ""mobile UE5 zone structure""], ""forbid"": [""replacement factions"", ""generic corridor dungeon conversion"", ""PC-first combat assumptions"", ""generic monster filler"", ""lore rewrites""]}"
"MG-F06-C01-M02","Ascend the Choir Vault Threshold: Name at the Gate","MG-FACTION-006","","1","1","MG-MAP-012","{""loop"": [""Explore"", ""Encounter"", ""1 Deity vs. Multiple Enemies"", ""Victory"", ""Rewards"", ""Upgrade Deity"", ""Explore Further""], ""forbidden"": [""squad combat"", ""team formations"", ""multiple player-controlled Avatars"", ""ally positioning"", ""team turns""], ""readableRule"": ""Legacy schema label says Deity, current fiction label says Deity: exactly one playable god or goddess is controlled in standard battle."", ""playerControlledAvatars"": 1}","{""enabled"": true, ""homeFactionId"": ""MG-FACTION-006"", ""homeFactionName"": ""Empyrean"", ""eligiblePoolIds"": [""MG-CROSS-RUN-IN-001"", ""MG-CROSS-RUN-IN-002"", ""MG-CROSS-RUN-IN-003"", ""MG-CROSS-RUN-IN-004"", ""MG-CROSS-RUN-IN-005"", ""MG-CROSS-RUN-IN-007""], ""recommendedPoolIds"": [""MG-CROSS-RUN-IN-004"", ""MG-CROSS-RUN-IN-005""], ""rule"": ""Run-ins must have a lore-valid reason: border conflict, Gate pressure, pursuit, oath, contract, trial, defense, corruption response, or event escalation. Never generic faction mixing."", ""oneAvatarVsManyUse"": ""Run-ins add enemy role pressure around the lone Avatar without creating ally units or squad play.""}","{""sourceFactionId"": ""MG-FACTION-006"", ""sourceFactionName"": ""Empyrean"", ""sourceRealm"": ""The Radiant Hierarchies"", ""sourceCultureRule"": ""source culture humans later copied as angelic and heavenly lore"", ""preserve"": [""established faction identity"", ""Mythos Gates mythology"", ""Gates and Codex systems"", ""one player-controlled Avatar combat"", ""mobile UE5 zone structure""], ""forbid"": [""replacement factions"", ""generic corridor dungeon conversion"", ""PC-first combat assumptions"", ""generic monster filler"", ""lore rewrites""]}"
"MG-F06-C01-M03","Resonate the Bell-Metal Resonance Steps: Forward Claim","MG-FACTION-006","","1","1","MG-MAP-011","{""loop"": [""Explore"", ""Encounter"", ""1 Deity vs. Multiple Enemies"", ""Victory"", ""Rewards"", ""Upgrade Deity"", ""Explore Further""], ""forbidden"": [""squad combat"", ""team formations"", ""multiple player-controlled Avatars"", ""ally positioning"", ""team turns""], ""readableRule"": ""Legacy schema label says Deity, current fiction label says Deity: exactly one playable god or goddess is controlled in standard battle."", ""playerControlledAvatars"": 1}","{""enabled"": true, ""homeFactionId"": ""MG-FACTION-006"", ""homeFactionName"": ""Empyrean"", ""eligiblePoolIds"": [""MG-CROSS-RUN-IN-001"", ""MG-CROSS-RUN-IN-002"", ""MG-CROSS-RUN-IN-003"", ""MG-CROSS-RUN-IN-004"", ""MG-CROSS-RUN-IN-005"", ""MG-CROSS-RUN-IN-007""], ""recommendedPoolIds"": [""MG-CROSS-RUN-IN-005"", ""MG-CROSS-RUN-IN-007""], ""rule"": ""Run-ins must have a lore-valid reason: border conflict, Gate pressure, pursuit, oath, contract, trial, defense, corruption response, or event escalation. Never generic faction mixing."", ""oneAvatarVsManyUse"": ""Run-ins add enemy role pressure around the lone Avatar without creating ally units or squad play.""}","{""sourceFactionId"": ""MG-FACTION-006"", ""sourceFactionName"": ""Empyrean"", ""sourceRealm"": ""The Radiant Hierarchies"", ""sourceCultureRule"": ""source culture humans later copied as angelic and heavenly lore"", ""preserve"": [""established faction identity"", ""Mythos Gates mythology"", ""Gates and Codex systems"", ""one player-controlled Avatar combat"", ""mobile UE5 zone structure""], ""forbid"": [""replacement factions"", ""generic corridor dungeon conversion"", ""PC-first combat assumptions"", ""generic monster filler"", ""lore rewrites""]}"
"MG-F06-C01-M04","Absolve the Bell-Metal Resonance Steps: Outer Line","MG-FACTION-006","","1","1","MG-MAP-012","{""loop"": [""Explore"", ""Encounter"", ""1 Deity vs. Multiple Enemies"", ""Victory"", ""Rewards"", ""Upgrade Deity"", ""Explore Further""], ""forbidden"": [""squad combat"", ""team formations"", ""multiple player-controlled Avatars"", ""ally positioning"", ""team turns""], ""readableRule"": ""Legacy schema label says Deity, current fiction label says Deity: exactly one playable god or goddess is controlled in standard battle."", ""playerControlledAvatars"": 1}","{""enabled"": true, ""homeFactionId"": ""MG-FACTION-006"", ""homeFactionName"": ""Empyrean"", ""eligiblePoolIds"": [""MG-CROSS-RUN-IN-001"", ""MG-CROSS-RUN-IN-002"", ""MG-CROSS-RUN-IN-003"", ""MG-CROSS-RUN-IN-004"", ""MG-CROSS-RUN-IN-005"", ""MG-CROSS-RUN-IN-007""], ""recommendedPoolIds"": [""MG-CROSS-RUN-IN-007"", ""MG-CROSS-RUN-IN-001""], ""rule"": ""Run-ins must have a lore-valid reason: border conflict, Gate pressure, pursuit, oath, contract, trial, defense, corruption response, or event escalation. Never generic faction mixing."", ""oneAvatarVsManyUse"": ""Run-ins add enemy role pressure around the lone Avatar without creating ally units or squad play.""}","{""sourceFactionId"": ""MG-FACTION-006"", ""sourceFactionName"": ""Empyrean"", ""sourceRealm"": ""The Radiant Hierarchies"", ""sourceCultureRule"": ""source culture humans later copied as angelic and heavenly lore"", ""preserve"": [""established faction identity"", ""Mythos Gates mythology"", ""Gates and Codex systems"", ""one player-controlled Avatar combat"", ""mobile UE5 zone structure""], ""forbid"": [""replacement factions"", ""generic corridor dungeon conversion"", ""PC-first combat assumptions"", ""generic monster filler"", ""lore rewrites""]}"
"MG-F06-C02-M05","Answer the Bell-Metal Resonance Steps: Pressure Break","MG-FACTION-006","","1","1","MG-MAP-012","{""loop"": [""Explore"", ""Encounter"", ""1 Deity vs. Multiple Enemies"", ""Victory"", ""Rewards"", ""Upgrade Deity"", ""Explore Further""], ""forbidden"": [""squad combat"", ""team formations"", ""multiple player-controlled Avatars"", ""ally positioning"", ""team turns""], ""readableRule"": ""Legacy schema label says Deity, current fiction label says Deity: exactly one playable god or goddess is controlled in standard battle."", ""playerControlledAvatars"": 1}","{""enabled"": true, ""homeFactionId"": ""MG-FACTION-006"", ""homeFactionName"": ""Empyrean"", ""eligiblePoolIds"": [""MG-CROSS-RUN-IN-001"", ""MG-CROSS-RUN-IN-002"", ""MG-CROSS-RUN-IN-003"", ""MG-CROSS-RUN-IN-004"", ""MG-CROSS-RUN-IN-005"", ""MG-CROSS-RUN-IN-007""], ""recommendedPoolIds"": [""MG-CROSS-RUN-IN-002"", ""MG-CROSS-RUN-IN-003""], ""rule"": ""Run-ins must have a lore-valid reason: border conflict, Gate pressure, pursuit, oath, contract, trial, defense, corruption response, or event escalation. Never generic faction mixing."", ""oneAvatarVsManyUse"": ""Run-ins add enemy role pressure around the lone Avatar without creating ally units or squad play.""}","{""sourceFactionId"": ""MG-FACTION-006"", ""sourceFactionName"": ""Empyrean"", ""sourceRealm"": ""The Radiant Hierarchies"", ""sourceCultureRule"": ""source culture humans later copied as angelic and heavenly lore"", ""preserve"": [""established faction identity"", ""Mythos Gates mythology"", ""Gates and Codex systems"", ""one player-controlled Avatar combat"", ""mobile UE5 zone structure""], ""forbid"": [""replacement factions"", ""generic corridor dungeon conversion"", ""PC-first combat assumptions"", ""generic monster filler"", ""lore rewrites""]}"
"MG-F06-C02-M06","Ascend the Cherub Threshold Bastion: Trial Mechanism","MG-FACTION-006","","1","1","MG-MAP-011","{""loop"": [""Explore"", ""Encounter"", ""1 Deity vs. Multiple Enemies"", ""Victory"", ""Rewards"", ""Upgrade Deity"", ""Explore Further""], ""forbidden"": [""squad combat"", ""team formations"", ""multiple player-controlled Avatars"", ""ally positioning"", ""team turns""], ""readableRule"": ""Legacy schema label says Deity, current fiction label says Deity: exactly one playable god or goddess is controlled in standard battle."", ""playerControlledAvatars"": 1}","{""enabled"": true, ""homeFactionId"": ""MG-FACTION-006"", ""homeFactionName"": ""Empyrean"", ""eligiblePoolIds"": [""MG-CROSS-RUN-IN-001"", ""MG-CROSS-RUN-IN-002"", ""MG-CROSS-RUN-IN-003"", ""MG-CROSS-RUN-IN-004"", ""MG-CROSS-RUN-IN-005"", ""MG-CROSS-RUN-IN-007""], ""recommendedPoolIds"": [""MG-CROSS-RUN-IN-003"", ""MG-CROSS-RUN-IN-004""], ""rule"": ""Run-ins must have a lore-valid reason: border conflict, Gate pressure, pursuit, oath, contract, trial, defense, corruption response, or event escalation. Never generic faction mixing."", ""oneAvatarVsManyUse"": ""Run-ins add enemy role pressure around the lone Avatar without creating ally units or squad play.""}","{""sourceFactionId"": ""MG-FACTION-006"", ""sourceFactionName"": ""Empyrean"", ""sourceRealm"": ""The Radiant Hierarchies"", ""sourceCultureRule"": ""source culture humans later copied as angelic and heavenly lore"", ""preserve"": [""established faction identity"", ""Mythos Gates mythology"", ""Gates and Codex systems"", ""one player-controlled Avatar combat"", ""mobile UE5 zone structure""], ""forbid"": [""replacement factions"", ""generic corridor dungeon conversion"", ""PC-first combat assumptions"", ""generic monster filler"", ""lore rewrites""]}"
"MG-F06-C02-M07","Resonate the Cherub Threshold Bastion: Hazard Reading","MG-FACTION-006","","1","1","MG-MAP-012","{""loop"": [""Explore"", ""Encounter"", ""1 Deity vs. Multiple Enemies"", ""Victory"", ""Rewards"", ""Upgrade Deity"", ""Explore Further""], ""forbidden"": [""squad combat"", ""team formations"", ""multiple player-controlled Avatars"", ""ally positioning"", ""team turns""], ""readableRule"": ""Legacy schema label says Deity, current fiction label says Deity: exactly one playable god or goddess is controlled in standard battle."", ""playerControlledAvatars"": 1}","{""enabled"": true, ""homeFactionId"": ""MG-FACTION-006"", ""homeFactionName"": ""Empyrean"", ""eligiblePoolIds"": [""MG-CROSS-RUN-IN-001"", ""MG-CROSS-RUN-IN-002"", ""MG-CROSS-RUN-IN-003"", ""MG-CROSS-RUN-IN-004"", ""MG-CROSS-RUN-IN-005"", ""MG-CROSS-RUN-IN-007""], ""recommendedPoolIds"": [""MG-CROSS-RUN-IN-004"", ""MG-CROSS-RUN-IN-005""], ""rule"": ""Run-ins must have a lore-valid reason: border conflict, Gate pressure, pursuit, oath, contract, trial, defense, corruption response, or event escalation. Never generic faction mixing."", ""oneAvatarVsManyUse"": ""Run-ins add enemy role pressure around the lone Avatar without creating ally units or squad play.""}","{""sourceFactionId"": ""MG-FACTION-006"", ""sourceFactionName"": ""Empyrean"", ""sourceRealm"": ""The Radiant Hierarchies"", ""sourceCultureRule"": ""source culture humans later copied as angelic and heavenly lore"", ""preserve"": [""established faction identity"", ""Mythos Gates mythology"", ""Gates and Codex systems"", ""one player-controlled Avatar combat"", ""mobile UE5 zone structure""], ""forbid"": [""replacement factions"", ""generic corridor dungeon conversion"", ""PC-first combat assumptions"", ""generic monster filler"", ""lore rewrites""]}"
"MG-F06-C02-M08","Absolve the Cherub Threshold Bastion: Lughching Law","MG-FACTION-006","","1","1","MG-MAP-011","{""loop"": [""Explore"", ""Encounter"", ""1 Deity vs. Multiple Enemies"", ""Victory"", ""Rewards"", ""Upgrade Deity"", ""Explore Further""], ""forbidden"": [""squad combat"", ""team formations"", ""multiple player-controlled Avatars"", ""ally positioning"", ""team turns""], ""readableRule"": ""Legacy schema label says Deity, current fiction label says Deity: exactly one playable god or goddess is controlled in standard battle."", ""playerControlledAvatars"": 1}","{""enabled"": true, ""homeFactionId"": ""MG-FACTION-006"", ""homeFactionName"": ""Empyrean"", ""eligiblePoolIds"": [""MG-CROSS-RUN-IN-001"", ""MG-CROSS-RUN-IN-002"", ""MG-CROSS-RUN-IN-003"", ""MG-CROSS-RUN-IN-004"", ""MG-CROSS-RUN-IN-005"", ""MG-CROSS-RUN-IN-007""], ""recommendedPoolIds"": [""MG-CROSS-RUN-IN-005"", ""MG-CROSS-RUN-IN-007""], ""rule"": ""Run-ins must have a lore-valid reason: border conflict, Gate pressure, pursuit, oath, contract, trial, defense, corruption response, or event escalation. Never generic faction mixing."", ""oneAvatarVsManyUse"": ""Run-ins add enemy role pressure around the lone Avatar without creating ally units or squad play.""}","{""sourceFactionId"": ""MG-FACTION-006"", ""sourceFactionName"": ""Empyrean"", ""sourceRealm"": ""The Radiant Hierarchies"", ""sourceCultureRule"": ""source culture humans later copied as angelic and heavenly lore"", ""preserve"": [""established faction identity"", ""Mythos Gates mythology"", ""Gates and Codex systems"", ""one player-controlled Avatar combat"", ""mobile UE5 zone structure""], ""forbid"": [""replacement factions"", ""generic corridor dungeon conversion"", ""PC-first combat assumptions"", ""generic monster filler"", ""lore rewrites""]}"
"MG-F06-C03-M09","Answer the Ophanim Wheel Court: Key Verdict","MG-FACTION-006","","1","1","MG-MAP-011","{""loop"": [""Explore"", ""Encounter"", ""1 Deity vs. Multiple Enemies"", ""Victory"", ""Rewards"", ""Upgrade Deity"", ""Explore Further""], ""forbidden"": [""squad combat"", ""team formations"", ""multiple player-controlled Avatars"", ""ally positioning"", ""team turns""], ""readableRule"": ""Legacy schema label says Deity, current fiction label says Deity: exactly one playable god or goddess is controlled in standard battle."", ""playerControlledAvatars"": 1}","{""enabled"": true, ""homeFactionId"": ""MG-FACTION-006"", ""homeFactionName"": ""Empyrean"", ""eligiblePoolIds"": [""MG-CROSS-RUN-IN-001"", ""MG-CROSS-RUN-IN-002"", ""MG-CROSS-RUN-IN-003"", ""MG-CROSS-RUN-IN-004"", ""MG-CROSS-RUN-IN-005"", ""MG-CROSS-RUN-IN-007""], ""recommendedPoolIds"": [""MG-CROSS-RUN-IN-001"", ""MG-CROSS-RUN-IN-002""], ""rule"": ""Run-ins must have a lore-valid reason: border conflict, Gate pressure, pursuit, oath, contract, trial, defense, corruption response, or event escalation. Never generic faction mixing."", ""oneAvatarVsManyUse"": ""Run-ins add enemy role pressure around the lone Avatar without creating ally units or squad play.""}","{""sourceFactionId"": ""MG-FACTION-006"", ""sourceFactionName"": ""Empyrean"", ""sourceRealm"": ""The Radiant Hierarchies"", ""sourceCultureRule"": ""source culture humans later copied as angelic and heavenly lore"", ""preserve"": [""established faction identity"", ""Mythos Gates mythology"", ""Gates and Codex systems"", ""one player-controlled Avatar combat"", ""mobile UE5 zone structure""], ""forbid"": [""replacement factions"", ""generic corridor dungeon conversion"", ""PC-first combat assumptions"", ""generic monster filler"", ""lore rewrites""]}"
"MG-F06-C03-M10","Ascend the Ophanim Wheel Court: Elite Lock","MG-FACTION-006","","1","1","MG-MAP-012","{""loop"": [""Explore"", ""Encounter"", ""1 Deity vs. Multiple Enemies"", ""Victory"", ""Rewards"", ""Upgrade Deity"", ""Explore Further""], ""forbidden"": [""squad combat"", ""team formations"", ""multiple player-controlled Avatars"", ""ally positioning"", ""team turns""], ""readableRule"": ""Legacy schema label says Deity, current fiction label says Deity: exactly one playable god or goddess is controlled in standard battle."", ""playerControlledAvatars"": 1}","{""enabled"": true, ""homeFactionId"": ""MG-FACTION-006"", ""homeFactionName"": ""Empyrean"", ""eligiblePoolIds"": [""MG-CROSS-RUN-IN-001"", ""MG-CROSS-RUN-IN-002"", ""MG-CROSS-RUN-IN-003"", ""MG-CROSS-RUN-IN-004"", ""MG-CROSS-RUN-IN-005"", ""MG-CROSS-RUN-IN-007""], ""recommendedPoolIds"": [""MG-CROSS-RUN-IN-002"", ""MG-CROSS-RUN-IN-003""], ""rule"": ""Run-ins must have a lore-valid reason: border conflict, Gate pressure, pursuit, oath, contract, trial, defense, corruption response, or event escalation. Never generic faction mixing."", ""oneAvatarVsManyUse"": ""Run-ins add enemy role pressure around the lone Avatar without creating ally units or squad play.""}","{""sourceFactionId"": ""MG-FACTION-006"", ""sourceFactionName"": ""Empyrean"", ""sourceRealm"": ""The Radiant Hierarchies"", ""sourceCultureRule"": ""source culture humans later copied as angelic and heavenly lore"", ""preserve"": [""established faction identity"", ""Mythos Gates mythology"", ""Gates and Codex systems"", ""one player-controlled Avatar combat"", ""mobile UE5 zone structure""], ""forbid"": [""replacement factions"", ""generic corridor dungeon conversion"", ""PC-first combat assumptions"", ""generic monster filler"", ""lore rewrites""]}"
"MG-F06-C03-M11","Resonate the Ophanim Wheel Court: Warden Duel","MG-FACTION-006","","1","1","MG-MAP-011","{""loop"": [""Explore"", ""Encounter"", ""1 Deity vs. Multiple Enemies"", ""Victory"", ""Rewards"", ""Upgrade Deity"", ""Explore Further""], ""forbidden"": [""squad combat"", ""team formations"", ""multiple player-controlled Avatars"", ""ally positioning"", ""team turns""], ""readableRule"": ""Legacy schema label says Deity, current fiction label says Deity: exactly one playable god or goddess is controlled in standard battle."", ""playerControlledAvatars"": 1}","{""enabled"": true, ""homeFactionId"": ""MG-FACTION-006"", ""homeFactionName"": ""Empyrean"", ""eligiblePoolIds"": [""MG-CROSS-RUN-IN-001"", ""MG-CROSS-RUN-IN-002"", ""MG-CROSS-RUN-IN-003"", ""MG-CROSS-RUN-IN-004"", ""MG-CROSS-RUN-IN-005"", ""MG-CROSS-RUN-IN-007""], ""recommendedPoolIds"": [""MG-CROSS-RUN-IN-003"", ""MG-CROSS-RUN-IN-004""], ""rule"": ""Run-ins must have a lore-valid reason: border conflict, Gate pressure, pursuit, oath, contract, trial, defense, corruption response, or event escalation. Never generic faction mixing."", ""oneAvatarVsManyUse"": ""Run-ins add enemy role pressure around the lone Avatar without creating ally units or squad play.""}","{""sourceFactionId"": ""MG-FACTION-006"", ""sourceFactionName"": ""Empyrean"", ""sourceRealm"": ""The Radiant Hierarchies"", ""sourceCultureRule"": ""source culture humans later copied as angelic and heavenly lore"", ""preserve"": [""established faction identity"", ""Mythos Gates mythology"", ""Gates and Codex systems"", ""one player-controlled Avatar combat"", ""mobile UE5 zone structure""], ""forbid"": [""replacement factions"", ""generic corridor dungeon conversion"", ""PC-first combat assumptions"", ""generic monster filler"", ""lore rewrites""]}"
"MG-F06-C03-M12","Absolve the Seraph Burn Archive: Lore Price","MG-FACTION-006","","1","1","MG-MAP-012","{""loop"": [""Explore"", ""Encounter"", ""1 Deity vs. Multiple Enemies"", ""Victory"", ""Rewards"", ""Upgrade Deity"", ""Explore Further""], ""forbidden"": [""squad combat"", ""team formations"", ""multiple player-controlled Avatars"", ""ally positioning"", ""team turns""], ""readableRule"": ""Legacy schema label says Deity, current fiction label says Deity: exactly one playable god or goddess is controlled in standard battle."", ""playerControlledAvatars"": 1}","{""enabled"": true, ""homeFactionId"": ""MG-FACTION-006"", ""homeFactionName"": ""Empyrean"", ""eligiblePoolIds"": [""MG-CROSS-RUN-IN-001"", ""MG-CROSS-RUN-IN-002"", ""MG-CROSS-RUN-IN-003"", ""MG-CROSS-RUN-IN-004"", ""MG-CROSS-RUN-IN-005"", ""MG-CROSS-RUN-IN-007""], ""recommendedPoolIds"": [""MG-CROSS-RUN-IN-004"", ""MG-CROSS-RUN-IN-005""], ""rule"": ""Run-ins must have a lore-valid reason: border conflict, Gate pressure, pursuit, oath, contract, trial, defense, corruption response, or event escalation. Never generic faction mixing."", ""oneAvatarVsManyUse"": ""Run-ins add enemy role pressure around the lone Avatar without creating ally units or squad play.""}","{""sourceFactionId"": ""MG-FACTION-006"", ""sourceFactionName"": ""Empyrean"", ""sourceRealm"": ""The Radiant Hierarchies"", ""sourceCultureRule"": ""source culture humans later copied as angelic and heavenly lore"", ""preserve"": [""established faction identity"", ""Mythos Gates mythology"", ""Gates and Codex systems"", ""one player-controlled Avatar combat"", ""mobile UE5 zone structure""], ""forbid"": [""replacement factions"", ""generic corridor dungeon conversion"", ""PC-first combat assumptions"", ""generic monster filler"", ""lore rewrites""]}"
"MG-F06-C04-M13","Answer the Seraph Burn Archive: Relic Detour","MG-FACTION-006","","1","1","MG-MAP-012","{""loop"": [""Explore"", ""Encounter"", ""1 Deity vs. Multiple Enemies"", ""Victory"", ""Rewards"", ""Upgrade Deity"", ""Explore Further""], ""forbidden"": [""squad combat"", ""team formations"", ""multiple player-controlled Avatars"", ""ally positioning"", ""team turns""], ""readableRule"": ""Legacy schema label says Deity, current fiction label says Deity: exactly one playable god or goddess is controlled in standard battle."", ""playerControlledAvatars"": 1}","{""enabled"": true, ""homeFactionId"": ""MG-FACTION-006"", ""homeFactionName"": ""Empyrean"", ""eligiblePoolIds"": [""MG-CROSS-RUN-IN-001"", ""MG-CROSS-RUN-IN-002"", ""MG-CROSS-RUN-IN-003"", ""MG-CROSS-RUN-IN-004"", ""MG-CROSS-RUN-IN-005"", ""MG-CROSS-RUN-IN-007""], ""recommendedPoolIds"": [""MG-CROSS-RUN-IN-007"", ""MG-CROSS-RUN-IN-001""], ""rule"": ""Run-ins must have a lore-valid reason: border conflict, Gate pressure, pursuit, oath, contract, trial, defense, corruption response, or event escalation. Never generic faction mixing."", ""oneAvatarVsManyUse"": ""Run-ins add enemy role pressure around the lone Avatar without creating ally units or squad play.""}","{""sourceFactionId"": ""MG-FACTION-006"", ""sourceFactionName"": ""Empyrean"", ""sourceRealm"": ""The Radiant Hierarchies"", ""sourceCultureRule"": ""source culture humans later copied as angelic and heavenly lore"", ""preserve"": [""established faction identity"", ""Mythos Gates mythology"", ""Gates and Codex systems"", ""one player-controlled Avatar combat"", ""mobile UE5 zone structure""], ""forbid"": [""replacement factions"", ""generic corridor dungeon conversion"", ""PC-first combat assumptions"", ""generic monster filler"", ""lore rewrites""]}"
"MG-F06-C04-M14","Ascend the Seraph Burn Archive: Hidden Cache","MG-FACTION-006","","1","1","MG-MAP-011","{""loop"": [""Explore"", ""Encounter"", ""1 Deity vs. Multiple Enemies"", ""Victory"", ""Rewards"", ""Upgrade Deity"", ""Explore Further""], ""forbidden"": [""squad combat"", ""team formations"", ""multiple player-controlled Avatars"", ""ally positioning"", ""team turns""], ""readableRule"": ""Legacy schema label says Deity, current fiction label says Deity: exactly one playable god or goddess is controlled in standard battle."", ""playerControlledAvatars"": 1}","{""enabled"": true, ""homeFactionId"": ""MG-FACTION-006"", ""homeFactionName"": ""Empyrean"", ""eligiblePoolIds"": [""MG-CROSS-RUN-IN-001"", ""MG-CROSS-RUN-IN-002"", ""MG-CROSS-RUN-IN-003"", ""MG-CROSS-RUN-IN-004"", ""MG-CROSS-RUN-IN-005"", ""MG-CROSS-RUN-IN-007""], ""recommendedPoolIds"": [""MG-CROSS-RUN-IN-001"", ""MG-CROSS-RUN-IN-002""], ""rule"": ""Run-ins must have a lore-valid reason: border conflict, Gate pressure, pursuit, oath, contract, trial, defense, corruption response, or event escalation. Never generic faction mixing."", ""oneAvatarVsManyUse"": ""Run-ins add enemy role pressure around the lone Avatar without creating ally units or squad play.""}","{""sourceFactionId"": ""MG-FACTION-006"", ""sourceFactionName"": ""Empyrean"", ""sourceRealm"": ""The Radiant Hierarchies"", ""sourceCultureRule"": ""source culture humans later copied as angelic and heavenly lore"", ""preserve"": [""established faction identity"", ""Mythos Gates mythology"", ""Gates and Codex systems"", ""one player-controlled Avatar combat"", ""mobile UE5 zone structure""], ""forbid"": [""replacement factions"", ""generic corridor dungeon conversion"", ""PC-first combat assumptions"", ""generic monster filler"", ""lore rewrites""]}"
"MG-F06-C04-M15","Resonate the Throne-Ladder of Judgment: Boss Threshold","MG-FACTION-006","","1","1","MG-MAP-012","{""loop"": [""Explore"", ""Encounter"", ""1 Deity vs. Multiple Enemies"", ""Victory"", ""Rewards"", ""Upgrade Deity"", ""Explore Further""], ""forbidden"": [""squad combat"", ""team formations"", ""multiple player-controlled Avatars"", ""ally positioning"", ""team turns""], ""readableRule"": ""Legacy schema label says Deity, current fiction label says Deity: exactly one playable god or goddess is controlled in standard battle."", ""playerControlledAvatars"": 1}","{""enabled"": true, ""homeFactionId"": ""MG-FACTION-006"", ""homeFactionName"": ""Empyrean"", ""eligiblePoolIds"": [""MG-CROSS-RUN-IN-001"", ""MG-CROSS-RUN-IN-002"", ""MG-CROSS-RUN-IN-003"", ""MG-CROSS-RUN-IN-004"", ""MG-CROSS-RUN-IN-005"", ""MG-CROSS-RUN-IN-007""], ""recommendedPoolIds"": [""MG-CROSS-RUN-IN-002"", ""MG-CROSS-RUN-IN-003""], ""rule"": ""Run-ins must have a lore-valid reason: border conflict, Gate pressure, pursuit, oath, contract, trial, defense, corruption response, or event escalation. Never generic faction mixing."", ""oneAvatarVsManyUse"": ""Run-ins add enemy role pressure around the lone Avatar without creating ally units or squad play.""}","{""sourceFactionId"": ""MG-FACTION-006"", ""sourceFactionName"": ""Empyrean"", ""sourceRealm"": ""The Radiant Hierarchies"", ""sourceCultureRule"": ""source culture humans later copied as angelic and heavenly lore"", ""preserve"": [""established faction identity"", ""Mythos Gates mythology"", ""Gates and Codex systems"", ""one player-controlled Avatar combat"", ""mobile UE5 zone structure""], ""forbid"": [""replacement factions"", ""generic corridor dungeon conversion"", ""PC-first combat assumptions"", ""generic monster filler"", ""lore rewrites""]}"
"MG-F06-C04-M16","Absolve the Throne-Ladder of Judgment: Final Approach","MG-FACTION-006","","1","1","MG-MAP-011","{""loop"": [""Explore"", ""Encounter"", ""1 Deity vs. Multiple Enemies"", ""Victory"", ""Rewards"", ""Upgrade Deity"", ""Explore Further""], ""forbidden"": [""squad combat"", ""team formations"", ""multiple player-controlled Avatars"", ""ally positioning"", ""team turns""], ""readableRule"": ""Legacy schema label says Deity, current fiction label says Deity: exactly one playable god or goddess is controlled in standard battle."", ""playerControlledAvatars"": 1}","{""enabled"": true, ""homeFactionId"": ""MG-FACTION-006"", ""homeFactionName"": ""Empyrean"", ""eligiblePoolIds"": [""MG-CROSS-RUN-IN-001"", ""MG-CROSS-RUN-IN-002"", ""MG-CROSS-RUN-IN-003"", ""MG-CROSS-RUN-IN-004"", ""MG-CROSS-RUN-IN-005"", ""MG-CROSS-RUN-IN-007""], ""recommendedPoolIds"": [""MG-CROSS-RUN-IN-003"", ""MG-CROSS-RUN-IN-004""], ""rule"": ""Run-ins must have a lore-valid reason: border conflict, Gate pressure, pursuit, oath, contract, trial, defense, corruption response, or event escalation. Never generic faction mixing."", ""oneAvatarVsManyUse"": ""Run-ins add enemy role pressure around the lone Avatar without creating ally units or squad play.""}","{""sourceFactionId"": ""MG-FACTION-006"", ""sourceFactionName"": ""Empyrean"", ""sourceRealm"": ""The Radiant Hierarchies"", ""sourceCultureRule"": ""source culture humans later copied as angelic and heavenly lore"", ""preserve"": [""established faction identity"", ""Mythos Gates mythology"", ""Gates and Codex systems"", ""one player-controlled Avatar combat"", ""mobile UE5 zone structure""], ""forbid"": [""replacement factions"", ""generic corridor dungeon conversion"", ""PC-first combat assumptions"", ""generic monster filler"", ""lore rewrites""]}"
"MG-F06-C05-M17","Answer the Throne-Ladder of Judgment: Antechamber Seal","MG-FACTION-006","","1","1","MG-MAP-011","{""loop"": [""Explore"", ""Encounter"", ""1 Deity vs. Multiple Enemies"", ""Victory"", ""Rewards"", ""Upgrade Deity"", ""Explore Further""], ""forbidden"": [""squad combat"", ""team formations"", ""multiple player-controlled Avatars"", ""ally positioning"", ""team turns""], ""readableRule"": ""Legacy schema label says Deity, current fiction label says Deity: exactly one playable god or goddess is controlled in standard battle."", ""playerControlledAvatars"": 1}","{""enabled"": true, ""homeFactionId"": ""MG-FACTION-006"", ""homeFactionName"": ""Empyrean"", ""eligiblePoolIds"": [""MG-CROSS-RUN-IN-001"", ""MG-CROSS-RUN-IN-002"", ""MG-CROSS-RUN-IN-003"", ""MG-CROSS-RUN-IN-004"", ""MG-CROSS-RUN-IN-005"", ""MG-CROSS-RUN-IN-007""], ""recommendedPoolIds"": [""MG-CROSS-RUN-IN-005"", ""MG-CROSS-RUN-IN-007""], ""rule"": ""Run-ins must have a lore-valid reason: border conflict, Gate pressure, pursuit, oath, contract, trial, defense, corruption response, or event escalation. Never generic faction mixing."", ""oneAvatarVsManyUse"": ""Run-ins add enemy role pressure around the lone Avatar without creating ally units or squad play.""}","{""sourceFactionId"": ""MG-FACTION-006"", ""sourceFactionName"": ""Empyrean"", ""sourceRealm"": ""The Radiant Hierarchies"", ""sourceCultureRule"": ""source culture humans later copied as angelic and heavenly lore"", ""preserve"": [""established faction identity"", ""Mythos Gates mythology"", ""Gates and Codex systems"", ""one player-controlled Avatar combat"", ""mobile UE5 zone structure""], ""forbid"": [""replacement factions"", ""generic corridor dungeon conversion"", ""PC-first combat assumptions"", ""generic monster filler"", ""lore rewrites""]}"
"MG-F06-C05-M18","Ascend the Silent Seraph Apex: Ascension Seal","MG-FACTION-006","","1","1","MG-MAP-012","{""loop"": [""Explore"", ""Encounter"", ""1 Deity vs. Multiple Enemies"", ""Victory"", ""Rewards"", ""Upgrade Deity"", ""Explore Further""], ""forbidden"": [""squad combat"", ""team formations"", ""multiple player-controlled Avatars"", ""ally positioning"", ""team turns""], ""readableRule"": ""Legacy schema label says Deity, current fiction label says Deity: exactly one playable god or goddess is controlled in standard battle."", ""playerControlledAvatars"": 1}","{""enabled"": true, ""homeFactionId"": ""MG-FACTION-006"", ""homeFactionName"": ""Empyrean"", ""eligiblePoolIds"": [""MG-CROSS-RUN-IN-001"", ""MG-CROSS-RUN-IN-002"", ""MG-CROSS-RUN-IN-003"", ""MG-CROSS-RUN-IN-004"", ""MG-CROSS-RUN-IN-005"", ""MG-CROSS-RUN-IN-007""], ""recommendedPoolIds"": [""MG-CROSS-RUN-IN-007"", ""MG-CROSS-RUN-IN-001""], ""rule"": ""Run-ins must have a lore-valid reason: border conflict, Gate pressure, pursuit, oath, contract, trial, defense, corruption response, or event escalation. Never generic faction mixing."", ""oneAvatarVsManyUse"": ""Run-ins add enemy role pressure around the lone Avatar without creating ally units or squad play.""}","{""sourceFactionId"": ""MG-FACTION-006"", ""sourceFactionName"": ""Empyrean"", ""sourceRealm"": ""The Radiant Hierarchies"", ""sourceCultureRule"": ""source culture humans later copied as angelic and heavenly lore"", ""preserve"": [""established faction identity"", ""Mythos Gates mythology"", ""Gates and Codex systems"", ""one player-controlled Avatar combat"", ""mobile UE5 zone structure""], ""forbid"": [""replacement factions"", ""generic corridor dungeon conversion"", ""PC-first combat assumptions"", ""generic monster filler"", ""lore rewrites""]}"
"MG-F06-C05-M19","Resonate the Silent Seraph Apex: Boss Chamber","MG-FACTION-006","","1","1","MG-MAP-011","{""loop"": [""Explore"", ""Encounter"", ""1 Deity vs. Multiple Enemies"", ""Victory"", ""Rewards"", ""Upgrade Deity"", ""Explore Further""], ""forbidden"": [""squad combat"", ""team formations"", ""multiple player-controlled Avatars"", ""ally positioning"", ""team turns""], ""readableRule"": ""Legacy schema label says Deity, current fiction label says Deity: exactly one playable god or goddess is controlled in standard battle."", ""playerControlledAvatars"": 1}","{""enabled"": true, ""homeFactionId"": ""MG-FACTION-006"", ""homeFactionName"": ""Empyrean"", ""eligiblePoolIds"": [""MG-CROSS-RUN-IN-001"", ""MG-CROSS-RUN-IN-002"", ""MG-CROSS-RUN-IN-003"", ""MG-CROSS-RUN-IN-004"", ""MG-CROSS-RUN-IN-005"", ""MG-CROSS-RUN-IN-007""], ""recommendedPoolIds"": [""MG-CROSS-RUN-IN-001"", ""MG-CROSS-RUN-IN-002""], ""rule"": ""Run-ins must have a lore-valid reason: border conflict, Gate pressure, pursuit, oath, contract, trial, defense, corruption response, or event escalation. Never generic faction mixing."", ""oneAvatarVsManyUse"": ""Run-ins add enemy role pressure around the lone Avatar without creating ally units or squad play.""}","{""sourceFactionId"": ""MG-FACTION-006"", ""sourceFactionName"": ""Empyrean"", ""sourceRealm"": ""The Radiant Hierarchies"", ""sourceCultureRule"": ""source culture humans later copied as angelic and heavenly lore"", ""preserve"": [""established faction identity"", ""Mythos Gates mythology"", ""Gates and Codex systems"", ""one player-controlled Avatar combat"", ""mobile UE5 zone structure""], ""forbid"": [""replacement factions"", ""generic corridor dungeon conversion"", ""PC-first combat assumptions"", ""generic monster filler"", ""lore rewrites""]}"
"MG-F06-C05-M20","Absolve the Silent Seraph Apex: Gate Verdict","MG-FACTION-006","","1","1","MG-MAP-012","{""loop"": [""Explore"", ""Encounter"", ""1 Deity vs. Multiple Enemies"", ""Victory"", ""Rewards"", ""Upgrade Deity"", ""Explore Further""], ""forbidden"": [""squad combat"", ""team formations"", ""multiple player-controlled Avatars"", ""ally positioning"", ""team turns""], ""readableRule"": ""Legacy schema label says Deity, current fiction label says Deity: exactly one playable god or goddess is controlled in standard battle."", ""playerControlledAvatars"": 1}","{""enabled"": true, ""homeFactionId"": ""MG-FACTION-006"", ""homeFactionName"": ""Empyrean"", ""eligiblePoolIds"": [""MG-CROSS-RUN-IN-001"", ""MG-CROSS-RUN-IN-002"", ""MG-CROSS-RUN-IN-003"", ""MG-CROSS-RUN-IN-004"", ""MG-CROSS-RUN-IN-005"", ""MG-CROSS-RUN-IN-007""], ""recommendedPoolIds"": [""MG-CROSS-RUN-IN-002"", ""MG-CROSS-RUN-IN-003""], ""rule"": ""Run-ins must have a lore-valid reason: border conflict, Gate pressure, pursuit, oath, contract, trial, defense, corruption response, or event escalation. Never generic faction mixing."", ""oneAvatarVsManyUse"": ""Run-ins add enemy role pressure around the lone Avatar without creating ally units or squad play.""}","{""sourceFactionId"": ""MG-FACTION-006"", ""sourceFactionName"": ""Empyrean"", ""sourceRealm"": ""The Radiant Hierarchies"", ""sourceCultureRule"": ""source culture humans later copied as angelic and heavenly lore"", ""preserve"": [""established faction identity"", ""Mythos Gates mythology"", ""Gates and Codex systems"", ""one player-controlled Avatar combat"", ""mobile UE5 zone structure""], ""forbid"": [""replacement factions"", ""generic corridor dungeon conversion"", ""PC-first combat assumptions"", ""generic monster filler"", ""lore rewrites""]}"
"MG-F06-E-C01-M01","Elite: Answer the Choir Vault Threshold: First Crossing","MG-FACTION-006","","1","1","MG-MAP-011","{""loop"": [""Explore"", ""Encounter"", ""1 Deity vs. Multiple Enemies"", ""Victory"", ""Rewards"", ""Upgrade Deity"", ""Explore Further""], ""forbidden"": [""squad combat"", ""team formations"", ""multiple player-controlled Avatars"", ""ally positioning"", ""team turns""], ""readableRule"": ""Legacy schema label says Deity, current fiction label says Deity: exactly one playable god or goddess is controlled in standard battle."", ""playerControlledAvatars"": 1}","{""enabled"": true, ""homeFactionId"": ""MG-FACTION-006"", ""homeFactionName"": ""Empyrean"", ""eligiblePoolIds"": [""MG-CROSS-RUN-IN-001"", ""MG-CROSS-RUN-IN-002"", ""MG-CROSS-RUN-IN-003"", ""MG-CROSS-RUN-IN-004"", ""MG-CROSS-RUN-IN-005"", ""MG-CROSS-RUN-IN-007""], ""recommendedPoolIds"": [""MG-CROSS-RUN-IN-003"", ""MG-CROSS-RUN-IN-004""], ""rule"": ""Run-ins must have a lore-valid reason: border conflict, Gate pressure, pursuit, oath, contract, trial, defense, corruption response, or event escalation. Never generic faction mixing."", ""oneAvatarVsManyUse"": ""Run-ins add enemy role pressure around the lone Avatar without creating ally units or squad play.""}","{""sourceFactionId"": ""MG-FACTION-006"", ""sourceFactionName"": ""Empyrean"", ""sourceRealm"": ""The Radiant Hierarchies"", ""sourceCultureRule"": ""source culture humans later copied as angelic and heavenly lore"", ""preserve"": [""established faction identity"", ""Mythos Gates mythology"", ""Gates and Codex systems"", ""one player-controlled Avatar combat"", ""mobile UE5 zone structure""], ""forbid"": [""replacement factions"", ""generic corridor dungeon conversion"", ""PC-first combat assumptions"", ""generic monster filler"", ""lore rewrites""]}"
"MG-F06-E-C01-M02","Elite: Ascend the Choir Vault Threshold: Name at the Gate","MG-FACTION-006","","1","1","MG-MAP-012","{""loop"": [""Explore"", ""Encounter"", ""1 Deity vs. Multiple Enemies"", ""Victory"", ""Rewards"", ""Upgrade Deity"", ""Explore Further""], ""forbidden"": [""squad combat"", ""team formations"", ""multiple player-controlled Avatars"", ""ally positioning"", ""team turns""], ""readableRule"": ""Legacy schema label says Deity, current fiction label says Deity: exactly one playable god or goddess is controlled in standard battle."", ""playerControlledAvatars"": 1}","{""enabled"": true, ""homeFactionId"": ""MG-FACTION-006"", ""homeFactionName"": ""Empyrean"", ""eligiblePoolIds"": [""MG-CROSS-RUN-IN-001"", ""MG-CROSS-RUN-IN-002"", ""MG-CROSS-RUN-IN-003"", ""MG-CROSS-RUN-IN-004"", ""MG-CROSS-RUN-IN-005"", ""MG-CROSS-RUN-IN-007""], ""recommendedPoolIds"": [""MG-CROSS-RUN-IN-004"", ""MG-CROSS-RUN-IN-005""], ""rule"": ""Run-ins must have a lore-valid reason: border conflict, Gate pressure, pursuit, oath, contract, trial, defense, corruption response, or event escalation. Never generic faction mixing."", ""oneAvatarVsManyUse"": ""Run-ins add enemy role pressure around the lone Avatar without creating ally units or squad play.""}","{""sourceFactionId"": ""MG-FACTION-006"", ""sourceFactionName"": ""Empyrean"", ""sourceRealm"": ""The Radiant Hierarchies"", ""sourceCultureRule"": ""source culture humans later copied as angelic and heavenly lore"", ""preserve"": [""established faction identity"", ""Mythos Gates mythology"", ""Gates and Codex systems"", ""one player-controlled Avatar combat"", ""mobile UE5 zone structure""], ""forbid"": [""replacement factions"", ""generic corridor dungeon conversion"", ""PC-first combat assumptions"", ""generic monster filler"", ""lore rewrites""]}"
"MG-F06-E-C01-M03","Elite: Resonate the Bell-Metal Resonance Steps: Forward Claim","MG-FACTION-006","","1","1","MG-MAP-011","{""loop"": [""Explore"", ""Encounter"", ""1 Deity vs. Multiple Enemies"", ""Victory"", ""Rewards"", ""Upgrade Deity"", ""Explore Further""], ""forbidden"": [""squad combat"", ""team formations"", ""multiple player-controlled Avatars"", ""ally positioning"", ""team turns""], ""readableRule"": ""Legacy schema label says Deity, current fiction label says Deity: exactly one playable god or goddess is controlled in standard battle."", ""playerControlledAvatars"": 1}","{""enabled"": true, ""homeFactionId"": ""MG-FACTION-006"", ""homeFactionName"": ""Empyrean"", ""eligiblePoolIds"": [""MG-CROSS-RUN-IN-001"", ""MG-CROSS-RUN-IN-002"", ""MG-CROSS-RUN-IN-003"", ""MG-CROSS-RUN-IN-004"", ""MG-CROSS-RUN-IN-005"", ""MG-CROSS-RUN-IN-007""], ""recommendedPoolIds"": [""MG-CROSS-RUN-IN-005"", ""MG-CROSS-RUN-IN-007""], ""rule"": ""Run-ins must have a lore-valid reason: border conflict, Gate pressure, pursuit, oath, contract, trial, defense, corruption response, or event escalation. Never generic faction mixing."", ""oneAvatarVsManyUse"": ""Run-ins add enemy role pressure around the lone Avatar without creating ally units or squad play.""}","{""sourceFactionId"": ""MG-FACTION-006"", ""sourceFactionName"": ""Empyrean"", ""sourceRealm"": ""The Radiant Hierarchies"", ""sourceCultureRule"": ""source culture humans later copied as angelic and heavenly lore"", ""preserve"": [""established faction identity"", ""Mythos Gates mythology"", ""Gates and Codex systems"", ""one player-controlled Avatar combat"", ""mobile UE5 zone structure""], ""forbid"": [""replacement factions"", ""generic corridor dungeon conversion"", ""PC-first combat assumptions"", ""generic monster filler"", ""lore rewrites""]}"
"MG-F06-E-C01-M04","Elite: Absolve the Bell-Metal Resonance Steps: Outer Line","MG-FACTION-006","","1","1","MG-MAP-012","{""loop"": [""Explore"", ""Encounter"", ""1 Deity vs. Multiple Enemies"", ""Victory"", ""Rewards"", ""Upgrade Deity"", ""Explore Further""], ""forbidden"": [""squad combat"", ""team formations"", ""multiple player-controlled Avatars"", ""ally positioning"", ""team turns""], ""readableRule"": ""Legacy schema label says Deity, current fiction label says Deity: exactly one playable god or goddess is controlled in standard battle."", ""playerControlledAvatars"": 1}","{""enabled"": true, ""homeFactionId"": ""MG-FACTION-006"", ""homeFactionName"": ""Empyrean"", ""eligiblePoolIds"": [""MG-CROSS-RUN-IN-001"", ""MG-CROSS-RUN-IN-002"", ""MG-CROSS-RUN-IN-003"", ""MG-CROSS-RUN-IN-004"", ""MG-CROSS-RUN-IN-005"", ""MG-CROSS-RUN-IN-007""], ""recommendedPoolIds"": [""MG-CROSS-RUN-IN-007"", ""MG-CROSS-RUN-IN-001""], ""rule"": ""Run-ins must have a lore-valid reason: border conflict, Gate pressure, pursuit, oath, contract, trial, defense, corruption response, or event escalation. Never generic faction mixing."", ""oneAvatarVsManyUse"": ""Run-ins add enemy role pressure around the lone Avatar without creating ally units or squad play.""}","{""sourceFactionId"": ""MG-FACTION-006"", ""sourceFactionName"": ""Empyrean"", ""sourceRealm"": ""The Radiant Hierarchies"", ""sourceCultureRule"": ""source culture humans later copied as angelic and heavenly lore"", ""preserve"": [""established faction identity"", ""Mythos Gates mythology"", ""Gates and Codex systems"", ""one player-controlled Avatar combat"", ""mobile UE5 zone structure""], ""forbid"": [""replacement factions"", ""generic corridor dungeon conversion"", ""PC-first combat assumptions"", ""generic monster filler"", ""lore rewrites""]}"
"MG-F06-E-C02-M05","Elite: Answer the Bell-Metal Resonance Steps: Pressure Break","MG-FACTION-006","","1","1","MG-MAP-012","{""loop"": [""Explore"", ""Encounter"", ""1 Deity vs. Multiple Enemies"", ""Victory"", ""Rewards"", ""Upgrade Deity"", ""Explore Further""], ""forbidden"": [""squad combat"", ""team formations"", ""multiple player-controlled Avatars"", ""ally positioning"", ""team turns""], ""readableRule"": ""Legacy schema label says Deity, current fiction label says Deity: exactly one playable god or goddess is controlled in standard battle."", ""playerControlledAvatars"": 1}","{""enabled"": true, ""homeFactionId"": ""MG-FACTION-006"", ""homeFactionName"": ""Empyrean"", ""eligiblePoolIds"": [""MG-CROSS-RUN-IN-001"", ""MG-CROSS-RUN-IN-002"", ""MG-CROSS-RUN-IN-003"", ""MG-CROSS-RUN-IN-004"", ""MG-CROSS-RUN-IN-005"", ""MG-CROSS-RUN-IN-007""], ""recommendedPoolIds"": [""MG-CROSS-RUN-IN-002"", ""MG-CROSS-RUN-IN-003""], ""rule"": ""Run-ins must have a lore-valid reason: border conflict, Gate pressure, pursuit, oath, contract, trial, defense, corruption response, or event escalation. Never generic faction mixing."", ""oneAvatarVsManyUse"": ""Run-ins add enemy role pressure around the lone Avatar without creating ally units or squad play.""}","{""sourceFactionId"": ""MG-FACTION-006"", ""sourceFactionName"": ""Empyrean"", ""sourceRealm"": ""The Radiant Hierarchies"", ""sourceCultureRule"": ""source culture humans later copied as angelic and heavenly lore"", ""preserve"": [""established faction identity"", ""Mythos Gates mythology"", ""Gates and Codex systems"", ""one player-controlled Avatar combat"", ""mobile UE5 zone structure""], ""forbid"": [""replacement factions"", ""generic corridor dungeon conversion"", ""PC-first combat assumptions"", ""generic monster filler"", ""lore rewrites""]}"
"MG-F06-E-C02-M06","Elite: Ascend the Cherub Threshold Bastion: Trial Mechanism","MG-FACTION-006","","1","1","MG-MAP-011","{""loop"": [""Explore"", ""Encounter"", ""1 Deity vs. Multiple Enemies"", ""Victory"", ""Rewards"", ""Upgrade Deity"", ""Explore Further""], ""forbidden"": [""squad combat"", ""team formations"", ""multiple player-controlled Avatars"", ""ally positioning"", ""team turns""], ""readableRule"": ""Legacy schema label says Deity, current fiction label says Deity: exactly one playable god or goddess is controlled in standard battle."", ""playerControlledAvatars"": 1}","{""enabled"": true, ""homeFactionId"": ""MG-FACTION-006"", ""homeFactionName"": ""Empyrean"", ""eligiblePoolIds"": [""MG-CROSS-RUN-IN-001"", ""MG-CROSS-RUN-IN-002"", ""MG-CROSS-RUN-IN-003"", ""MG-CROSS-RUN-IN-004"", ""MG-CROSS-RUN-IN-005"", ""MG-CROSS-RUN-IN-007""], ""recommendedPoolIds"": [""MG-CROSS-RUN-IN-003"", ""MG-CROSS-RUN-IN-004""], ""rule"": ""Run-ins must have a lore-valid reason: border conflict, Gate pressure, pursuit, oath, contract, trial, defense, corruption response, or event escalation. Never generic faction mixing."", ""oneAvatarVsManyUse"": ""Run-ins add enemy role pressure around the lone Avatar without creating ally units or squad play.""}","{""sourceFactionId"": ""MG-FACTION-006"", ""sourceFactionName"": ""Empyrean"", ""sourceRealm"": ""The Radiant Hierarchies"", ""sourceCultureRule"": ""source culture humans later copied as angelic and heavenly lore"", ""preserve"": [""established faction identity"", ""Mythos Gates mythology"", ""Gates and Codex systems"", ""one player-controlled Avatar combat"", ""mobile UE5 zone structure""], ""forbid"": [""replacement factions"", ""generic corridor dungeon conversion"", ""PC-first combat assumptions"", ""generic monster filler"", ""lore rewrites""]}"
"MG-F06-E-C02-M07","Elite: Resonate the Cherub Threshold Bastion: Hazard Reading","MG-FACTION-006","","1","1","MG-MAP-012","{""loop"": [""Explore"", ""Encounter"", ""1 Deity vs. Multiple Enemies"", ""Victory"", ""Rewards"", ""Upgrade Deity"", ""Explore Further""], ""forbidden"": [""squad combat"", ""team formations"", ""multiple player-controlled Avatars"", ""ally positioning"", ""team turns""], ""readableRule"": ""Legacy schema label says Deity, current fiction label says Deity: exactly one playable god or goddess is controlled in standard battle."", ""playerControlledAvatars"": 1}","{""enabled"": true, ""homeFactionId"": ""MG-FACTION-006"", ""homeFactionName"": ""Empyrean"", ""eligiblePoolIds"": [""MG-CROSS-RUN-IN-001"", ""MG-CROSS-RUN-IN-002"", ""MG-CROSS-RUN-IN-003"", ""MG-CROSS-RUN-IN-004"", ""MG-CROSS-RUN-IN-005"", ""MG-CROSS-RUN-IN-007""], ""recommendedPoolIds"": [""MG-CROSS-RUN-IN-004"", ""MG-CROSS-RUN-IN-005""], ""rule"": ""Run-ins must have a lore-valid reason: border conflict, Gate pressure, pursuit, oath, contract, trial, defense, corruption response, or event escalation. Never generic faction mixing."", ""oneAvatarVsManyUse"": ""Run-ins add enemy role pressure around the lone Avatar without creating ally units or squad play.""}","{""sourceFactionId"": ""MG-FACTION-006"", ""sourceFactionName"": ""Empyrean"", ""sourceRealm"": ""The Radiant Hierarchies"", ""sourceCultureRule"": ""source culture humans later copied as angelic and heavenly lore"", ""preserve"": [""established faction identity"", ""Mythos Gates mythology"", ""Gates and Codex systems"", ""one player-controlled Avatar combat"", ""mobile UE5 zone structure""], ""forbid"": [""replacement factions"", ""generic corridor dungeon conversion"", ""PC-first combat assumptions"", ""generic monster filler"", ""lore rewrites""]}"
"MG-F06-E-C02-M08","Elite: Absolve the Cherub Threshold Bastion: Lughching Law","MG-FACTION-006","","1","1","MG-MAP-011","{""loop"": [""Explore"", ""Encounter"", ""1 Deity vs. Multiple Enemies"", ""Victory"", ""Rewards"", ""Upgrade Deity"", ""Explore Further""], ""forbidden"": [""squad combat"", ""team formations"", ""multiple player-controlled Avatars"", ""ally positioning"", ""team turns""], ""readableRule"": ""Legacy schema label says Deity, current fiction label says Deity: exactly one playable god or goddess is controlled in standard battle."", ""playerControlledAvatars"": 1}","{""enabled"": true, ""homeFactionId"": ""MG-FACTION-006"", ""homeFactionName"": ""Empyrean"", ""eligiblePoolIds"": [""MG-CROSS-RUN-IN-001"", ""MG-CROSS-RUN-IN-002"", ""MG-CROSS-RUN-IN-003"", ""MG-CROSS-RUN-IN-004"", ""MG-CROSS-RUN-IN-005"", ""MG-CROSS-RUN-IN-007""], ""recommendedPoolIds"": [""MG-CROSS-RUN-IN-005"", ""MG-CROSS-RUN-IN-007""], ""rule"": ""Run-ins must have a lore-valid reason: border conflict, Gate pressure, pursuit, oath, contract, trial, defense, corruption response, or event escalation. Never generic faction mixing."", ""oneAvatarVsManyUse"": ""Run-ins add enemy role pressure around the lone Avatar without creating ally units or squad play.""}","{""sourceFactionId"": ""MG-FACTION-006"", ""sourceFactionName"": ""Empyrean"", ""sourceRealm"": ""The Radiant Hierarchies"", ""sourceCultureRule"": ""source culture humans later copied as angelic and heavenly lore"", ""preserve"": [""established faction identity"", ""Mythos Gates mythology"", ""Gates and Codex systems"", ""one player-controlled Avatar combat"", ""mobile UE5 zone structure""], ""forbid"": [""replacement factions"", ""generic corridor dungeon conversion"", ""PC-first combat assumptions"", ""generic monster filler"", ""lore rewrites""]}"
"MG-F06-E-C03-M09","Elite: Answer the Ophanim Wheel Court: Key Verdict","MG-FACTION-006","","1","1","MG-MAP-011","{""loop"": [""Explore"", ""Encounter"", ""1 Deity vs. Multiple Enemies"", ""Victory"", ""Rewards"", ""Upgrade Deity"", ""Explore Further""], ""forbidden"": [""squad combat"", ""team formations"", ""multiple player-controlled Avatars"", ""ally positioning"", ""team turns""], ""readableRule"": ""Legacy schema label says Deity, current fiction label says Deity: exactly one playable god or goddess is controlled in standard battle."", ""playerControlledAvatars"": 1}","{""enabled"": true, ""homeFactionId"": ""MG-FACTION-006"", ""homeFactionName"": ""Empyrean"", ""eligiblePoolIds"": [""MG-CROSS-RUN-IN-001"", ""MG-CROSS-RUN-IN-002"", ""MG-CROSS-RUN-IN-003"", ""MG-CROSS-RUN-IN-004"", ""MG-CROSS-RUN-IN-005"", ""MG-CROSS-RUN-IN-007""], ""recommendedPoolIds"": [""MG-CROSS-RUN-IN-001"", ""MG-CROSS-RUN-IN-002""], ""rule"": ""Run-ins must have a lore-valid reason: border conflict, Gate pressure, pursuit, oath, contract, trial, defense, corruption response, or event escalation. Never generic faction mixing."", ""oneAvatarVsManyUse"": ""Run-ins add enemy role pressure around the lone Avatar without creating ally units or squad play.""}","{""sourceFactionId"": ""MG-FACTION-006"", ""sourceFactionName"": ""Empyrean"", ""sourceRealm"": ""The Radiant Hierarchies"", ""sourceCultureRule"": ""source culture humans later copied as angelic and heavenly lore"", ""preserve"": [""established faction identity"", ""Mythos Gates mythology"", ""Gates and Codex systems"", ""one player-controlled Avatar combat"", ""mobile UE5 zone structure""], ""forbid"": [""replacement factions"", ""generic corridor dungeon conversion"", ""PC-first combat assumptions"", ""generic monster filler"", ""lore rewrites""]}"
"MG-F06-E-C03-M10","Elite: Ascend the Ophanim Wheel Court: Elite Lock","MG-FACTION-006","","1","1","MG-MAP-012","{""loop"": [""Explore"", ""Encounter"", ""1 Deity vs. Multiple Enemies"", ""Victory"", ""Rewards"", ""Upgrade Deity"", ""Explore Further""], ""forbidden"": [""squad combat"", ""team formations"", ""multiple player-controlled Avatars"", ""ally positioning"", ""team turns""], ""readableRule"": ""Legacy schema label says Deity, current fiction label says Deity: exactly one playable god or goddess is controlled in standard battle."", ""playerControlledAvatars"": 1}","{""enabled"": true, ""homeFactionId"": ""MG-FACTION-006"", ""homeFactionName"": ""Empyrean"", ""eligiblePoolIds"": [""MG-CROSS-RUN-IN-001"", ""MG-CROSS-RUN-IN-002"", ""MG-CROSS-RUN-IN-003"", ""MG-CROSS-RUN-IN-004"", ""MG-CROSS-RUN-IN-005"", ""MG-CROSS-RUN-IN-007""], ""recommendedPoolIds"": [""MG-CROSS-RUN-IN-002"", ""MG-CROSS-RUN-IN-003""], ""rule"": ""Run-ins must have a lore-valid reason: border conflict, Gate pressure, pursuit, oath, contract, trial, defense, corruption response, or event escalation. Never generic faction mixing."", ""oneAvatarVsManyUse"": ""Run-ins add enemy role pressure around the lone Avatar without creating ally units or squad play.""}","{""sourceFactionId"": ""MG-FACTION-006"", ""sourceFactionName"": ""Empyrean"", ""sourceRealm"": ""The Radiant Hierarchies"", ""sourceCultureRule"": ""source culture humans later copied as angelic and heavenly lore"", ""preserve"": [""established faction identity"", ""Mythos Gates mythology"", ""Gates and Codex systems"", ""one player-controlled Avatar combat"", ""mobile UE5 zone structure""], ""forbid"": [""replacement factions"", ""generic corridor dungeon conversion"", ""PC-first combat assumptions"", ""generic monster filler"", ""lore rewrites""]}"
"MG-F06-E-C03-M11","Elite: Resonate the Ophanim Wheel Court: Warden Duel","MG-FACTION-006","","1","1","MG-MAP-011","{""loop"": [""Explore"", ""Encounter"", ""1 Deity vs. Multiple Enemies"", ""Victory"", ""Rewards"", ""Upgrade Deity"", ""Explore Further""], ""forbidden"": [""squad combat"", ""team formations"", ""multiple player-controlled Avatars"", ""ally positioning"", ""team turns""], ""readableRule"": ""Legacy schema label says Deity, current fiction label says Deity: exactly one playable god or goddess is controlled in standard battle."", ""playerControlledAvatars"": 1}","{""enabled"": true, ""homeFactionId"": ""MG-FACTION-006"", ""homeFactionName"": ""Empyrean"", ""eligiblePoolIds"": [""MG-CROSS-RUN-IN-001"", ""MG-CROSS-RUN-IN-002"", ""MG-CROSS-RUN-IN-003"", ""MG-CROSS-RUN-IN-004"", ""MG-CROSS-RUN-IN-005"", ""MG-CROSS-RUN-IN-007""], ""recommendedPoolIds"": [""MG-CROSS-RUN-IN-003"", ""MG-CROSS-RUN-IN-004""], ""rule"": ""Run-ins must have a lore-valid reason: border conflict, Gate pressure, pursuit, oath, contract, trial, defense, corruption response, or event escalation. Never generic faction mixing."", ""oneAvatarVsManyUse"": ""Run-ins add enemy role pressure around the lone Avatar without creating ally units or squad play.""}","{""sourceFactionId"": ""MG-FACTION-006"", ""sourceFactionName"": ""Empyrean"", ""sourceRealm"": ""The Radiant Hierarchies"", ""sourceCultureRule"": ""source culture humans later copied as angelic and heavenly lore"", ""preserve"": [""established faction identity"", ""Mythos Gates mythology"", ""Gates and Codex systems"", ""one player-controlled Avatar combat"", ""mobile UE5 zone structure""], ""forbid"": [""replacement factions"", ""generic corridor dungeon conversion"", ""PC-first combat assumptions"", ""generic monster filler"", ""lore rewrites""]}"
"MG-F06-E-C03-M12","Elite: Absolve the Seraph Burn Archive: Lore Price","MG-FACTION-006","","1","1","MG-MAP-012","{""loop"": [""Explore"", ""Encounter"", ""1 Deity vs. Multiple Enemies"", ""Victory"", ""Rewards"", ""Upgrade Deity"", ""Explore Further""], ""forbidden"": [""squad combat"", ""team formations"", ""multiple player-controlled Avatars"", ""ally positioning"", ""team turns""], ""readableRule"": ""Legacy schema label says Deity, current fiction label says Deity: exactly one playable god or goddess is controlled in standard battle."", ""playerControlledAvatars"": 1}","{""enabled"": true, ""homeFactionId"": ""MG-FACTION-006"", ""homeFactionName"": ""Empyrean"", ""eligiblePoolIds"": [""MG-CROSS-RUN-IN-001"", ""MG-CROSS-RUN-IN-002"", ""MG-CROSS-RUN-IN-003"", ""MG-CROSS-RUN-IN-004"", ""MG-CROSS-RUN-IN-005"", ""MG-CROSS-RUN-IN-007""], ""recommendedPoolIds"": [""MG-CROSS-RUN-IN-004"", ""MG-CROSS-RUN-IN-005""], ""rule"": ""Run-ins must have a lore-valid reason: border conflict, Gate pressure, pursuit, oath, contract, trial, defense, corruption response, or event escalation. Never generic faction mixing."", ""oneAvatarVsManyUse"": ""Run-ins add enemy role pressure around the lone Avatar without creating ally units or squad play.""}","{""sourceFactionId"": ""MG-FACTION-006"", ""sourceFactionName"": ""Empyrean"", ""sourceRealm"": ""The Radiant Hierarchies"", ""sourceCultureRule"": ""source culture humans later copied as angelic and heavenly lore"", ""preserve"": [""established faction identity"", ""Mythos Gates mythology"", ""Gates and Codex systems"", ""one player-controlled Avatar combat"", ""mobile UE5 zone structure""], ""forbid"": [""replacement factions"", ""generic corridor dungeon conversion"", ""PC-first combat assumptions"", ""generic monster filler"", ""lore rewrites""]}"
"MG-F06-E-C04-M13","Elite: Answer the Seraph Burn Archive: Relic Detour","MG-FACTION-006","","1","1","MG-MAP-012","{""loop"": [""Explore"", ""Encounter"", ""1 Deity vs. Multiple Enemies"", ""Victory"", ""Rewards"", ""Upgrade Deity"", ""Explore Further""], ""forbidden"": [""squad combat"", ""team formations"", ""multiple player-controlled Avatars"", ""ally positioning"", ""team turns""], ""readableRule"": ""Legacy schema label says Deity, current fiction label says Deity: exactly one playable god or goddess is controlled in standard battle."", ""playerControlledAvatars"": 1}","{""enabled"": true, ""homeFactionId"": ""MG-FACTION-006"", ""homeFactionName"": ""Empyrean"", ""eligiblePoolIds"": [""MG-CROSS-RUN-IN-001"", ""MG-CROSS-RUN-IN-002"", ""MG-CROSS-RUN-IN-003"", ""MG-CROSS-RUN-IN-004"", ""MG-CROSS-RUN-IN-005"", ""MG-CROSS-RUN-IN-007""], ""recommendedPoolIds"": [""MG-CROSS-RUN-IN-007"", ""MG-CROSS-RUN-IN-001""], ""rule"": ""Run-ins must have a lore-valid reason: border conflict, Gate pressure, pursuit, oath, contract, trial, defense, corruption response, or event escalation. Never generic faction mixing."", ""oneAvatarVsManyUse"": ""Run-ins add enemy role pressure around the lone Avatar without creating ally units or squad play.""}","{""sourceFactionId"": ""MG-FACTION-006"", ""sourceFactionName"": ""Empyrean"", ""sourceRealm"": ""The Radiant Hierarchies"", ""sourceCultureRule"": ""source culture humans later copied as angelic and heavenly lore"", ""preserve"": [""established faction identity"", ""Mythos Gates mythology"", ""Gates and Codex systems"", ""one player-controlled Avatar combat"", ""mobile UE5 zone structure""], ""forbid"": [""replacement factions"", ""generic corridor dungeon conversion"", ""PC-first combat assumptions"", ""generic monster filler"", ""lore rewrites""]}"
"MG-F06-E-C04-M14","Elite: Ascend the Seraph Burn Archive: Hidden Cache","MG-FACTION-006","","1","1","MG-MAP-011","{""loop"": [""Explore"", ""Encounter"", ""1 Deity vs. Multiple Enemies"", ""Victory"", ""Rewards"", ""Upgrade Deity"", ""Explore Further""], ""forbidden"": [""squad combat"", ""team formations"", ""multiple player-controlled Avatars"", ""ally positioning"", ""team turns""], ""readableRule"": ""Legacy schema label says Deity, current fiction label says Deity: exactly one playable god or goddess is controlled in standard battle."", ""playerControlledAvatars"": 1}","{""enabled"": true, ""homeFactionId"": ""MG-FACTION-006"", ""homeFactionName"": ""Empyrean"", ""eligiblePoolIds"": [""MG-CROSS-RUN-IN-001"", ""MG-CROSS-RUN-IN-002"", ""MG-CROSS-RUN-IN-003"", ""MG-CROSS-RUN-IN-004"", ""MG-CROSS-RUN-IN-005"", ""MG-CROSS-RUN-IN-007""], ""recommendedPoolIds"": [""MG-CROSS-RUN-IN-001"", ""MG-CROSS-RUN-IN-002""], ""rule"": ""Run-ins must have a lore-valid reason: border conflict, Gate pressure, pursuit, oath, contract, trial, defense, corruption response, or event escalation. Never generic faction mixing."", ""oneAvatarVsManyUse"": ""Run-ins add enemy role pressure around the lone Avatar without creating ally units or squad play.""}","{""sourceFactionId"": ""MG-FACTION-006"", ""sourceFactionName"": ""Empyrean"", ""sourceRealm"": ""The Radiant Hierarchies"", ""sourceCultureRule"": ""source culture humans later copied as angelic and heavenly lore"", ""preserve"": [""established faction identity"", ""Mythos Gates mythology"", ""Gates and Codex systems"", ""one player-controlled Avatar combat"", ""mobile UE5 zone structure""], ""forbid"": [""replacement factions"", ""generic corridor dungeon conversion"", ""PC-first combat assumptions"", ""generic monster filler"", ""lore rewrites""]}"
"MG-F06-E-C04-M15","Elite: Resonate the Throne-Ladder of Judgment: Boss Threshold","MG-FACTION-006","","1","1","MG-MAP-012","{""loop"": [""Explore"", ""Encounter"", ""1 Deity vs. Multiple Enemies"", ""Victory"", ""Rewards"", ""Upgrade Deity"", ""Explore Further""], ""forbidden"": [""squad combat"", ""team formations"", ""multiple player-controlled Avatars"", ""ally positioning"", ""team turns""], ""readableRule"": ""Legacy schema label says Deity, current fiction label says Deity: exactly one playable god or goddess is controlled in standard battle."", ""playerControlledAvatars"": 1}","{""enabled"": true, ""homeFactionId"": ""MG-FACTION-006"", ""homeFactionName"": ""Empyrean"", ""eligiblePoolIds"": [""MG-CROSS-RUN-IN-001"", ""MG-CROSS-RUN-IN-002"", ""MG-CROSS-RUN-IN-003"", ""MG-CROSS-RUN-IN-004"", ""MG-CROSS-RUN-IN-005"", ""MG-CROSS-RUN-IN-007""], ""recommendedPoolIds"": [""MG-CROSS-RUN-IN-002"", ""MG-CROSS-RUN-IN-003""], ""rule"": ""Run-ins must have a lore-valid reason: border conflict, Gate pressure, pursuit, oath, contract, trial, defense, corruption response, or event escalation. Never generic faction mixing."", ""oneAvatarVsManyUse"": ""Run-ins add enemy role pressure around the lone Avatar without creating ally units or squad play.""}","{""sourceFactionId"": ""MG-FACTION-006"", ""sourceFactionName"": ""Empyrean"", ""sourceRealm"": ""The Radiant Hierarchies"", ""sourceCultureRule"": ""source culture humans later copied as angelic and heavenly lore"", ""preserve"": [""established faction identity"", ""Mythos Gates mythology"", ""Gates and Codex systems"", ""one player-controlled Avatar combat"", ""mobile UE5 zone structure""], ""forbid"": [""replacement factions"", ""generic corridor dungeon conversion"", ""PC-first combat assumptions"", ""generic monster filler"", ""lore rewrites""]}"
"MG-F06-E-C04-M16","Elite: Absolve the Throne-Ladder of Judgment: Final Approach","MG-FACTION-006","","1","1","MG-MAP-011","{""loop"": [""Explore"", ""Encounter"", ""1 Deity vs. Multiple Enemies"", ""Victory"", ""Rewards"", ""Upgrade Deity"", ""Explore Further""], ""forbidden"": [""squad combat"", ""team formations"", ""multiple player-controlled Avatars"", ""ally positioning"", ""team turns""], ""readableRule"": ""Legacy schema label says Deity, current fiction label says Deity: exactly one playable god or goddess is controlled in standard battle."", ""playerControlledAvatars"": 1}","{""enabled"": true, ""homeFactionId"": ""MG-FACTION-006"", ""homeFactionName"": ""Empyrean"", ""eligiblePoolIds"": [""MG-CROSS-RUN-IN-001"", ""MG-CROSS-RUN-IN-002"", ""MG-CROSS-RUN-IN-003"", ""MG-CROSS-RUN-IN-004"", ""MG-CROSS-RUN-IN-005"", ""MG-CROSS-RUN-IN-007""], ""recommendedPoolIds"": [""MG-CROSS-RUN-IN-003"", ""MG-CROSS-RUN-IN-004""], ""rule"": ""Run-ins must have a lore-valid reason: border conflict, Gate pressure, pursuit, oath, contract, trial, defense, corruption response, or event escalation. Never generic faction mixing."", ""oneAvatarVsManyUse"": ""Run-ins add enemy role pressure around the lone Avatar without creating ally units or squad play.""}","{""sourceFactionId"": ""MG-FACTION-006"", ""sourceFactionName"": ""Empyrean"", ""sourceRealm"": ""The Radiant Hierarchies"", ""sourceCultureRule"": ""source culture humans later copied as angelic and heavenly lore"", ""preserve"": [""established faction identity"", ""Mythos Gates mythology"", ""Gates and Codex systems"", ""one player-controlled Avatar combat"", ""mobile UE5 zone structure""], ""forbid"": [""replacement factions"", ""generic corridor dungeon conversion"", ""PC-first combat assumptions"", ""generic monster filler"", ""lore rewrites""]}"
"MG-F06-E-C05-M17","Elite: Answer the Throne-Ladder of Judgment: Antechamber Seal","MG-FACTION-006","","1","1","MG-MAP-011","{""loop"": [""Explore"", ""Encounter"", ""1 Deity vs. Multiple Enemies"", ""Victory"", ""Rewards"", ""Upgrade Deity"", ""Explore Further""], ""forbidden"": [""squad combat"", ""team formations"", ""multiple player-controlled Avatars"", ""ally positioning"", ""team turns""], ""readableRule"": ""Legacy schema label says Deity, current fiction label says Deity: exactly one playable god or goddess is controlled in standard battle."", ""playerControlledAvatars"": 1}","{""enabled"": true, ""homeFactionId"": ""MG-FACTION-006"", ""homeFactionName"": ""Empyrean"", ""eligiblePoolIds"": [""MG-CROSS-RUN-IN-001"", ""MG-CROSS-RUN-IN-002"", ""MG-CROSS-RUN-IN-003"", ""MG-CROSS-RUN-IN-004"", ""MG-CROSS-RUN-IN-005"", ""MG-CROSS-RUN-IN-007""], ""recommendedPoolIds"": [""MG-CROSS-RUN-IN-005"", ""MG-CROSS-RUN-IN-007""], ""rule"": ""Run-ins must have a lore-valid reason: border conflict, Gate pressure, pursuit, oath, contract, trial, defense, corruption response, or event escalation. Never generic faction mixing."", ""oneAvatarVsManyUse"": ""Run-ins add enemy role pressure around the lone Avatar without creating ally units or squad play.""}","{""sourceFactionId"": ""MG-FACTION-006"", ""sourceFactionName"": ""Empyrean"", ""sourceRealm"": ""The Radiant Hierarchies"", ""sourceCultureRule"": ""source culture humans later copied as angelic and heavenly lore"", ""preserve"": [""established faction identity"", ""Mythos Gates mythology"", ""Gates and Codex systems"", ""one player-controlled Avatar combat"", ""mobile UE5 zone structure""], ""forbid"": [""replacement factions"", ""generic corridor dungeon conversion"", ""PC-first combat assumptions"", ""generic monster filler"", ""lore rewrites""]}"
"MG-F06-E-C05-M18","Elite: Ascend the Silent Seraph Apex: Ascension Seal","MG-FACTION-006","","1","1","MG-MAP-012","{""loop"": [""Explore"", ""Encounter"", ""1 Deity vs. Multiple Enemies"", ""Victory"", ""Rewards"", ""Upgrade Deity"", ""Explore Further""], ""forbidden"": [""squad combat"", ""team formations"", ""multiple player-controlled Avatars"", ""ally positioning"", ""team turns""], ""readableRule"": ""Legacy schema label says Deity, current fiction label says Deity: exactly one playable god or goddess is controlled in standard battle."", ""playerControlledAvatars"": 1}","{""enabled"": true, ""homeFactionId"": ""MG-FACTION-006"", ""homeFactionName"": ""Empyrean"", ""eligiblePoolIds"": [""MG-CROSS-RUN-IN-001"", ""MG-CROSS-RUN-IN-002"", ""MG-CROSS-RUN-IN-003"", ""MG-CROSS-RUN-IN-004"", ""MG-CROSS-RUN-IN-005"", ""MG-CROSS-RUN-IN-007""], ""recommendedPoolIds"": [""MG-CROSS-RUN-IN-007"", ""MG-CROSS-RUN-IN-001""], ""rule"": ""Run-ins must have a lore-valid reason: border conflict, Gate pressure, pursuit, oath, contract, trial, defense, corruption response, or event escalation. Never generic faction mixing."", ""oneAvatarVsManyUse"": ""Run-ins add enemy role pressure around the lone Avatar without creating ally units or squad play.""}","{""sourceFactionId"": ""MG-FACTION-006"", ""sourceFactionName"": ""Empyrean"", ""sourceRealm"": ""The Radiant Hierarchies"", ""sourceCultureRule"": ""source culture humans later copied as angelic and heavenly lore"", ""preserve"": [""established faction identity"", ""Mythos Gates mythology"", ""Gates and Codex systems"", ""one player-controlled Avatar combat"", ""mobile UE5 zone structure""], ""forbid"": [""replacement factions"", ""generic corridor dungeon conversion"", ""PC-first combat assumptions"", ""generic monster filler"", ""lore rewrites""]}"
"MG-F06-E-C05-M19","Elite: Resonate the Silent Seraph Apex: Boss Chamber","MG-FACTION-006","","1","1","MG-MAP-011","{""loop"": [""Explore"", ""Encounter"", ""1 Deity vs. Multiple Enemies"", ""Victory"", ""Rewards"", ""Upgrade Deity"", ""Explore Further""], ""forbidden"": [""squad combat"", ""team formations"", ""multiple player-controlled Avatars"", ""ally positioning"", ""team turns""], ""readableRule"": ""Legacy schema label says Deity, current fiction label says Deity: exactly one playable god or goddess is controlled in standard battle."", ""playerControlledAvatars"": 1}","{""enabled"": true, ""homeFactionId"": ""MG-FACTION-006"", ""homeFactionName"": ""Empyrean"", ""eligiblePoolIds"": [""MG-CROSS-RUN-IN-001"", ""MG-CROSS-RUN-IN-002"", ""MG-CROSS-RUN-IN-003"", ""MG-CROSS-RUN-IN-004"", ""MG-CROSS-RUN-IN-005"", ""MG-CROSS-RUN-IN-007""], ""recommendedPoolIds"": [""MG-CROSS-RUN-IN-001"", ""MG-CROSS-RUN-IN-002""], ""rule"": ""Run-ins must have a lore-valid reason: border conflict, Gate pressure, pursuit, oath, contract, trial, defense, corruption response, or event escalation. Never generic faction mixing."", ""oneAvatarVsManyUse"": ""Run-ins add enemy role pressure around the lone Avatar without creating ally units or squad play.""}","{""sourceFactionId"": ""MG-FACTION-006"", ""sourceFactionName"": ""Empyrean"", ""sourceRealm"": ""The Radiant Hierarchies"", ""sourceCultureRule"": ""source culture humans later copied as angelic and heavenly lore"", ""preserve"": [""established faction identity"", ""Mythos Gates mythology"", ""Gates and Codex systems"", ""one player-controlled Avatar combat"", ""mobile UE5 zone structure""], ""forbid"": [""replacement factions"", ""generic corridor dungeon conversion"", ""PC-first combat assumptions"", ""generic monster filler"", ""lore rewrites""]}"
"MG-F06-E-C05-M20","Elite: Absolve the Silent Seraph Apex: Gate Verdict","MG-FACTION-006","","1","1","MG-MAP-012","{""loop"": [""Explore"", ""Encounter"", ""1 Deity vs. Multiple Enemies"", ""Victory"", ""Rewards"", ""Upgrade Deity"", ""Explore Further""], ""forbidden"": [""squad combat"", ""team formations"", ""multiple player-controlled Avatars"", ""ally positioning"", ""team turns""], ""readableRule"": ""Legacy schema label says Deity, current fiction label says Deity: exactly one playable god or goddess is controlled in standard battle."", ""playerControlledAvatars"": 1}","{""enabled"": true, ""homeFactionId"": ""MG-FACTION-006"", ""homeFactionName"": ""Empyrean"", ""eligiblePoolIds"": [""MG-CROSS-RUN-IN-001"", ""MG-CROSS-RUN-IN-002"", ""MG-CROSS-RUN-IN-003"", ""MG-CROSS-RUN-IN-004"", ""MG-CROSS-RUN-IN-005"", ""MG-CROSS-RUN-IN-007""], ""recommendedPoolIds"": [""MG-CROSS-RUN-IN-002"", ""MG-CROSS-RUN-IN-003""], ""rule"": ""Run-ins must have a lore-valid reason: border conflict, Gate pressure, pursuit, oath, contract, trial, defense, corruption response, or event escalation. Never generic faction mixing."", ""oneAvatarVsManyUse"": ""Run-ins add enemy role pressure around the lone Avatar without creating ally units or squad play.""}","{""sourceFactionId"": ""MG-FACTION-006"", ""sourceFactionName"": ""Empyrean"", ""sourceRealm"": ""The Radiant Hierarchies"", ""sourceCultureRule"": ""source culture humans later copied as angelic and heavenly lore"", ""preserve"": [""established faction identity"", ""Mythos Gates mythology"", ""Gates and Codex systems"", ""one player-controlled Avatar combat"", ""mobile UE5 zone structure""], ""forbid"": [""replacement factions"", ""generic corridor dungeon conversion"", ""PC-first combat assumptions"", ""generic monster filler"", ""lore rewrites""]}"
"MG-F07-C01-M01","Bargain the Black-Iron Gate Dock: First Crossing","MG-FACTION-007","","1","1","MG-MAP-006","{""loop"": [""Explore"", ""Encounter"", ""1 Deity vs. Multiple Enemies"", ""Victory"", ""Rewards"", ""Upgrade Deity"", ""Explore Further""], ""forbidden"": [""squad combat"", ""team formations"", ""multiple player-controlled Avatars"", ""ally positioning"", ""team turns""], ""readableRule"": ""Legacy schema label says Deity, current fiction label says Deity: exactly one playable god or goddess is controlled in standard battle."", ""playerControlledAvatars"": 1}","{""enabled"": true, ""homeFactionId"": ""MG-FACTION-007"", ""homeFactionName"": ""Infernal Dominion"", ""eligiblePoolIds"": [""MG-CROSS-RUN-IN-001"", ""MG-CROSS-RUN-IN-002"", ""MG-CROSS-RUN-IN-003"", ""MG-CROSS-RUN-IN-004"", ""MG-CROSS-RUN-IN-005"", ""MG-CROSS-RUN-IN-006""], ""recommendedPoolIds"": [""MG-CROSS-RUN-IN-003"", ""MG-CROSS-RUN-IN-004""], ""rule"": ""Run-ins must have a lore-valid reason: border conflict, Gate pressure, pursuit, oath, contract, trial, defense, corruption response, or event escalation. Never generic faction mixing."", ""oneAvatarVsManyUse"": ""Run-ins add enemy role pressure around the lone Avatar without creating ally units or squad play.""}","{""sourceFactionId"": ""MG-FACTION-007"", ""sourceFactionName"": ""Infernal Dominion"", ""sourceRealm"": ""The Infernal Dominion"", ""sourceCultureRule"": ""source culture humans later copied as hell, demonology, and infernal contract lore"", ""preserve"": [""established faction identity"", ""Mythos Gates mythology"", ""Gates and Codex systems"", ""one player-controlled Avatar combat"", ""mobile UE5 zone structure""], ""forbid"": [""replacement factions"", ""generic corridor dungeon conversion"", ""PC-first combat assumptions"", ""generic monster filler"", ""lore rewrites""]}"
"MG-F07-C01-M02","Collect the Black-Iron Gate Dock: Name at the Gate","MG-FACTION-007","","1","1","MG-MAP-006","{""loop"": [""Explore"", ""Encounter"", ""1 Deity vs. Multiple Enemies"", ""Victory"", ""Rewards"", ""Upgrade Deity"", ""Explore Further""], ""forbidden"": [""squad combat"", ""team formations"", ""multiple player-controlled Avatars"", ""ally positioning"", ""team turns""], ""readableRule"": ""Legacy schema label says Deity, current fiction label says Deity: exactly one playable god or goddess is controlled in standard battle."", ""playerControlledAvatars"": 1}","{""enabled"": true, ""homeFactionId"": ""MG-FACTION-007"", ""homeFactionName"": ""Infernal Dominion"", ""eligiblePoolIds"": [""MG-CROSS-RUN-IN-001"", ""MG-CROSS-RUN-IN-002"", ""MG-CROSS-RUN-IN-003"", ""MG-CROSS-RUN-IN-004"", ""MG-CROSS-RUN-IN-005"", ""MG-CROSS-RUN-IN-006""], ""recommendedPoolIds"": [""MG-CROSS-RUN-IN-004"", ""MG-CROSS-RUN-IN-005""], ""rule"": ""Run-ins must have a lore-valid reason: border conflict, Gate pressure, pursuit, oath, contract, trial, defense, corruption response, or event escalation. Never generic faction mixing."", ""oneAvatarVsManyUse"": ""Run-ins add enemy role pressure around the lone Avatar without creating ally units or squad play.""}","{""sourceFactionId"": ""MG-FACTION-007"", ""sourceFactionName"": ""Infernal Dominion"", ""sourceRealm"": ""The Infernal Dominion"", ""sourceCultureRule"": ""source culture humans later copied as hell, demonology, and infernal contract lore"", ""preserve"": [""established faction identity"", ""Mythos Gates mythology"", ""Gates and Codex systems"", ""one player-controlled Avatar combat"", ""mobile UE5 zone structure""], ""forbid"": [""replacement factions"", ""generic corridor dungeon conversion"", ""PC-first combat assumptions"", ""generic monster filler"", ""lore rewrites""]}"
"MG-F07-C01-M03","Bind the Ash-Velvet Bargain Market: Forward Claim","MG-FACTION-007","","1","1","MG-MAP-006","{""loop"": [""Explore"", ""Encounter"", ""1 Deity vs. Multiple Enemies"", ""Victory"", ""Rewards"", ""Upgrade Deity"", ""Explore Further""], ""forbidden"": [""squad combat"", ""team formations"", ""multiple player-controlled Avatars"", ""ally positioning"", ""team turns""], ""readableRule"": ""Legacy schema label says Deity, current fiction label says Deity: exactly one playable god or goddess is controlled in standard battle."", ""playerControlledAvatars"": 1}","{""enabled"": true, ""homeFactionId"": ""MG-FACTION-007"", ""homeFactionName"": ""Infernal Dominion"", ""eligiblePoolIds"": [""MG-CROSS-RUN-IN-001"", ""MG-CROSS-RUN-IN-002"", ""MG-CROSS-RUN-IN-003"", ""MG-CROSS-RUN-IN-004"", ""MG-CROSS-RUN-IN-005"", ""MG-CROSS-RUN-IN-006""], ""recommendedPoolIds"": [""MG-CROSS-RUN-IN-005"", ""MG-CROSS-RUN-IN-006""], ""rule"": ""Run-ins must have a lore-valid reason: border conflict, Gate pressure, pursuit, oath, contract, trial, defense, corruption response, or event escalation. Never generic faction mixing."", ""oneAvatarVsManyUse"": ""Run-ins add enemy role pressure around the lone Avatar without creating ally units or squad play.""}","{""sourceFactionId"": ""MG-FACTION-007"", ""sourceFactionName"": ""Infernal Dominion"", ""sourceRealm"": ""The Infernal Dominion"", ""sourceCultureRule"": ""source culture humans later copied as hell, demonology, and infernal contract lore"", ""preserve"": [""established faction identity"", ""Mythos Gates mythology"", ""Gates and Codex systems"", ""one player-controlled Avatar combat"", ""mobile UE5 zone structure""], ""forbid"": [""replacement factions"", ""generic corridor dungeon conversion"", ""PC-first combat assumptions"", ""generic monster filler"", ""lore rewrites""]}"
"MG-F07-C01-M04","Execute the Ash-Velvet Bargain Market: Outer Line","MG-FACTION-007","","1","1","MG-MAP-006","{""loop"": [""Explore"", ""Encounter"", ""1 Deity vs. Multiple Enemies"", ""Victory"", ""Rewards"", ""Upgrade Deity"", ""Explore Further""], ""forbidden"": [""squad combat"", ""team formations"", ""multiple player-controlled Avatars"", ""ally positioning"", ""team turns""], ""readableRule"": ""Legacy schema label says Deity, current fiction label says Deity: exactly one playable god or goddess is controlled in standard battle."", ""playerControlledAvatars"": 1}","{""enabled"": true, ""homeFactionId"": ""MG-FACTION-007"", ""homeFactionName"": ""Infernal Dominion"", ""eligiblePoolIds"": [""MG-CROSS-RUN-IN-001"", ""MG-CROSS-RUN-IN-002"", ""MG-CROSS-RUN-IN-003"", ""MG-CROSS-RUN-IN-004"", ""MG-CROSS-RUN-IN-005"", ""MG-CROSS-RUN-IN-006""], ""recommendedPoolIds"": [""MG-CROSS-RUN-IN-006"", ""MG-CROSS-RUN-IN-001""], ""rule"": ""Run-ins must have a lore-valid reason: border conflict, Gate pressure, pursuit, oath, contract, trial, defense, corruption response, or event escalation. Never generic faction mixing."", ""oneAvatarVsManyUse"": ""Run-ins add enemy role pressure around the lone Avatar without creating ally units or squad play.""}","{""sourceFactionId"": ""MG-FACTION-007"", ""sourceFactionName"": ""Infernal Dominion"", ""sourceRealm"": ""The Infernal Dominion"", ""sourceCultureRule"": ""source culture humans later copied as hell, demonology, and infernal contract lore"", ""preserve"": [""established faction identity"", ""Mythos Gates mythology"", ""Gates and Codex systems"", ""one player-controlled Avatar combat"", ""mobile UE5 zone structure""], ""forbid"": [""replacement factions"", ""generic corridor dungeon conversion"", ""PC-first combat assumptions"", ""generic monster filler"", ""lore rewrites""]}"
"MG-F07-C02-M05","Bargain the Ash-Velvet Bargain Market: Pressure Break","MG-FACTION-007","","1","1","MG-MAP-006","{""loop"": [""Explore"", ""Encounter"", ""1 Deity vs. Multiple Enemies"", ""Victory"", ""Rewards"", ""Upgrade Deity"", ""Explore Further""], ""forbidden"": [""squad combat"", ""team formations"", ""multiple player-controlled Avatars"", ""ally positioning"", ""team turns""], ""readableRule"": ""Legacy schema label says Deity, current fiction label says Deity: exactly one playable god or goddess is controlled in standard battle."", ""playerControlledAvatars"": 1}","{""enabled"": true, ""homeFactionId"": ""MG-FACTION-007"", ""homeFactionName"": ""Infernal Dominion"", ""eligiblePoolIds"": [""MG-CROSS-RUN-IN-001"", ""MG-CROSS-RUN-IN-002"", ""MG-CROSS-RUN-IN-003"", ""MG-CROSS-RUN-IN-004"", ""MG-CROSS-RUN-IN-005"", ""MG-CROSS-RUN-IN-006""], ""recommendedPoolIds"": [""MG-CROSS-RUN-IN-002"", ""MG-CROSS-RUN-IN-003""], ""rule"": ""Run-ins must have a lore-valid reason: border conflict, Gate pressure, pursuit, oath, contract, trial, defense, corruption response, or event escalation. Never generic faction mixing."", ""oneAvatarVsManyUse"": ""Run-ins add enemy role pressure around the lone Avatar without creating ally units or squad play.""}","{""sourceFactionId"": ""MG-FACTION-007"", ""sourceFactionName"": ""Infernal Dominion"", ""sourceRealm"": ""The Infernal Dominion"", ""sourceCultureRule"": ""source culture humans later copied as hell, demonology, and infernal contract lore"", ""preserve"": [""established faction identity"", ""Mythos Gates mythology"", ""Gates and Codex systems"", ""one player-controlled Avatar combat"", ""mobile UE5 zone structure""], ""forbid"": [""replacement factions"", ""generic corridor dungeon conversion"", ""PC-first combat assumptions"", ""generic monster filler"", ""lore rewrites""]}"
"MG-F07-C02-M06","Collect the Contract Circle Gallery: Trial Mechanism","MG-FACTION-007","","1","1","MG-MAP-006","{""loop"": [""Explore"", ""Encounter"", ""1 Deity vs. Multiple Enemies"", ""Victory"", ""Rewards"", ""Upgrade Deity"", ""Explore Further""], ""forbidden"": [""squad combat"", ""team formations"", ""multiple player-controlled Avatars"", ""ally positioning"", ""team turns""], ""readableRule"": ""Legacy schema label says Deity, current fiction label says Deity: exactly one playable god or goddess is controlled in standard battle."", ""playerControlledAvatars"": 1}","{""enabled"": true, ""homeFactionId"": ""MG-FACTION-007"", ""homeFactionName"": ""Infernal Dominion"", ""eligiblePoolIds"": [""MG-CROSS-RUN-IN-001"", ""MG-CROSS-RUN-IN-002"", ""MG-CROSS-RUN-IN-003"", ""MG-CROSS-RUN-IN-004"", ""MG-CROSS-RUN-IN-005"", ""MG-CROSS-RUN-IN-006""], ""recommendedPoolIds"": [""MG-CROSS-RUN-IN-003"", ""MG-CROSS-RUN-IN-004""], ""rule"": ""Run-ins must have a lore-valid reason: border conflict, Gate pressure, pursuit, oath, contract, trial, defense, corruption response, or event escalation. Never generic faction mixing."", ""oneAvatarVsManyUse"": ""Run-ins add enemy role pressure around the lone Avatar without creating ally units or squad play.""}","{""sourceFactionId"": ""MG-FACTION-007"", ""sourceFactionName"": ""Infernal Dominion"", ""sourceRealm"": ""The Infernal Dominion"", ""sourceCultureRule"": ""source culture humans later copied as hell, demonology, and infernal contract lore"", ""preserve"": [""established faction identity"", ""Mythos Gates mythology"", ""Gates and Codex systems"", ""one player-controlled Avatar combat"", ""mobile UE5 zone structure""], ""forbid"": [""replacement factions"", ""generic corridor dungeon conversion"", ""PC-first combat assumptions"", ""generic monster filler"", ""lore rewrites""]}"
"MG-F07-C02-M07","Bind the Contract Circle Gallery: Hazard Reading","MG-FACTION-007","","1","1","MG-MAP-006","{""loop"": [""Explore"", ""Encounter"", ""1 Deity vs. Multiple Enemies"", ""Victory"", ""Rewards"", ""Upgrade Deity"", ""Explore Further""], ""forbidden"": [""squad combat"", ""team formations"", ""multiple player-controlled Avatars"", ""ally positioning"", ""team turns""], ""readableRule"": ""Legacy schema label says Deity, current fiction label says Deity: exactly one playable god or goddess is controlled in standard battle."", ""playerControlledAvatars"": 1}","{""enabled"": true, ""homeFactionId"": ""MG-FACTION-007"", ""homeFactionName"": ""Infernal Dominion"", ""eligiblePoolIds"": [""MG-CROSS-RUN-IN-001"", ""MG-CROSS-RUN-IN-002"", ""MG-CROSS-RUN-IN-003"", ""MG-CROSS-RUN-IN-004"", ""MG-CROSS-RUN-IN-005"", ""MG-CROSS-RUN-IN-006""], ""recommendedPoolIds"": [""MG-CROSS-RUN-IN-004"", ""MG-CROSS-RUN-IN-005""], ""rule"": ""Run-ins must have a lore-valid reason: border conflict, Gate pressure, pursuit, oath, contract, trial, defense, corruption response, or event escalation. Never generic faction mixing."", ""oneAvatarVsManyUse"": ""Run-ins add enemy role pressure around the lone Avatar without creating ally units or squad play.""}","{""sourceFactionId"": ""MG-FACTION-007"", ""sourceFactionName"": ""Infernal Dominion"", ""sourceRealm"": ""The Infernal Dominion"", ""sourceCultureRule"": ""source culture humans later copied as hell, demonology, and infernal contract lore"", ""preserve"": [""established faction identity"", ""Mythos Gates mythology"", ""Gates and Codex systems"", ""one player-controlled Avatar combat"", ""mobile UE5 zone structure""], ""forbid"": [""replacement factions"", ""generic corridor dungeon conversion"", ""PC-first combat assumptions"", ""generic monster filler"", ""lore rewrites""]}"
"MG-F07-C02-M08","Execute the Contract Circle Gallery: Lughching Law","MG-FACTION-007","","1","1","MG-MAP-006","{""loop"": [""Explore"", ""Encounter"", ""1 Deity vs. Multiple Enemies"", ""Victory"", ""Rewards"", ""Upgrade Deity"", ""Explore Further""], ""forbidden"": [""squad combat"", ""team formations"", ""multiple player-controlled Avatars"", ""ally positioning"", ""team turns""], ""readableRule"": ""Legacy schema label says Deity, current fiction label says Deity: exactly one playable god or goddess is controlled in standard battle."", ""playerControlledAvatars"": 1}","{""enabled"": true, ""homeFactionId"": ""MG-FACTION-007"", ""homeFactionName"": ""Infernal Dominion"", ""eligiblePoolIds"": [""MG-CROSS-RUN-IN-001"", ""MG-CROSS-RUN-IN-002"", ""MG-CROSS-RUN-IN-003"", ""MG-CROSS-RUN-IN-004"", ""MG-CROSS-RUN-IN-005"", ""MG-CROSS-RUN-IN-006""], ""recommendedPoolIds"": [""MG-CROSS-RUN-IN-005"", ""MG-CROSS-RUN-IN-006""], ""rule"": ""Run-ins must have a lore-valid reason: border conflict, Gate pressure, pursuit, oath, contract, trial, defense, corruption response, or event escalation. Never generic faction mixing."", ""oneAvatarVsManyUse"": ""Run-ins add enemy role pressure around the lone Avatar without creating ally units or squad play.""}","{""sourceFactionId"": ""MG-FACTION-007"", ""sourceFactionName"": ""Infernal Dominion"", ""sourceRealm"": ""The Infernal Dominion"", ""sourceCultureRule"": ""source culture humans later copied as hell, demonology, and infernal contract lore"", ""preserve"": [""established faction identity"", ""Mythos Gates mythology"", ""Gates and Codex systems"", ""one player-controlled Avatar combat"", ""mobile UE5 zone structure""], ""forbid"": [""replacement factions"", ""generic corridor dungeon conversion"", ""PC-first combat assumptions"", ""generic monster filler"", ""lore rewrites""]}"
"MG-F07-C03-M09","Bargain the Chain-Tithe Causeway: Key Verdict","MG-FACTION-007","","1","1","MG-MAP-006","{""loop"": [""Explore"", ""Encounter"", ""1 Deity vs. Multiple Enemies"", ""Victory"", ""Rewards"", ""Upgrade Deity"", ""Explore Further""], ""forbidden"": [""squad combat"", ""team formations"", ""multiple player-controlled Avatars"", ""ally positioning"", ""team turns""], ""readableRule"": ""Legacy schema label says Deity, current fiction label says Deity: exactly one playable god or goddess is controlled in standard battle."", ""playerControlledAvatars"": 1}","{""enabled"": true, ""homeFactionId"": ""MG-FACTION-007"", ""homeFactionName"": ""Infernal Dominion"", ""eligiblePoolIds"": [""MG-CROSS-RUN-IN-001"", ""MG-CROSS-RUN-IN-002"", ""MG-CROSS-RUN-IN-003"", ""MG-CROSS-RUN-IN-004"", ""MG-CROSS-RUN-IN-005"", ""MG-CROSS-RUN-IN-006""], ""recommendedPoolIds"": [""MG-CROSS-RUN-IN-001"", ""MG-CROSS-RUN-IN-002""], ""rule"": ""Run-ins must have a lore-valid reason: border conflict, Gate pressure, pursuit, oath, contract, trial, defense, corruption response, or event escalation. Never generic faction mixing."", ""oneAvatarVsManyUse"": ""Run-ins add enemy role pressure around the lone Avatar without creating ally units or squad play.""}","{""sourceFactionId"": ""MG-FACTION-007"", ""sourceFactionName"": ""Infernal Dominion"", ""sourceRealm"": ""The Infernal Dominion"", ""sourceCultureRule"": ""source culture humans later copied as hell, demonology, and infernal contract lore"", ""preserve"": [""established faction identity"", ""Mythos Gates mythology"", ""Gates and Codex systems"", ""one player-controlled Avatar combat"", ""mobile UE5 zone structure""], ""forbid"": [""replacement factions"", ""generic corridor dungeon conversion"", ""PC-first combat assumptions"", ""generic monster filler"", ""lore rewrites""]}"
"MG-F07-C03-M10","Collect the Chain-Tithe Causeway: Elite Lock","MG-FACTION-007","","1","1","MG-MAP-006","{""loop"": [""Explore"", ""Encounter"", ""1 Deity vs. Multiple Enemies"", ""Victory"", ""Rewards"", ""Upgrade Deity"", ""Explore Further""], ""forbidden"": [""squad combat"", ""team formations"", ""multiple player-controlled Avatars"", ""ally positioning"", ""team turns""], ""readableRule"": ""Legacy schema label says Deity, current fiction label says Deity: exactly one playable god or goddess is controlled in standard battle."", ""playerControlledAvatars"": 1}","{""enabled"": true, ""homeFactionId"": ""MG-FACTION-007"", ""homeFactionName"": ""Infernal Dominion"", ""eligiblePoolIds"": [""MG-CROSS-RUN-IN-001"", ""MG-CROSS-RUN-IN-002"", ""MG-CROSS-RUN-IN-003"", ""MG-CROSS-RUN-IN-004"", ""MG-CROSS-RUN-IN-005"", ""MG-CROSS-RUN-IN-006""], ""recommendedPoolIds"": [""MG-CROSS-RUN-IN-002"", ""MG-CROSS-RUN-IN-003""], ""rule"": ""Run-ins must have a lore-valid reason: border conflict, Gate pressure, pursuit, oath, contract, trial, defense, corruption response, or event escalation. Never generic faction mixing."", ""oneAvatarVsManyUse"": ""Run-ins add enemy role pressure around the lone Avatar without creating ally units or squad play.""}","{""sourceFactionId"": ""MG-FACTION-007"", ""sourceFactionName"": ""Infernal Dominion"", ""sourceRealm"": ""The Infernal Dominion"", ""sourceCultureRule"": ""source culture humans later copied as hell, demonology, and infernal contract lore"", ""preserve"": [""established faction identity"", ""Mythos Gates mythology"", ""Gates and Codex systems"", ""one player-controlled Avatar combat"", ""mobile UE5 zone structure""], ""forbid"": [""replacement factions"", ""generic corridor dungeon conversion"", ""PC-first combat assumptions"", ""generic monster filler"", ""lore rewrites""]}"
"MG-F07-C03-M11","Bind the Chain-Tithe Causeway: Warden Duel","MG-FACTION-007","","1","1","MG-MAP-006","{""loop"": [""Explore"", ""Encounter"", ""1 Deity vs. Multiple Enemies"", ""Victory"", ""Rewards"", ""Upgrade Deity"", ""Explore Further""], ""forbidden"": [""squad combat"", ""team formations"", ""multiple player-controlled Avatars"", ""ally positioning"", ""team turns""], ""readableRule"": ""Legacy schema label says Deity, current fiction label says Deity: exactly one playable god or goddess is controlled in standard battle."", ""playerControlledAvatars"": 1}","{""enabled"": true, ""homeFactionId"": ""MG-FACTION-007"", ""homeFactionName"": ""Infernal Dominion"", ""eligiblePoolIds"": [""MG-CROSS-RUN-IN-001"", ""MG-CROSS-RUN-IN-002"", ""MG-CROSS-RUN-IN-003"", ""MG-CROSS-RUN-IN-004"", ""MG-CROSS-RUN-IN-005"", ""MG-CROSS-RUN-IN-006""], ""recommendedPoolIds"": [""MG-CROSS-RUN-IN-003"", ""MG-CROSS-RUN-IN-004""], ""rule"": ""Run-ins must have a lore-valid reason: border conflict, Gate pressure, pursuit, oath, contract, trial, defense, corruption response, or event escalation. Never generic faction mixing."", ""oneAvatarVsManyUse"": ""Run-ins add enemy role pressure around the lone Avatar without creating ally units or squad play.""}","{""sourceFactionId"": ""MG-FACTION-007"", ""sourceFactionName"": ""Infernal Dominion"", ""sourceRealm"": ""The Infernal Dominion"", ""sourceCultureRule"": ""source culture humans later copied as hell, demonology, and infernal contract lore"", ""preserve"": [""established faction identity"", ""Mythos Gates mythology"", ""Gates and Codex systems"", ""one player-controlled Avatar combat"", ""mobile UE5 zone structure""], ""forbid"": [""replacement factions"", ""generic corridor dungeon conversion"", ""PC-first combat assumptions"", ""generic monster filler"", ""lore rewrites""]}"
"MG-F07-C03-M12","Execute the Volcanic Glass Throne Steps: Lore Price","MG-FACTION-007","","1","1","MG-MAP-006","{""loop"": [""Explore"", ""Encounter"", ""1 Deity vs. Multiple Enemies"", ""Victory"", ""Rewards"", ""Upgrade Deity"", ""Explore Further""], ""forbidden"": [""squad combat"", ""team formations"", ""multiple player-controlled Avatars"", ""ally positioning"", ""team turns""], ""readableRule"": ""Legacy schema label says Deity, current fiction label says Deity: exactly one playable god or goddess is controlled in standard battle."", ""playerControlledAvatars"": 1}","{""enabled"": true, ""homeFactionId"": ""MG-FACTION-007"", ""homeFactionName"": ""Infernal Dominion"", ""eligiblePoolIds"": [""MG-CROSS-RUN-IN-001"", ""MG-CROSS-RUN-IN-002"", ""MG-CROSS-RUN-IN-003"", ""MG-CROSS-RUN-IN-004"", ""MG-CROSS-RUN-IN-005"", ""MG-CROSS-RUN-IN-006""], ""recommendedPoolIds"": [""MG-CROSS-RUN-IN-004"", ""MG-CROSS-RUN-IN-005""], ""rule"": ""Run-ins must have a lore-valid reason: border conflict, Gate pressure, pursuit, oath, contract, trial, defense, corruption response, or event escalation. Never generic faction mixing."", ""oneAvatarVsManyUse"": ""Run-ins add enemy role pressure around the lone Avatar without creating ally units or squad play.""}","{""sourceFactionId"": ""MG-FACTION-007"", ""sourceFactionName"": ""Infernal Dominion"", ""sourceRealm"": ""The Infernal Dominion"", ""sourceCultureRule"": ""source culture humans later copied as hell, demonology, and infernal contract lore"", ""preserve"": [""established faction identity"", ""Mythos Gates mythology"", ""Gates and Codex systems"", ""one player-controlled Avatar combat"", ""mobile UE5 zone structure""], ""forbid"": [""replacement factions"", ""generic corridor dungeon conversion"", ""PC-first combat assumptions"", ""generic monster filler"", ""lore rewrites""]}"
"MG-F07-C04-M13","Bargain the Volcanic Glass Throne Steps: Relic Detour","MG-FACTION-007","","1","1","MG-MAP-006","{""loop"": [""Explore"", ""Encounter"", ""1 Deity vs. Multiple Enemies"", ""Victory"", ""Rewards"", ""Upgrade Deity"", ""Explore Further""], ""forbidden"": [""squad combat"", ""team formations"", ""multiple player-controlled Avatars"", ""ally positioning"", ""team turns""], ""readableRule"": ""Legacy schema label says Deity, current fiction label says Deity: exactly one playable god or goddess is controlled in standard battle."", ""playerControlledAvatars"": 1}","{""enabled"": true, ""homeFactionId"": ""MG-FACTION-007"", ""homeFactionName"": ""Infernal Dominion"", ""eligiblePoolIds"": [""MG-CROSS-RUN-IN-001"", ""MG-CROSS-RUN-IN-002"", ""MG-CROSS-RUN-IN-003"", ""MG-CROSS-RUN-IN-004"", ""MG-CROSS-RUN-IN-005"", ""MG-CROSS-RUN-IN-006""], ""recommendedPoolIds"": [""MG-CROSS-RUN-IN-006"", ""MG-CROSS-RUN-IN-001""], ""rule"": ""Run-ins must have a lore-valid reason: border conflict, Gate pressure, pursuit, oath, contract, trial, defense, corruption response, or event escalation. Never generic faction mixing."", ""oneAvatarVsManyUse"": ""Run-ins add enemy role pressure around the lone Avatar without creating ally units or squad play.""}","{""sourceFactionId"": ""MG-FACTION-007"", ""sourceFactionName"": ""Infernal Dominion"", ""sourceRealm"": ""The Infernal Dominion"", ""sourceCultureRule"": ""source culture humans later copied as hell, demonology, and infernal contract lore"", ""preserve"": [""established faction identity"", ""Mythos Gates mythology"", ""Gates and Codex systems"", ""one player-controlled Avatar combat"", ""mobile UE5 zone structure""], ""forbid"": [""replacement factions"", ""generic corridor dungeon conversion"", ""PC-first combat assumptions"", ""generic monster filler"", ""lore rewrites""]}"
"MG-F07-C04-M14","Collect the Volcanic Glass Throne Steps: Hidden Cache","MG-FACTION-007","","1","1","MG-MAP-006","{""loop"": [""Explore"", ""Encounter"", ""1 Deity vs. Multiple Enemies"", ""Victory"", ""Rewards"", ""Upgrade Deity"", ""Explore Further""], ""forbidden"": [""squad combat"", ""team formations"", ""multiple player-controlled Avatars"", ""ally positioning"", ""team turns""], ""readableRule"": ""Legacy schema label says Deity, current fiction label says Deity: exactly one playable god or goddess is controlled in standard battle."", ""playerControlledAvatars"": 1}","{""enabled"": true, ""homeFactionId"": ""MG-FACTION-007"", ""homeFactionName"": ""Infernal Dominion"", ""eligiblePoolIds"": [""MG-CROSS-RUN-IN-001"", ""MG-CROSS-RUN-IN-002"", ""MG-CROSS-RUN-IN-003"", ""MG-CROSS-RUN-IN-004"", ""MG-CROSS-RUN-IN-005"", ""MG-CROSS-RUN-IN-006""], ""recommendedPoolIds"": [""MG-CROSS-RUN-IN-001"", ""MG-CROSS-RUN-IN-002""], ""rule"": ""Run-ins must have a lore-valid reason: border conflict, Gate pressure, pursuit, oath, contract, trial, defense, corruption response, or event escalation. Never generic faction mixing."", ""oneAvatarVsManyUse"": ""Run-ins add enemy role pressure around the lone Avatar without creating ally units or squad play.""}","{""sourceFactionId"": ""MG-FACTION-007"", ""sourceFactionName"": ""Infernal Dominion"", ""sourceRealm"": ""The Infernal Dominion"", ""sourceCultureRule"": ""source culture humans later copied as hell, demonology, and infernal contract lore"", ""preserve"": [""established faction identity"", ""Mythos Gates mythology"", ""Gates and Codex systems"", ""one player-controlled Avatar combat"", ""mobile UE5 zone structure""], ""forbid"": [""replacement factions"", ""generic corridor dungeon conversion"", ""PC-first combat assumptions"", ""generic monster filler"", ""lore rewrites""]}"
"MG-F07-C04-M15","Bind the Debt Furnace Treasury: Boss Threshold","MG-FACTION-007","","1","1","MG-MAP-006","{""loop"": [""Explore"", ""Encounter"", ""1 Deity vs. Multiple Enemies"", ""Victory"", ""Rewards"", ""Upgrade Deity"", ""Explore Further""], ""forbidden"": [""squad combat"", ""team formations"", ""multiple player-controlled Avatars"", ""ally positioning"", ""team turns""], ""readableRule"": ""Legacy schema label says Deity, current fiction label says Deity: exactly one playable god or goddess is controlled in standard battle."", ""playerControlledAvatars"": 1}","{""enabled"": true, ""homeFactionId"": ""MG-FACTION-007"", ""homeFactionName"": ""Infernal Dominion"", ""eligiblePoolIds"": [""MG-CROSS-RUN-IN-001"", ""MG-CROSS-RUN-IN-002"", ""MG-CROSS-RUN-IN-003"", ""MG-CROSS-RUN-IN-004"", ""MG-CROSS-RUN-IN-005"", ""MG-CROSS-RUN-IN-006""], ""recommendedPoolIds"": [""MG-CROSS-RUN-IN-002"", ""MG-CROSS-RUN-IN-003""], ""rule"": ""Run-ins must have a lore-valid reason: border conflict, Gate pressure, pursuit, oath, contract, trial, defense, corruption response, or event escalation. Never generic faction mixing."", ""oneAvatarVsManyUse"": ""Run-ins add enemy role pressure around the lone Avatar without creating ally units or squad play.""}","{""sourceFactionId"": ""MG-FACTION-007"", ""sourceFactionName"": ""Infernal Dominion"", ""sourceRealm"": ""The Infernal Dominion"", ""sourceCultureRule"": ""source culture humans later copied as hell, demonology, and infernal contract lore"", ""preserve"": [""established faction identity"", ""Mythos Gates mythology"", ""Gates and Codex systems"", ""one player-controlled Avatar combat"", ""mobile UE5 zone structure""], ""forbid"": [""replacement factions"", ""generic corridor dungeon conversion"", ""PC-first combat assumptions"", ""generic monster filler"", ""lore rewrites""]}"
"MG-F07-C04-M16","Execute the Debt Furnace Treasury: Final Approach","MG-FACTION-007","","1","1","MG-MAP-006","{""loop"": [""Explore"", ""Encounter"", ""1 Deity vs. Multiple Enemies"", ""Victory"", ""Rewards"", ""Upgrade Deity"", ""Explore Further""], ""forbidden"": [""squad combat"", ""team formations"", ""multiple player-controlled Avatars"", ""ally positioning"", ""team turns""], ""readableRule"": ""Legacy schema label says Deity, current fiction label says Deity: exactly one playable god or goddess is controlled in standard battle."", ""playerControlledAvatars"": 1}","{""enabled"": true, ""homeFactionId"": ""MG-FACTION-007"", ""homeFactionName"": ""Infernal Dominion"", ""eligiblePoolIds"": [""MG-CROSS-RUN-IN-001"", ""MG-CROSS-RUN-IN-002"", ""MG-CROSS-RUN-IN-003"", ""MG-CROSS-RUN-IN-004"", ""MG-CROSS-RUN-IN-005"", ""MG-CROSS-RUN-IN-006""], ""recommendedPoolIds"": [""MG-CROSS-RUN-IN-003"", ""MG-CROSS-RUN-IN-004""], ""rule"": ""Run-ins must have a lore-valid reason: border conflict, Gate pressure, pursuit, oath, contract, trial, defense, corruption response, or event escalation. Never generic faction mixing."", ""oneAvatarVsManyUse"": ""Run-ins add enemy role pressure around the lone Avatar without creating ally units or squad play.""}","{""sourceFactionId"": ""MG-FACTION-007"", ""sourceFactionName"": ""Infernal Dominion"", ""sourceRealm"": ""The Infernal Dominion"", ""sourceCultureRule"": ""source culture humans later copied as hell, demonology, and infernal contract lore"", ""preserve"": [""established faction identity"", ""Mythos Gates mythology"", ""Gates and Codex systems"", ""one player-controlled Avatar combat"", ""mobile UE5 zone structure""], ""forbid"": [""replacement factions"", ""generic corridor dungeon conversion"", ""PC-first combat assumptions"", ""generic monster filler"", ""lore rewrites""]}"
"MG-F07-C05-M17","Bargain the Debt Furnace Treasury: Antechamber Seal","MG-FACTION-007","","1","1","MG-MAP-006","{""loop"": [""Explore"", ""Encounter"", ""1 Deity vs. Multiple Enemies"", ""Victory"", ""Rewards"", ""Upgrade Deity"", ""Explore Further""], ""forbidden"": [""squad combat"", ""team formations"", ""multiple player-controlled Avatars"", ""ally positioning"", ""team turns""], ""readableRule"": ""Legacy schema label says Deity, current fiction label says Deity: exactly one playable god or goddess is controlled in standard battle."", ""playerControlledAvatars"": 1}","{""enabled"": true, ""homeFactionId"": ""MG-FACTION-007"", ""homeFactionName"": ""Infernal Dominion"", ""eligiblePoolIds"": [""MG-CROSS-RUN-IN-001"", ""MG-CROSS-RUN-IN-002"", ""MG-CROSS-RUN-IN-003"", ""MG-CROSS-RUN-IN-004"", ""MG-CROSS-RUN-IN-005"", ""MG-CROSS-RUN-IN-006""], ""recommendedPoolIds"": [""MG-CROSS-RUN-IN-005"", ""MG-CROSS-RUN-IN-006""], ""rule"": ""Run-ins must have a lore-valid reason: border conflict, Gate pressure, pursuit, oath, contract, trial, defense, corruption response, or event escalation. Never generic faction mixing."", ""oneAvatarVsManyUse"": ""Run-ins add enemy role pressure around the lone Avatar without creating ally units or squad play.""}","{""sourceFactionId"": ""MG-FACTION-007"", ""sourceFactionName"": ""Infernal Dominion"", ""sourceRealm"": ""The Infernal Dominion"", ""sourceCultureRule"": ""source culture humans later copied as hell, demonology, and infernal contract lore"", ""preserve"": [""established faction identity"", ""Mythos Gates mythology"", ""Gates and Codex systems"", ""one player-controlled Avatar combat"", ""mobile UE5 zone structure""], ""forbid"": [""replacement factions"", ""generic corridor dungeon conversion"", ""PC-first combat assumptions"", ""generic monster filler"", ""lore rewrites""]}"
"MG-F07-C05-M18","Collect the Magistrate Verdict Court: Ascension Seal","MG-FACTION-007","","1","1","MG-MAP-006","{""loop"": [""Explore"", ""Encounter"", ""1 Deity vs. Multiple Enemies"", ""Victory"", ""Rewards"", ""Upgrade Deity"", ""Explore Further""], ""forbidden"": [""squad combat"", ""team formations"", ""multiple player-controlled Avatars"", ""ally positioning"", ""team turns""], ""readableRule"": ""Legacy schema label says Deity, current fiction label says Deity: exactly one playable god or goddess is controlled in standard battle."", ""playerControlledAvatars"": 1}","{""enabled"": true, ""homeFactionId"": ""MG-FACTION-007"", ""homeFactionName"": ""Infernal Dominion"", ""eligiblePoolIds"": [""MG-CROSS-RUN-IN-001"", ""MG-CROSS-RUN-IN-002"", ""MG-CROSS-RUN-IN-003"", ""MG-CROSS-RUN-IN-004"", ""MG-CROSS-RUN-IN-005"", ""MG-CROSS-RUN-IN-006""], ""recommendedPoolIds"": [""MG-CROSS-RUN-IN-006"", ""MG-CROSS-RUN-IN-001""], ""rule"": ""Run-ins must have a lore-valid reason: border conflict, Gate pressure, pursuit, oath, contract, trial, defense, corruption response, or event escalation. Never generic faction mixing."", ""oneAvatarVsManyUse"": ""Run-ins add enemy role pressure around the lone Avatar without creating ally units or squad play.""}","{""sourceFactionId"": ""MG-FACTION-007"", ""sourceFactionName"": ""Infernal Dominion"", ""sourceRealm"": ""The Infernal Dominion"", ""sourceCultureRule"": ""source culture humans later copied as hell, demonology, and infernal contract lore"", ""preserve"": [""established faction identity"", ""Mythos Gates mythology"", ""Gates and Codex systems"", ""one player-controlled Avatar combat"", ""mobile UE5 zone structure""], ""forbid"": [""replacement factions"", ""generic corridor dungeon conversion"", ""PC-first combat assumptions"", ""generic monster filler"", ""lore rewrites""]}"
"MG-F07-C05-M19","Bind the Magistrate Verdict Court: Boss Chamber","MG-FACTION-007","","1","1","MG-MAP-006","{""loop"": [""Explore"", ""Encounter"", ""1 Deity vs. Multiple Enemies"", ""Victory"", ""Rewards"", ""Upgrade Deity"", ""Explore Further""], ""forbidden"": [""squad combat"", ""team formations"", ""multiple player-controlled Avatars"", ""ally positioning"", ""team turns""], ""readableRule"": ""Legacy schema label says Deity, current fiction label says Deity: exactly one playable god or goddess is controlled in standard battle."", ""playerControlledAvatars"": 1}","{""enabled"": true, ""homeFactionId"": ""MG-FACTION-007"", ""homeFactionName"": ""Infernal Dominion"", ""eligiblePoolIds"": [""MG-CROSS-RUN-IN-001"", ""MG-CROSS-RUN-IN-002"", ""MG-CROSS-RUN-IN-003"", ""MG-CROSS-RUN-IN-004"", ""MG-CROSS-RUN-IN-005"", ""MG-CROSS-RUN-IN-006""], ""recommendedPoolIds"": [""MG-CROSS-RUN-IN-001"", ""MG-CROSS-RUN-IN-002""], ""rule"": ""Run-ins must have a lore-valid reason: border conflict, Gate pressure, pursuit, oath, contract, trial, defense, corruption response, or event escalation. Never generic faction mixing."", ""oneAvatarVsManyUse"": ""Run-ins add enemy role pressure around the lone Avatar without creating ally units or squad play.""}","{""sourceFactionId"": ""MG-FACTION-007"", ""sourceFactionName"": ""Infernal Dominion"", ""sourceRealm"": ""The Infernal Dominion"", ""sourceCultureRule"": ""source culture humans later copied as hell, demonology, and infernal contract lore"", ""preserve"": [""established faction identity"", ""Mythos Gates mythology"", ""Gates and Codex systems"", ""one player-controlled Avatar combat"", ""mobile UE5 zone structure""], ""forbid"": [""replacement factions"", ""generic corridor dungeon conversion"", ""PC-first combat assumptions"", ""generic monster filler"", ""lore rewrites""]}"
"MG-F07-C05-M20","Execute the Magistrate Verdict Court: Gate Verdict","MG-FACTION-007","","1","1","MG-MAP-006","{""loop"": [""Explore"", ""Encounter"", ""1 Deity vs. Multiple Enemies"", ""Victory"", ""Rewards"", ""Upgrade Deity"", ""Explore Further""], ""forbidden"": [""squad combat"", ""team formations"", ""multiple player-controlled Avatars"", ""ally positioning"", ""team turns""], ""readableRule"": ""Legacy schema label says Deity, current fiction label says Deity: exactly one playable god or goddess is controlled in standard battle."", ""playerControlledAvatars"": 1}","{""enabled"": true, ""homeFactionId"": ""MG-FACTION-007"", ""homeFactionName"": ""Infernal Dominion"", ""eligiblePoolIds"": [""MG-CROSS-RUN-IN-001"", ""MG-CROSS-RUN-IN-002"", ""MG-CROSS-RUN-IN-003"", ""MG-CROSS-RUN-IN-004"", ""MG-CROSS-RUN-IN-005"", ""MG-CROSS-RUN-IN-006""], ""recommendedPoolIds"": [""MG-CROSS-RUN-IN-002"", ""MG-CROSS-RUN-IN-003""], ""rule"": ""Run-ins must have a lore-valid reason: border conflict, Gate pressure, pursuit, oath, contract, trial, defense, corruption response, or event escalation. Never generic faction mixing."", ""oneAvatarVsManyUse"": ""Run-ins add enemy role pressure around the lone Avatar without creating ally units or squad play.""}","{""sourceFactionId"": ""MG-FACTION-007"", ""sourceFactionName"": ""Infernal Dominion"", ""sourceRealm"": ""The Infernal Dominion"", ""sourceCultureRule"": ""source culture humans later copied as hell, demonology, and infernal contract lore"", ""preserve"": [""established faction identity"", ""Mythos Gates mythology"", ""Gates and Codex systems"", ""one player-controlled Avatar combat"", ""mobile UE5 zone structure""], ""forbid"": [""replacement factions"", ""generic corridor dungeon conversion"", ""PC-first combat assumptions"", ""generic monster filler"", ""lore rewrites""]}"
"MG-F07-E-C01-M01","Elite: Bargain the Black-Iron Gate Dock: First Crossing","MG-FACTION-007","","1","1","MG-MAP-006","{""loop"": [""Explore"", ""Encounter"", ""1 Deity vs. Multiple Enemies"", ""Victory"", ""Rewards"", ""Upgrade Deity"", ""Explore Further""], ""forbidden"": [""squad combat"", ""team formations"", ""multiple player-controlled Avatars"", ""ally positioning"", ""team turns""], ""readableRule"": ""Legacy schema label says Deity, current fiction label says Deity: exactly one playable god or goddess is controlled in standard battle."", ""playerControlledAvatars"": 1}","{""enabled"": true, ""homeFactionId"": ""MG-FACTION-007"", ""homeFactionName"": ""Infernal Dominion"", ""eligiblePoolIds"": [""MG-CROSS-RUN-IN-001"", ""MG-CROSS-RUN-IN-002"", ""MG-CROSS-RUN-IN-003"", ""MG-CROSS-RUN-IN-004"", ""MG-CROSS-RUN-IN-005"", ""MG-CROSS-RUN-IN-006""], ""recommendedPoolIds"": [""MG-CROSS-RUN-IN-003"", ""MG-CROSS-RUN-IN-004""], ""rule"": ""Run-ins must have a lore-valid reason: border conflict, Gate pressure, pursuit, oath, contract, trial, defense, corruption response, or event escalation. Never generic faction mixing."", ""oneAvatarVsManyUse"": ""Run-ins add enemy role pressure around the lone Avatar without creating ally units or squad play.""}","{""sourceFactionId"": ""MG-FACTION-007"", ""sourceFactionName"": ""Infernal Dominion"", ""sourceRealm"": ""The Infernal Dominion"", ""sourceCultureRule"": ""source culture humans later copied as hell, demonology, and infernal contract lore"", ""preserve"": [""established faction identity"", ""Mythos Gates mythology"", ""Gates and Codex systems"", ""one player-controlled Avatar combat"", ""mobile UE5 zone structure""], ""forbid"": [""replacement factions"", ""generic corridor dungeon conversion"", ""PC-first combat assumptions"", ""generic monster filler"", ""lore rewrites""]}"
"MG-F07-E-C01-M02","Elite: Collect the Black-Iron Gate Dock: Name at the Gate","MG-FACTION-007","","1","1","MG-MAP-006","{""loop"": [""Explore"", ""Encounter"", ""1 Deity vs. Multiple Enemies"", ""Victory"", ""Rewards"", ""Upgrade Deity"", ""Explore Further""], ""forbidden"": [""squad combat"", ""team formations"", ""multiple player-controlled Avatars"", ""ally positioning"", ""team turns""], ""readableRule"": ""Legacy schema label says Deity, current fiction label says Deity: exactly one playable god or goddess is controlled in standard battle."", ""playerControlledAvatars"": 1}","{""enabled"": true, ""homeFactionId"": ""MG-FACTION-007"", ""homeFactionName"": ""Infernal Dominion"", ""eligiblePoolIds"": [""MG-CROSS-RUN-IN-001"", ""MG-CROSS-RUN-IN-002"", ""MG-CROSS-RUN-IN-003"", ""MG-CROSS-RUN-IN-004"", ""MG-CROSS-RUN-IN-005"", ""MG-CROSS-RUN-IN-006""], ""recommendedPoolIds"": [""MG-CROSS-RUN-IN-004"", ""MG-CROSS-RUN-IN-005""], ""rule"": ""Run-ins must have a lore-valid reason: border conflict, Gate pressure, pursuit, oath, contract, trial, defense, corruption response, or event escalation. Never generic faction mixing."", ""oneAvatarVsManyUse"": ""Run-ins add enemy role pressure around the lone Avatar without creating ally units or squad play.""}","{""sourceFactionId"": ""MG-FACTION-007"", ""sourceFactionName"": ""Infernal Dominion"", ""sourceRealm"": ""The Infernal Dominion"", ""sourceCultureRule"": ""source culture humans later copied as hell, demonology, and infernal contract lore"", ""preserve"": [""established faction identity"", ""Mythos Gates mythology"", ""Gates and Codex systems"", ""one player-controlled Avatar combat"", ""mobile UE5 zone structure""], ""forbid"": [""replacement factions"", ""generic corridor dungeon conversion"", ""PC-first combat assumptions"", ""generic monster filler"", ""lore rewrites""]}"
"MG-F07-E-C01-M03","Elite: Bind the Ash-Velvet Bargain Market: Forward Claim","MG-FACTION-007","","1","1","MG-MAP-006","{""loop"": [""Explore"", ""Encounter"", ""1 Deity vs. Multiple Enemies"", ""Victory"", ""Rewards"", ""Upgrade Deity"", ""Explore Further""], ""forbidden"": [""squad combat"", ""team formations"", ""multiple player-controlled Avatars"", ""ally positioning"", ""team turns""], ""readableRule"": ""Legacy schema label says Deity, current fiction label says Deity: exactly one playable god or goddess is controlled in standard battle."", ""playerControlledAvatars"": 1}","{""enabled"": true, ""homeFactionId"": ""MG-FACTION-007"", ""homeFactionName"": ""Infernal Dominion"", ""eligiblePoolIds"": [""MG-CROSS-RUN-IN-001"", ""MG-CROSS-RUN-IN-002"", ""MG-CROSS-RUN-IN-003"", ""MG-CROSS-RUN-IN-004"", ""MG-CROSS-RUN-IN-005"", ""MG-CROSS-RUN-IN-006""], ""recommendedPoolIds"": [""MG-CROSS-RUN-IN-005"", ""MG-CROSS-RUN-IN-006""], ""rule"": ""Run-ins must have a lore-valid reason: border conflict, Gate pressure, pursuit, oath, contract, trial, defense, corruption response, or event escalation. Never generic faction mixing."", ""oneAvatarVsManyUse"": ""Run-ins add enemy role pressure around the lone Avatar without creating ally units or squad play.""}","{""sourceFactionId"": ""MG-FACTION-007"", ""sourceFactionName"": ""Infernal Dominion"", ""sourceRealm"": ""The Infernal Dominion"", ""sourceCultureRule"": ""source culture humans later copied as hell, demonology, and infernal contract lore"", ""preserve"": [""established faction identity"", ""Mythos Gates mythology"", ""Gates and Codex systems"", ""one player-controlled Avatar combat"", ""mobile UE5 zone structure""], ""forbid"": [""replacement factions"", ""generic corridor dungeon conversion"", ""PC-first combat assumptions"", ""generic monster filler"", ""lore rewrites""]}"
"MG-F07-E-C01-M04","Elite: Execute the Ash-Velvet Bargain Market: Outer Line","MG-FACTION-007","","1","1","MG-MAP-006","{""loop"": [""Explore"", ""Encounter"", ""1 Deity vs. Multiple Enemies"", ""Victory"", ""Rewards"", ""Upgrade Deity"", ""Explore Further""], ""forbidden"": [""squad combat"", ""team formations"", ""multiple player-controlled Avatars"", ""ally positioning"", ""team turns""], ""readableRule"": ""Legacy schema label says Deity, current fiction label says Deity: exactly one playable god or goddess is controlled in standard battle."", ""playerControlledAvatars"": 1}","{""enabled"": true, ""homeFactionId"": ""MG-FACTION-007"", ""homeFactionName"": ""Infernal Dominion"", ""eligiblePoolIds"": [""MG-CROSS-RUN-IN-001"", ""MG-CROSS-RUN-IN-002"", ""MG-CROSS-RUN-IN-003"", ""MG-CROSS-RUN-IN-004"", ""MG-CROSS-RUN-IN-005"", ""MG-CROSS-RUN-IN-006""], ""recommendedPoolIds"": [""MG-CROSS-RUN-IN-006"", ""MG-CROSS-RUN-IN-001""], ""rule"": ""Run-ins must have a lore-valid reason: border conflict, Gate pressure, pursuit, oath, contract, trial, defense, corruption response, or event escalation. Never generic faction mixing."", ""oneAvatarVsManyUse"": ""Run-ins add enemy role pressure around the lone Avatar without creating ally units or squad play.""}","{""sourceFactionId"": ""MG-FACTION-007"", ""sourceFactionName"": ""Infernal Dominion"", ""sourceRealm"": ""The Infernal Dominion"", ""sourceCultureRule"": ""source culture humans later copied as hell, demonology, and infernal contract lore"", ""preserve"": [""established faction identity"", ""Mythos Gates mythology"", ""Gates and Codex systems"", ""one player-controlled Avatar combat"", ""mobile UE5 zone structure""], ""forbid"": [""replacement factions"", ""generic corridor dungeon conversion"", ""PC-first combat assumptions"", ""generic monster filler"", ""lore rewrites""]}"
"MG-F07-E-C02-M05","Elite: Bargain the Ash-Velvet Bargain Market: Pressure Break","MG-FACTION-007","","1","1","MG-MAP-006","{""loop"": [""Explore"", ""Encounter"", ""1 Deity vs. Multiple Enemies"", ""Victory"", ""Rewards"", ""Upgrade Deity"", ""Explore Further""], ""forbidden"": [""squad combat"", ""team formations"", ""multiple player-controlled Avatars"", ""ally positioning"", ""team turns""], ""readableRule"": ""Legacy schema label says Deity, current fiction label says Deity: exactly one playable god or goddess is controlled in standard battle."", ""playerControlledAvatars"": 1}","{""enabled"": true, ""homeFactionId"": ""MG-FACTION-007"", ""homeFactionName"": ""Infernal Dominion"", ""eligiblePoolIds"": [""MG-CROSS-RUN-IN-001"", ""MG-CROSS-RUN-IN-002"", ""MG-CROSS-RUN-IN-003"", ""MG-CROSS-RUN-IN-004"", ""MG-CROSS-RUN-IN-005"", ""MG-CROSS-RUN-IN-006""], ""recommendedPoolIds"": [""MG-CROSS-RUN-IN-002"", ""MG-CROSS-RUN-IN-003""], ""rule"": ""Run-ins must have a lore-valid reason: border conflict, Gate pressure, pursuit, oath, contract, trial, defense, corruption response, or event escalation. Never generic faction mixing."", ""oneAvatarVsManyUse"": ""Run-ins add enemy role pressure around the lone Avatar without creating ally units or squad play.""}","{""sourceFactionId"": ""MG-FACTION-007"", ""sourceFactionName"": ""Infernal Dominion"", ""sourceRealm"": ""The Infernal Dominion"", ""sourceCultureRule"": ""source culture humans later copied as hell, demonology, and infernal contract lore"", ""preserve"": [""established faction identity"", ""Mythos Gates mythology"", ""Gates and Codex systems"", ""one player-controlled Avatar combat"", ""mobile UE5 zone structure""], ""forbid"": [""replacement factions"", ""generic corridor dungeon conversion"", ""PC-first combat assumptions"", ""generic monster filler"", ""lore rewrites""]}"
"MG-F07-E-C02-M06","Elite: Collect the Contract Circle Gallery: Trial Mechanism","MG-FACTION-007","","1","1","MG-MAP-006","{""loop"": [""Explore"", ""Encounter"", ""1 Deity vs. Multiple Enemies"", ""Victory"", ""Rewards"", ""Upgrade Deity"", ""Explore Further""], ""forbidden"": [""squad combat"", ""team formations"", ""multiple player-controlled Avatars"", ""ally positioning"", ""team turns""], ""readableRule"": ""Legacy schema label says Deity, current fiction label says Deity: exactly one playable god or goddess is controlled in standard battle."", ""playerControlledAvatars"": 1}","{""enabled"": true, ""homeFactionId"": ""MG-FACTION-007"", ""homeFactionName"": ""Infernal Dominion"", ""eligiblePoolIds"": [""MG-CROSS-RUN-IN-001"", ""MG-CROSS-RUN-IN-002"", ""MG-CROSS-RUN-IN-003"", ""MG-CROSS-RUN-IN-004"", ""MG-CROSS-RUN-IN-005"", ""MG-CROSS-RUN-IN-006""], ""recommendedPoolIds"": [""MG-CROSS-RUN-IN-003"", ""MG-CROSS-RUN-IN-004""], ""rule"": ""Run-ins must have a lore-valid reason: border conflict, Gate pressure, pursuit, oath, contract, trial, defense, corruption response, or event escalation. Never generic faction mixing."", ""oneAvatarVsManyUse"": ""Run-ins add enemy role pressure around the lone Avatar without creating ally units or squad play.""}","{""sourceFactionId"": ""MG-FACTION-007"", ""sourceFactionName"": ""Infernal Dominion"", ""sourceRealm"": ""The Infernal Dominion"", ""sourceCultureRule"": ""source culture humans later copied as hell, demonology, and infernal contract lore"", ""preserve"": [""established faction identity"", ""Mythos Gates mythology"", ""Gates and Codex systems"", ""one player-controlled Avatar combat"", ""mobile UE5 zone structure""], ""forbid"": [""replacement factions"", ""generic corridor dungeon conversion"", ""PC-first combat assumptions"", ""generic monster filler"", ""lore rewrites""]}"
"MG-F07-E-C02-M07","Elite: Bind the Contract Circle Gallery: Hazard Reading","MG-FACTION-007","","1","1","MG-MAP-006","{""loop"": [""Explore"", ""Encounter"", ""1 Deity vs. Multiple Enemies"", ""Victory"", ""Rewards"", ""Upgrade Deity"", ""Explore Further""], ""forbidden"": [""squad combat"", ""team formations"", ""multiple player-controlled Avatars"", ""ally positioning"", ""team turns""], ""readableRule"": ""Legacy schema label says Deity, current fiction label says Deity: exactly one playable god or goddess is controlled in standard battle."", ""playerControlledAvatars"": 1}","{""enabled"": true, ""homeFactionId"": ""MG-FACTION-007"", ""homeFactionName"": ""Infernal Dominion"", ""eligiblePoolIds"": [""MG-CROSS-RUN-IN-001"", ""MG-CROSS-RUN-IN-002"", ""MG-CROSS-RUN-IN-003"", ""MG-CROSS-RUN-IN-004"", ""MG-CROSS-RUN-IN-005"", ""MG-CROSS-RUN-IN-006""], ""recommendedPoolIds"": [""MG-CROSS-RUN-IN-004"", ""MG-CROSS-RUN-IN-005""], ""rule"": ""Run-ins must have a lore-valid reason: border conflict, Gate pressure, pursuit, oath, contract, trial, defense, corruption response, or event escalation. Never generic faction mixing."", ""oneAvatarVsManyUse"": ""Run-ins add enemy role pressure around the lone Avatar without creating ally units or squad play.""}","{""sourceFactionId"": ""MG-FACTION-007"", ""sourceFactionName"": ""Infernal Dominion"", ""sourceRealm"": ""The Infernal Dominion"", ""sourceCultureRule"": ""source culture humans later copied as hell, demonology, and infernal contract lore"", ""preserve"": [""established faction identity"", ""Mythos Gates mythology"", ""Gates and Codex systems"", ""one player-controlled Avatar combat"", ""mobile UE5 zone structure""], ""forbid"": [""replacement factions"", ""generic corridor dungeon conversion"", ""PC-first combat assumptions"", ""generic monster filler"", ""lore rewrites""]}"
"MG-F07-E-C02-M08","Elite: Execute the Contract Circle Gallery: Lughching Law","MG-FACTION-007","","1","1","MG-MAP-006","{""loop"": [""Explore"", ""Encounter"", ""1 Deity vs. Multiple Enemies"", ""Victory"", ""Rewards"", ""Upgrade Deity"", ""Explore Further""], ""forbidden"": [""squad combat"", ""team formations"", ""multiple player-controlled Avatars"", ""ally positioning"", ""team turns""], ""readableRule"": ""Legacy schema label says Deity, current fiction label says Deity: exactly one playable god or goddess is controlled in standard battle."", ""playerControlledAvatars"": 1}","{""enabled"": true, ""homeFactionId"": ""MG-FACTION-007"", ""homeFactionName"": ""Infernal Dominion"", ""eligiblePoolIds"": [""MG-CROSS-RUN-IN-001"", ""MG-CROSS-RUN-IN-002"", ""MG-CROSS-RUN-IN-003"", ""MG-CROSS-RUN-IN-004"", ""MG-CROSS-RUN-IN-005"", ""MG-CROSS-RUN-IN-006""], ""recommendedPoolIds"": [""MG-CROSS-RUN-IN-005"", ""MG-CROSS-RUN-IN-006""], ""rule"": ""Run-ins must have a lore-valid reason: border conflict, Gate pressure, pursuit, oath, contract, trial, defense, corruption response, or event escalation. Never generic faction mixing."", ""oneAvatarVsManyUse"": ""Run-ins add enemy role pressure around the lone Avatar without creating ally units or squad play.""}","{""sourceFactionId"": ""MG-FACTION-007"", ""sourceFactionName"": ""Infernal Dominion"", ""sourceRealm"": ""The Infernal Dominion"", ""sourceCultureRule"": ""source culture humans later copied as hell, demonology, and infernal contract lore"", ""preserve"": [""established faction identity"", ""Mythos Gates mythology"", ""Gates and Codex systems"", ""one player-controlled Avatar combat"", ""mobile UE5 zone structure""], ""forbid"": [""replacement factions"", ""generic corridor dungeon conversion"", ""PC-first combat assumptions"", ""generic monster filler"", ""lore rewrites""]}"
"MG-F07-E-C03-M09","Elite: Bargain the Chain-Tithe Causeway: Key Verdict","MG-FACTION-007","","1","1","MG-MAP-006","{""loop"": [""Explore"", ""Encounter"", ""1 Deity vs. Multiple Enemies"", ""Victory"", ""Rewards"", ""Upgrade Deity"", ""Explore Further""], ""forbidden"": [""squad combat"", ""team formations"", ""multiple player-controlled Avatars"", ""ally positioning"", ""team turns""], ""readableRule"": ""Legacy schema label says Deity, current fiction label says Deity: exactly one playable god or goddess is controlled in standard battle."", ""playerControlledAvatars"": 1}","{""enabled"": true, ""homeFactionId"": ""MG-FACTION-007"", ""homeFactionName"": ""Infernal Dominion"", ""eligiblePoolIds"": [""MG-CROSS-RUN-IN-001"", ""MG-CROSS-RUN-IN-002"", ""MG-CROSS-RUN-IN-003"", ""MG-CROSS-RUN-IN-004"", ""MG-CROSS-RUN-IN-005"", ""MG-CROSS-RUN-IN-006""], ""recommendedPoolIds"": [""MG-CROSS-RUN-IN-001"", ""MG-CROSS-RUN-IN-002""], ""rule"": ""Run-ins must have a lore-valid reason: border conflict, Gate pressure, pursuit, oath, contract, trial, defense, corruption response, or event escalation. Never generic faction mixing."", ""oneAvatarVsManyUse"": ""Run-ins add enemy role pressure around the lone Avatar without creating ally units or squad play.""}","{""sourceFactionId"": ""MG-FACTION-007"", ""sourceFactionName"": ""Infernal Dominion"", ""sourceRealm"": ""The Infernal Dominion"", ""sourceCultureRule"": ""source culture humans later copied as hell, demonology, and infernal contract lore"", ""preserve"": [""established faction identity"", ""Mythos Gates mythology"", ""Gates and Codex systems"", ""one player-controlled Avatar combat"", ""mobile UE5 zone structure""], ""forbid"": [""replacement factions"", ""generic corridor dungeon conversion"", ""PC-first combat assumptions"", ""generic monster filler"", ""lore rewrites""]}"
"MG-F07-E-C03-M10","Elite: Collect the Chain-Tithe Causeway: Elite Lock","MG-FACTION-007","","1","1","MG-MAP-006","{""loop"": [""Explore"", ""Encounter"", ""1 Deity vs. Multiple Enemies"", ""Victory"", ""Rewards"", ""Upgrade Deity"", ""Explore Further""], ""forbidden"": [""squad combat"", ""team formations"", ""multiple player-controlled Avatars"", ""ally positioning"", ""team turns""], ""readableRule"": ""Legacy schema label says Deity, current fiction label says Deity: exactly one playable god or goddess is controlled in standard battle."", ""playerControlledAvatars"": 1}","{""enabled"": true, ""homeFactionId"": ""MG-FACTION-007"", ""homeFactionName"": ""Infernal Dominion"", ""eligiblePoolIds"": [""MG-CROSS-RUN-IN-001"", ""MG-CROSS-RUN-IN-002"", ""MG-CROSS-RUN-IN-003"", ""MG-CROSS-RUN-IN-004"", ""MG-CROSS-RUN-IN-005"", ""MG-CROSS-RUN-IN-006""], ""recommendedPoolIds"": [""MG-CROSS-RUN-IN-002"", ""MG-CROSS-RUN-IN-003""], ""rule"": ""Run-ins must have a lore-valid reason: border conflict, Gate pressure, pursuit, oath, contract, trial, defense, corruption response, or event escalation. Never generic faction mixing."", ""oneAvatarVsManyUse"": ""Run-ins add enemy role pressure around the lone Avatar without creating ally units or squad play.""}","{""sourceFactionId"": ""MG-FACTION-007"", ""sourceFactionName"": ""Infernal Dominion"", ""sourceRealm"": ""The Infernal Dominion"", ""sourceCultureRule"": ""source culture humans later copied as hell, demonology, and infernal contract lore"", ""preserve"": [""established faction identity"", ""Mythos Gates mythology"", ""Gates and Codex systems"", ""one player-controlled Avatar combat"", ""mobile UE5 zone structure""], ""forbid"": [""replacement factions"", ""generic corridor dungeon conversion"", ""PC-first combat assumptions"", ""generic monster filler"", ""lore rewrites""]}"
"MG-F07-E-C03-M11","Elite: Bind the Chain-Tithe Causeway: Warden Duel","MG-FACTION-007","","1","1","MG-MAP-006","{""loop"": [""Explore"", ""Encounter"", ""1 Deity vs. Multiple Enemies"", ""Victory"", ""Rewards"", ""Upgrade Deity"", ""Explore Further""], ""forbidden"": [""squad combat"", ""team formations"", ""multiple player-controlled Avatars"", ""ally positioning"", ""team turns""], ""readableRule"": ""Legacy schema label says Deity, current fiction label says Deity: exactly one playable god or goddess is controlled in standard battle."", ""playerControlledAvatars"": 1}","{""enabled"": true, ""homeFactionId"": ""MG-FACTION-007"", ""homeFactionName"": ""Infernal Dominion"", ""eligiblePoolIds"": [""MG-CROSS-RUN-IN-001"", ""MG-CROSS-RUN-IN-002"", ""MG-CROSS-RUN-IN-003"", ""MG-CROSS-RUN-IN-004"", ""MG-CROSS-RUN-IN-005"", ""MG-CROSS-RUN-IN-006""], ""recommendedPoolIds"": [""MG-CROSS-RUN-IN-003"", ""MG-CROSS-RUN-IN-004""], ""rule"": ""Run-ins must have a lore-valid reason: border conflict, Gate pressure, pursuit, oath, contract, trial, defense, corruption response, or event escalation. Never generic faction mixing."", ""oneAvatarVsManyUse"": ""Run-ins add enemy role pressure around the lone Avatar without creating ally units or squad play.""}","{""sourceFactionId"": ""MG-FACTION-007"", ""sourceFactionName"": ""Infernal Dominion"", ""sourceRealm"": ""The Infernal Dominion"", ""sourceCultureRule"": ""source culture humans later copied as hell, demonology, and infernal contract lore"", ""preserve"": [""established faction identity"", ""Mythos Gates mythology"", ""Gates and Codex systems"", ""one player-controlled Avatar combat"", ""mobile UE5 zone structure""], ""forbid"": [""replacement factions"", ""generic corridor dungeon conversion"", ""PC-first combat assumptions"", ""generic monster filler"", ""lore rewrites""]}"
"MG-F07-E-C03-M12","Elite: Execute the Volcanic Glass Throne Steps: Lore Price","MG-FACTION-007","","1","1","MG-MAP-006","{""loop"": [""Explore"", ""Encounter"", ""1 Deity vs. Multiple Enemies"", ""Victory"", ""Rewards"", ""Upgrade Deity"", ""Explore Further""], ""forbidden"": [""squad combat"", ""team formations"", ""multiple player-controlled Avatars"", ""ally positioning"", ""team turns""], ""readableRule"": ""Legacy schema label says Deity, current fiction label says Deity: exactly one playable god or goddess is controlled in standard battle."", ""playerControlledAvatars"": 1}","{""enabled"": true, ""homeFactionId"": ""MG-FACTION-007"", ""homeFactionName"": ""Infernal Dominion"", ""eligiblePoolIds"": [""MG-CROSS-RUN-IN-001"", ""MG-CROSS-RUN-IN-002"", ""MG-CROSS-RUN-IN-003"", ""MG-CROSS-RUN-IN-004"", ""MG-CROSS-RUN-IN-005"", ""MG-CROSS-RUN-IN-006""], ""recommendedPoolIds"": [""MG-CROSS-RUN-IN-004"", ""MG-CROSS-RUN-IN-005""], ""rule"": ""Run-ins must have a lore-valid reason: border conflict, Gate pressure, pursuit, oath, contract, trial, defense, corruption response, or event escalation. Never generic faction mixing."", ""oneAvatarVsManyUse"": ""Run-ins add enemy role pressure around the lone Avatar without creating ally units or squad play.""}","{""sourceFactionId"": ""MG-FACTION-007"", ""sourceFactionName"": ""Infernal Dominion"", ""sourceRealm"": ""The Infernal Dominion"", ""sourceCultureRule"": ""source culture humans later copied as hell, demonology, and infernal contract lore"", ""preserve"": [""established faction identity"", ""Mythos Gates mythology"", ""Gates and Codex systems"", ""one player-controlled Avatar combat"", ""mobile UE5 zone structure""], ""forbid"": [""replacement factions"", ""generic corridor dungeon conversion"", ""PC-first combat assumptions"", ""generic monster filler"", ""lore rewrites""]}"
"MG-F07-E-C04-M13","Elite: Bargain the Volcanic Glass Throne Steps: Relic Detour","MG-FACTION-007","","1","1","MG-MAP-006","{""loop"": [""Explore"", ""Encounter"", ""1 Deity vs. Multiple Enemies"", ""Victory"", ""Rewards"", ""Upgrade Deity"", ""Explore Further""], ""forbidden"": [""squad combat"", ""team formations"", ""multiple player-controlled Avatars"", ""ally positioning"", ""team turns""], ""readableRule"": ""Legacy schema label says Deity, current fiction label says Deity: exactly one playable god or goddess is controlled in standard battle."", ""playerControlledAvatars"": 1}","{""enabled"": true, ""homeFactionId"": ""MG-FACTION-007"", ""homeFactionName"": ""Infernal Dominion"", ""eligiblePoolIds"": [""MG-CROSS-RUN-IN-001"", ""MG-CROSS-RUN-IN-002"", ""MG-CROSS-RUN-IN-003"", ""MG-CROSS-RUN-IN-004"", ""MG-CROSS-RUN-IN-005"", ""MG-CROSS-RUN-IN-006""], ""recommendedPoolIds"": [""MG-CROSS-RUN-IN-006"", ""MG-CROSS-RUN-IN-001""], ""rule"": ""Run-ins must have a lore-valid reason: border conflict, Gate pressure, pursuit, oath, contract, trial, defense, corruption response, or event escalation. Never generic faction mixing."", ""oneAvatarVsManyUse"": ""Run-ins add enemy role pressure around the lone Avatar without creating ally units or squad play.""}","{""sourceFactionId"": ""MG-FACTION-007"", ""sourceFactionName"": ""Infernal Dominion"", ""sourceRealm"": ""The Infernal Dominion"", ""sourceCultureRule"": ""source culture humans later copied as hell, demonology, and infernal contract lore"", ""preserve"": [""established faction identity"", ""Mythos Gates mythology"", ""Gates and Codex systems"", ""one player-controlled Avatar combat"", ""mobile UE5 zone structure""], ""forbid"": [""replacement factions"", ""generic corridor dungeon conversion"", ""PC-first combat assumptions"", ""generic monster filler"", ""lore rewrites""]}"
"MG-F07-E-C04-M14","Elite: Collect the Volcanic Glass Throne Steps: Hidden Cache","MG-FACTION-007","","1","1","MG-MAP-006","{""loop"": [""Explore"", ""Encounter"", ""1 Deity vs. Multiple Enemies"", ""Victory"", ""Rewards"", ""Upgrade Deity"", ""Explore Further""], ""forbidden"": [""squad combat"", ""team formations"", ""multiple player-controlled Avatars"", ""ally positioning"", ""team turns""], ""readableRule"": ""Legacy schema label says Deity, current fiction label says Deity: exactly one playable god or goddess is controlled in standard battle."", ""playerControlledAvatars"": 1}","{""enabled"": true, ""homeFactionId"": ""MG-FACTION-007"", ""homeFactionName"": ""Infernal Dominion"", ""eligiblePoolIds"": [""MG-CROSS-RUN-IN-001"", ""MG-CROSS-RUN-IN-002"", ""MG-CROSS-RUN-IN-003"", ""MG-CROSS-RUN-IN-004"", ""MG-CROSS-RUN-IN-005"", ""MG-CROSS-RUN-IN-006""], ""recommendedPoolIds"": [""MG-CROSS-RUN-IN-001"", ""MG-CROSS-RUN-IN-002""], ""rule"": ""Run-ins must have a lore-valid reason: border conflict, Gate pressure, pursuit, oath, contract, trial, defense, corruption response, or event escalation. Never generic faction mixing."", ""oneAvatarVsManyUse"": ""Run-ins add enemy role pressure around the lone Avatar without creating ally units or squad play.""}","{""sourceFactionId"": ""MG-FACTION-007"", ""sourceFactionName"": ""Infernal Dominion"", ""sourceRealm"": ""The Infernal Dominion"", ""sourceCultureRule"": ""source culture humans later copied as hell, demonology, and infernal contract lore"", ""preserve"": [""established faction identity"", ""Mythos Gates mythology"", ""Gates and Codex systems"", ""one player-controlled Avatar combat"", ""mobile UE5 zone structure""], ""forbid"": [""replacement factions"", ""generic corridor dungeon conversion"", ""PC-first combat assumptions"", ""generic monster filler"", ""lore rewrites""]}"
"MG-F07-E-C04-M15","Elite: Bind the Debt Furnace Treasury: Boss Threshold","MG-FACTION-007","","1","1","MG-MAP-006","{""loop"": [""Explore"", ""Encounter"", ""1 Deity vs. Multiple Enemies"", ""Victory"", ""Rewards"", ""Upgrade Deity"", ""Explore Further""], ""forbidden"": [""squad combat"", ""team formations"", ""multiple player-controlled Avatars"", ""ally positioning"", ""team turns""], ""readableRule"": ""Legacy schema label says Deity, current fiction label says Deity: exactly one playable god or goddess is controlled in standard battle."", ""playerControlledAvatars"": 1}","{""enabled"": true, ""homeFactionId"": ""MG-FACTION-007"", ""homeFactionName"": ""Infernal Dominion"", ""eligiblePoolIds"": [""MG-CROSS-RUN-IN-001"", ""MG-CROSS-RUN-IN-002"", ""MG-CROSS-RUN-IN-003"", ""MG-CROSS-RUN-IN-004"", ""MG-CROSS-RUN-IN-005"", ""MG-CROSS-RUN-IN-006""], ""recommendedPoolIds"": [""MG-CROSS-RUN-IN-002"", ""MG-CROSS-RUN-IN-003""], ""rule"": ""Run-ins must have a lore-valid reason: border conflict, Gate pressure, pursuit, oath, contract, trial, defense, corruption response, or event escalation. Never generic faction mixing."", ""oneAvatarVsManyUse"": ""Run-ins add enemy role pressure around the lone Avatar without creating ally units or squad play.""}","{""sourceFactionId"": ""MG-FACTION-007"", ""sourceFactionName"": ""Infernal Dominion"", ""sourceRealm"": ""The Infernal Dominion"", ""sourceCultureRule"": ""source culture humans later copied as hell, demonology, and infernal contract lore"", ""preserve"": [""established faction identity"", ""Mythos Gates mythology"", ""Gates and Codex systems"", ""one player-controlled Avatar combat"", ""mobile UE5 zone structure""], ""forbid"": [""replacement factions"", ""generic corridor dungeon conversion"", ""PC-first combat assumptions"", ""generic monster filler"", ""lore rewrites""]}"
"MG-F07-E-C04-M16","Elite: Execute the Debt Furnace Treasury: Final Approach","MG-FACTION-007","","1","1","MG-MAP-006","{""loop"": [""Explore"", ""Encounter"", ""1 Deity vs. Multiple Enemies"", ""Victory"", ""Rewards"", ""Upgrade Deity"", ""Explore Further""], ""forbidden"": [""squad combat"", ""team formations"", ""multiple player-controlled Avatars"", ""ally positioning"", ""team turns""], ""readableRule"": ""Legacy schema label says Deity, current fiction label says Deity: exactly one playable god or goddess is controlled in standard battle."", ""playerControlledAvatars"": 1}","{""enabled"": true, ""homeFactionId"": ""MG-FACTION-007"", ""homeFactionName"": ""Infernal Dominion"", ""eligiblePoolIds"": [""MG-CROSS-RUN-IN-001"", ""MG-CROSS-RUN-IN-002"", ""MG-CROSS-RUN-IN-003"", ""MG-CROSS-RUN-IN-004"", ""MG-CROSS-RUN-IN-005"", ""MG-CROSS-RUN-IN-006""], ""recommendedPoolIds"": [""MG-CROSS-RUN-IN-003"", ""MG-CROSS-RUN-IN-004""], ""rule"": ""Run-ins must have a lore-valid reason: border conflict, Gate pressure, pursuit, oath, contract, trial, defense, corruption response, or event escalation. Never generic faction mixing."", ""oneAvatarVsManyUse"": ""Run-ins add enemy role pressure around the lone Avatar without creating ally units or squad play.""}","{""sourceFactionId"": ""MG-FACTION-007"", ""sourceFactionName"": ""Infernal Dominion"", ""sourceRealm"": ""The Infernal Dominion"", ""sourceCultureRule"": ""source culture humans later copied as hell, demonology, and infernal contract lore"", ""preserve"": [""established faction identity"", ""Mythos Gates mythology"", ""Gates and Codex systems"", ""one player-controlled Avatar combat"", ""mobile UE5 zone structure""], ""forbid"": [""replacement factions"", ""generic corridor dungeon conversion"", ""PC-first combat assumptions"", ""generic monster filler"", ""lore rewrites""]}"
"MG-F07-E-C05-M17","Elite: Bargain the Debt Furnace Treasury: Antechamber Seal","MG-FACTION-007","","1","1","MG-MAP-006","{""loop"": [""Explore"", ""Encounter"", ""1 Deity vs. Multiple Enemies"", ""Victory"", ""Rewards"", ""Upgrade Deity"", ""Explore Further""], ""forbidden"": [""squad combat"", ""team formations"", ""multiple player-controlled Avatars"", ""ally positioning"", ""team turns""], ""readableRule"": ""Legacy schema label says Deity, current fiction label says Deity: exactly one playable god or goddess is controlled in standard battle."", ""playerControlledAvatars"": 1}","{""enabled"": true, ""homeFactionId"": ""MG-FACTION-007"", ""homeFactionName"": ""Infernal Dominion"", ""eligiblePoolIds"": [""MG-CROSS-RUN-IN-001"", ""MG-CROSS-RUN-IN-002"", ""MG-CROSS-RUN-IN-003"", ""MG-CROSS-RUN-IN-004"", ""MG-CROSS-RUN-IN-005"", ""MG-CROSS-RUN-IN-006""], ""recommendedPoolIds"": [""MG-CROSS-RUN-IN-005"", ""MG-CROSS-RUN-IN-006""], ""rule"": ""Run-ins must have a lore-valid reason: border conflict, Gate pressure, pursuit, oath, contract, trial, defense, corruption response, or event escalation. Never generic faction mixing."", ""oneAvatarVsManyUse"": ""Run-ins add enemy role pressure around the lone Avatar without creating ally units or squad play.""}","{""sourceFactionId"": ""MG-FACTION-007"", ""sourceFactionName"": ""Infernal Dominion"", ""sourceRealm"": ""The Infernal Dominion"", ""sourceCultureRule"": ""source culture humans later copied as hell, demonology, and infernal contract lore"", ""preserve"": [""established faction identity"", ""Mythos Gates mythology"", ""Gates and Codex systems"", ""one player-controlled Avatar combat"", ""mobile UE5 zone structure""], ""forbid"": [""replacement factions"", ""generic corridor dungeon conversion"", ""PC-first combat assumptions"", ""generic monster filler"", ""lore rewrites""]}"
"MG-F07-E-C05-M18","Elite: Collect the Magistrate Verdict Court: Ascension Seal","MG-FACTION-007","","1","1","MG-MAP-006","{""loop"": [""Explore"", ""Encounter"", ""1 Deity vs. Multiple Enemies"", ""Victory"", ""Rewards"", ""Upgrade Deity"", ""Explore Further""], ""forbidden"": [""squad combat"", ""team formations"", ""multiple player-controlled Avatars"", ""ally positioning"", ""team turns""], ""readableRule"": ""Legacy schema label says Deity, current fiction label says Deity: exactly one playable god or goddess is controlled in standard battle."", ""playerControlledAvatars"": 1}","{""enabled"": true, ""homeFactionId"": ""MG-FACTION-007"", ""homeFactionName"": ""Infernal Dominion"", ""eligiblePoolIds"": [""MG-CROSS-RUN-IN-001"", ""MG-CROSS-RUN-IN-002"", ""MG-CROSS-RUN-IN-003"", ""MG-CROSS-RUN-IN-004"", ""MG-CROSS-RUN-IN-005"", ""MG-CROSS-RUN-IN-006""], ""recommendedPoolIds"": [""MG-CROSS-RUN-IN-006"", ""MG-CROSS-RUN-IN-001""], ""rule"": ""Run-ins must have a lore-valid reason: border conflict, Gate pressure, pursuit, oath, contract, trial, defense, corruption response, or event escalation. Never generic faction mixing."", ""oneAvatarVsManyUse"": ""Run-ins add enemy role pressure around the lone Avatar without creating ally units or squad play.""}","{""sourceFactionId"": ""MG-FACTION-007"", ""sourceFactionName"": ""Infernal Dominion"", ""sourceRealm"": ""The Infernal Dominion"", ""sourceCultureRule"": ""source culture humans later copied as hell, demonology, and infernal contract lore"", ""preserve"": [""established faction identity"", ""Mythos Gates mythology"", ""Gates and Codex systems"", ""one player-controlled Avatar combat"", ""mobile UE5 zone structure""], ""forbid"": [""replacement factions"", ""generic corridor dungeon conversion"", ""PC-first combat assumptions"", ""generic monster filler"", ""lore rewrites""]}"
"MG-F07-E-C05-M19","Elite: Bind the Magistrate Verdict Court: Boss Chamber","MG-FACTION-007","","1","1","MG-MAP-006","{""loop"": [""Explore"", ""Encounter"", ""1 Deity vs. Multiple Enemies"", ""Victory"", ""Rewards"", ""Upgrade Deity"", ""Explore Further""], ""forbidden"": [""squad combat"", ""team formations"", ""multiple player-controlled Avatars"", ""ally positioning"", ""team turns""], ""readableRule"": ""Legacy schema label says Deity, current fiction label says Deity: exactly one playable god or goddess is controlled in standard battle."", ""playerControlledAvatars"": 1}","{""enabled"": true, ""homeFactionId"": ""MG-FACTION-007"", ""homeFactionName"": ""Infernal Dominion"", ""eligiblePoolIds"": [""MG-CROSS-RUN-IN-001"", ""MG-CROSS-RUN-IN-002"", ""MG-CROSS-RUN-IN-003"", ""MG-CROSS-RUN-IN-004"", ""MG-CROSS-RUN-IN-005"", ""MG-CROSS-RUN-IN-006""], ""recommendedPoolIds"": [""MG-CROSS-RUN-IN-001"", ""MG-CROSS-RUN-IN-002""], ""rule"": ""Run-ins must have a lore-valid reason: border conflict, Gate pressure, pursuit, oath, contract, trial, defense, corruption response, or event escalation. Never generic faction mixing."", ""oneAvatarVsManyUse"": ""Run-ins add enemy role pressure around the lone Avatar without creating ally units or squad play.""}","{""sourceFactionId"": ""MG-FACTION-007"", ""sourceFactionName"": ""Infernal Dominion"", ""sourceRealm"": ""The Infernal Dominion"", ""sourceCultureRule"": ""source culture humans later copied as hell, demonology, and infernal contract lore"", ""preserve"": [""established faction identity"", ""Mythos Gates mythology"", ""Gates and Codex systems"", ""one player-controlled Avatar combat"", ""mobile UE5 zone structure""], ""forbid"": [""replacement factions"", ""generic corridor dungeon conversion"", ""PC-first combat assumptions"", ""generic monster filler"", ""lore rewrites""]}"
"MG-F07-E-C05-M20","Elite: Execute the Magistrate Verdict Court: Gate Verdict","MG-FACTION-007","","1","1","MG-MAP-006","{""loop"": [""Explore"", ""Encounter"", ""1 Deity vs. Multiple Enemies"", ""Victory"", ""Rewards"", ""Upgrade Deity"", ""Explore Further""], ""forbidden"": [""squad combat"", ""team formations"", ""multiple player-controlled Avatars"", ""ally positioning"", ""team turns""], ""readableRule"": ""Legacy schema label says Deity, current fiction label says Deity: exactly one playable god or goddess is controlled in standard battle."", ""playerControlledAvatars"": 1}","{""enabled"": true, ""homeFactionId"": ""MG-FACTION-007"", ""homeFactionName"": ""Infernal Dominion"", ""eligiblePoolIds"": [""MG-CROSS-RUN-IN-001"", ""MG-CROSS-RUN-IN-002"", ""MG-CROSS-RUN-IN-003"", ""MG-CROSS-RUN-IN-004"", ""MG-CROSS-RUN-IN-005"", ""MG-CROSS-RUN-IN-006""], ""recommendedPoolIds"": [""MG-CROSS-RUN-IN-002"", ""MG-CROSS-RUN-IN-003""], ""rule"": ""Run-ins must have a lore-valid reason: border conflict, Gate pressure, pursuit, oath, contract, trial, defense, corruption response, or event escalation. Never generic faction mixing."", ""oneAvatarVsManyUse"": ""Run-ins add enemy role pressure around the lone Avatar without creating ally units or squad play.""}","{""sourceFactionId"": ""MG-FACTION-007"", ""sourceFactionName"": ""Infernal Dominion"", ""sourceRealm"": ""The Infernal Dominion"", ""sourceCultureRule"": ""source culture humans later copied as hell, demonology, and infernal contract lore"", ""preserve"": [""established faction identity"", ""Mythos Gates mythology"", ""Gates and Codex systems"", ""one player-controlled Avatar combat"", ""mobile UE5 zone structure""], ""forbid"": [""replacement factions"", ""generic corridor dungeon conversion"", ""PC-first combat assumptions"", ""generic monster filler"", ""lore rewrites""]}"
